gene	max_five_prime_utr	max_three_prime_utr
Q0140	613	17
Q0144	354	131
YAL001C	197	60
YAL002W	106	57
YAL003W	0	72
YAL004W	929	74
YAL005C	56	156
YAL007C	95	149
YAL008W	58	110
YAL009W	43	104
YAL010C	30	110
YAL011W	181	98
YAL012W	99	101
YAL013W	21	102
YAL014C	42	45
YAL015C	5	7
YAL016C-B	5	293
YAL016W	87	70
YAL017W	368	189
YAL019W	122	71
YAL019W-A	731	0
YAL020C	4	71
YAL021C	43	233
YAL022C	3	43
YAL023C	76	114
YAL024C	321	197
YAL025C	22	194
YAL026C	75	149
YAL026C-A	916	306
YAL028W	39	41
YAL029C	236	88
YAL030W	21	117
YAL031C	39	131
YAL031W-A	80	129
YAL032C	699	125
YAL033W	10	60
YAL034C	616	103
YAL034C-B	837	345
YAL034W-A	18	92
YAL035W	13	127
YAL036C	45	29
YAL037C-A	130	459
YAL037C-B	169	126
YAL037W	172	96
YAL038W	79	166
YAL039C	78	71
YAL040C	200	186
YAL041W	52	60
YAL042C-A	249	20
YAL042W	20	84
YAL043C	10	79
YAL044C	3	83
YAL044W-A	22	113
YAL045C	202	40
YAL046C	19	114
YAL047C	17	50
YAL048C	179	957
YAL049C	516	121
YAL051W	14	152
YAL053W	124	67
YAL054C	239	165
YAL055W	21	80
YAL056W	35	80
YAL058W	70	41
YAL059C-A	437	0
YAL060W	41	101
YAL061W	515	168
YAL062W	171	83
YAL063C	216	82
YAR002C-A	31	70
YAR002W	31	100
YAR003W	74	408
YAR007C	54	50
YAR008W	122	98
YAR009C	405	324
YAR010C	179	736
YAR014C	137	167
YAR015W	105	110
YAR018C	29	129
YAR019C	29	61
YAR020C	753	264
YAR023C	460	48
YAR027W	89	80
YAR028W	120	199
YAR031W	234	169
YAR033W	718	41
YAR035C-A	11	609
YAR035W	31	110
YAR042W	45	161
YAR047C	621	769
YAR050W	0	67
YAR053W	84	90
YAR060C	778	567
YAR064W	183	26
YAR071W	300	51
YBL001C	55	79
YBL002W	112	195
YBL003C	42	175
YBL004W	103	61
YBL005W	55	291
YBL005W-A	358	725
YBL005W-B	39	319
YBL006C	317	176
YBL007C	117	88
YBL008W	66	81
YBL009W	26	120
YBL010C	24	181
YBL011W	84	121
YBL014C	34	112
YBL015W	77	232
YBL016W	66	131
YBL017C	184	75
YBL018C	44	61
YBL019W	32	111
YBL020W	784	88
YBL022C	116	85
YBL023C	127	163
YBL024W	35	112
YBL025W	114	466
YBL026W	61	131
YBL027W	0	91
YBL028C	36	86
YBL029W	163	11
YBL030C	137	209
YBL031W	22	105
YBL032W	78	186
YBL033C	16	68
YBL034C	49	177
YBL035C	66	70
YBL036C	61	148
YBL037W	86	142
YBL038W	59	64
YBL039C	68	102
YBL039C-A	129	522
YBL039W-B	271	121
YBL040C	235	72
YBL041W	40	57
YBL042C	47	166
YBL043W	122	203
YBL045C	202	215
YBL046W	6	112
YBL047C	165	217
YBL048W	453	26
YBL050W	68	63
YBL051C	62	145
YBL052C	225	80
YBL053W	918	757
YBL054W	327	150
YBL055C	626	95
YBL056W	125	250
YBL057C	5	71
YBL058W	22	118
YBL059C-A	21	165
YBL059W	88	44
YBL060W	51	41
YBL061C	91	78
YBL062W	97	558
YBL063W	8	120
YBL064C	20	73
YBL066C	131	333
YBL067C	264	119
YBL068W	65	93
YBL069W	86	82
YBL071C	146	21
YBL071W-A	31	249
YBL072C	23	25
YBL075C	447	65
YBL076C	15	98
YBL077W	0	894
YBL078C	31	166
YBL079W	62	86
YBL080C	53	72
YBL081W	303	81
YBL082C	49	42
YBL083C	992	7
YBL084C	109	139
YBL085W	189	123
YBL086C	96	49
YBL087C	0	99
YBL088C	0	89
YBL089W	193	75
YBL090W	58	104
YBL091C	14	91
YBL091C-A	145	135
YBL092W	7	71
YBL093C	113	148
YBL094C	0	0
YBL095W	157	120
YBL096C	783	50
YBL098W	20	63
YBL099W	309	205
YBL100W-B	123	314
YBL101C	156	142
YBL102W	44	146
YBL103C	252	264
YBL104C	9	27
YBL105C	258	139
YBL106C	477	70
YBL107C	14	129
YBL113C	470	784
YBL113W-A	122	889
YBR001C	44	38
YBR002C	23	120
YBR003W	21	132
YBR004C	11	94
YBR005W	77	152
YBR006W	118	138
YBR007C	67	146
YBR008C	672	45
YBR009C	31	167
YBR010W	17	134
YBR011C	48	114
YBR012C	771	137
YBR012W-A	913	737
YBR012W-B	42	315
YBR013C	313	156
YBR014C	57	112
YBR015C	84	140
YBR016W	34	111
YBR017C	41	106
YBR018C	30	96
YBR019C	683	105
YBR020W	859	45
YBR021W	251	92
YBR022W	75	109
YBR023C	137	131
YBR024W	105	123
YBR025C	119	213
YBR026C	57	117
YBR027C	985	0
YBR028C	88	178
YBR029C	74	44
YBR030W	71	34
YBR031W	48	75
YBR033W	684	85
YBR034C	35	191
YBR035C	19	100
YBR036C	38	197
YBR037C	38	72
YBR038W	37	187
YBR039W	80	182
YBR041W	46	148
YBR042C	56	65
YBR043C	138	109
YBR044C	72	51
YBR045C	975	141
YBR046C	30	45
YBR047W	71	96
YBR048W	0	216
YBR049C	83	238
YBR050C	65	39
YBR051W	844	15
YBR052C	59	59
YBR053C	14	69
YBR054W	308	363
YBR055C	86	101
YBR056W	54	44
YBR056W-A	91	437
YBR057C	99	113
YBR058C	11	31
YBR058C-A	213	137
YBR059C	122	84
YBR060C	78	58
YBR061C	18	159
YBR062C	576	112
YBR063C	837	61
YBR064W	984	493
YBR065C	55	294
YBR066C	165	97
YBR067C	67	124
YBR068C	50	222
YBR069C	97	147
YBR070C	67	45
YBR071W	148	269
YBR072W	150	167
YBR073W	15	64
YBR074W	13	46
YBR076C-A	727	180
YBR076W	121	201
YBR077C	212	220
YBR078W	0	159
YBR079C	13	89
YBR080C	13	147
YBR081C	135	76
YBR082C	107	169
YBR083W	41	91
YBR084C-A	0	69
YBR084W	38	97
YBR085C-A	88	361
YBR085W	131	84
YBR086C	159	124
YBR087W	11	57
YBR088C	49	70
YBR089C-A	27	108
YBR089W	306	13
YBR090C	451	327
YBR091C	37	92
YBR092C	18	52
YBR093C	853	59
YBR094W	42	3
YBR095C	27	92
YBR096W	79	45
YBR097W	45	82
YBR098W	102	161
YBR099C	586	170
YBR101C	691	37
YBR102C	67	105
YBR103C-A	99	401
YBR103W	153	49
YBR104W	79	83
YBR105C	58	153
YBR106W	56	141
YBR107C	241	305
YBR108W	119	184
YBR109C	42	196
YBR110W	196	102
YBR111C	66	76
YBR111W-A	33	168
YBR112C	84	232
YBR114W	80	66
YBR115C	80	142
YBR116C	929	0
YBR117C	643	152
YBR118W	108	91
YBR119W	309	147
YBR120C	86	67
YBR121C	127	104
YBR121C-A	435	997
YBR122C	106	198
YBR123C	50	62
YBR125C	177	139
YBR126C	85	132
YBR127C	53	175
YBR128C	56	105
YBR129C	35	91
YBR130C	57	95
YBR131W	28	79
YBR132C	213	94
YBR133C	118	58
YBR135W	85	106
YBR136W	9	200
YBR137W	109	91
YBR138C	73	151
YBR139W	3	121
YBR140C	289	102
YBR141C	20	115
YBR142W	51	171
YBR143C	64	139
YBR145W	78	85
YBR146W	61	184
YBR147W	132	18
YBR148W	83	87
YBR149W	62	103
YBR150C	20	77
YBR151W	135	134
YBR153W	914	165
YBR154C	113	100
YBR155W	65	83
YBR156C	42	178
YBR157C	808	112
YBR158W	252	155
YBR159W	49	32
YBR160W	111	96
YBR161W	338	133
YBR162C	224	150
YBR163W	341	55
YBR164C	125	128
YBR165W	81	141
YBR166C	40	34
YBR168W	288	156
YBR169C	15	171
YBR170C	38	136
YBR171W	28	128
YBR172C	104	107
YBR173C	27	161
YBR174C	841	154
YBR175W	233	108
YBR176W	106	86
YBR177C	61	124
YBR179C	59	57
YBR181C	0	84
YBR182C	221	287
YBR183W	76	49
YBR184W	14	92
YBR185C	44	120
YBR186W	0	168
YBR187W	121	125
YBR188C	64	73
YBR189W	13	59
YBR191W	0	110
YBR192W	193	198
YBR193C	44	226
YBR194W	125	158
YBR195C	79	127
YBR196C	66	166
YBR197C	323	429
YBR198C	72	92
YBR199W	88	130
YBR200W	52	225
YBR201W	143	126
YBR202W	49	166
YBR203W	184	135
YBR204C	53	217
YBR205W	36	104
YBR207W	78	113
YBR208C	0	141
YBR210W	207	127
YBR211C	101	128
YBR212W	271	209
YBR213W	88	198
YBR214W	94	153
YBR215W	73	116
YBR216C	23	271
YBR217W	51	105
YBR218C	51	133
YBR219C	955	127
YBR220C	183	145
YBR221C	220	160
YBR221W-A	0	367
YBR222C	32	116
YBR223C	16	242
YBR223W-A	319	918
YBR225W	104	251
YBR226C	651	945
YBR227C	48	64
YBR228W	306	114
YBR229C	14	99
YBR230C	0	20
YBR230W-A	22	2
YBR231C	45	42
YBR233W	97	163
YBR234C	35	67
YBR235W	91	98
YBR236C	40	119
YBR237W	43	103
YBR238C	61	491
YBR239C	211	100
YBR240C	185	178
YBR241C	28	57
YBR242W	196	69
YBR243C	110	71
YBR244W	40	127
YBR245C	0	129
YBR246W	32	101
YBR247C	19	127
YBR248C	88	79
YBR249C	125	120
YBR251W	65	83
YBR252W	12	64
YBR253W	48	28
YBR254C	12	57
YBR255C-A	31	111
YBR255W	23	89
YBR256C	38	48
YBR257W	50	22
YBR258C	28	446
YBR259W	39	70
YBR260C	83	131
YBR261C	28	77
YBR263W	48	64
YBR264C	25	43
YBR265W	37	134
YBR266C	769	101
YBR267W	6	123
YBR268W	18	88
YBR269C	11	102
YBR270C	291	39
YBR271W	27	101
YBR272C	15	188
YBR273C	19	110
YBR274W	41	39
YBR275C	146	134
YBR276C	84	78
YBR277C	490	15
YBR278W	24	93
YBR279W	33	120
YBR280C	17	167
YBR281C	40	112
YBR282W	36	92
YBR283C	157	165
YBR284W	242	176
YBR285W	83	133
YBR286W	18	63
YBR287W	58	52
YBR288C	44	75
YBR289W	25	60
YBR290W	30	104
YBR291C	75	50
YBR292C	756	0
YBR293W	94	201
YBR294W	723	332
YBR295W	98	29
YBR296C	210	164
YBR297W	39	221
YBR298C	411	75
YBR299W	196	50
YBR302C	4	44
YCL001W	66	86
YCL002C	893	171
YCL004W	69	81
YCL005W	117	103
YCL005W-A	1	105
YCL007C	179	97
YCL008C	7	134
YCL009C	34	142
YCL011C	618	91
YCL012C	47	134
YCL014W	108	110
YCL016C	64	142
YCL017C	94	86
YCL019W	39	315
YCL021W-A	920	311
YCL022C	307	774
YCL024W	55	97
YCL025C	21	83
YCL026C-B	25	63
YCL027W	184	89
YCL028W	58	70
YCL029C	77	255
YCL030C	50	91
YCL031C	38	104
YCL032W	41	103
YCL033C	4	72
YCL034W	39	26
YCL035C	62	117
YCL036W	36	102
YCL037C	56	289
YCL038C	83	79
YCL039W	16	72
YCL040W	47	48
YCL042W	0	427
YCL043C	46	72
YCL044C	101	170
YCL045C	16	59
YCL047C	23	78
YCL049C	178	139
YCL050C	57	117
YCL051W	275	113
YCL052C	32	112
YCL054W	15	110
YCL055W	6	84
YCL056C	172	181
YCL057W	3	109
YCL058C	0	0
YCL058W-A	11	66
YCL059C	29	32
YCL061C	54	174
YCL063W	40	148
YCL064C	28	95
YCR002C	44	69
YCR003W	12	107
YCR004C	188	113
YCR005C	546	104
YCR007C	799	82
YCR008W	431	267
YCR009C	72	101
YCR010C	354	132
YCR011C	157	59
YCR012W	58	164
YCR013C	130	96
YCR014C	870	21
YCR015C	24	80
YCR016W	31	160
YCR017C	21	188
YCR018C	0	151
YCR018C-A	37	0
YCR019W	136	116
YCR020C-A	22	158
YCR021C	105	121
YCR023C	87	243
YCR024C	65	116
YCR026C	257	218
YCR027C	176	77
YCR028C	103	193
YCR028C-A	77	189
YCR030C	87	173
YCR031C	0	112
YCR032W	116	82
YCR033W	214	171
YCR034W	39	162
YCR035C	20	151
YCR036W	32	88
YCR037C	32	103
YCR038C	18	108
YCR039C	0	41
YCR041W	2	224
YCR042C	77	84
YCR043C	48	168
YCR044C	11	48
YCR045C	362	162
YCR045W-A	608	621
YCR046C	51	110
YCR047C	79	184
YCR047W-A	782	93
YCR048W	40	183
YCR050C	196	752
YCR051W	111	136
YCR052W	23	186
YCR053W	93	81
YCR054C	98	143
YCR057C	59	115
YCR059C	26	168
YCR060W	44	39
YCR061W	526	198
YCR065W	32	1
YCR066W	39	102
YCR067C	114	79
YCR068W	134	50
YCR069W	715	81
YCR071C	37	72
YCR072C	19	73
YCR073C	55	74
YCR073W-A	13	14
YCR075C	19	146
YCR075W-A	23	83
YCR076C	13	106
YCR077C	32	126
YCR079W	36	109
YCR081C-A	769	526
YCR081W	11	719
YCR082W	841	94
YCR083W	24	25
YCR084C	225	311
YCR086W	98	52
YCR087C-A	392	61
YCR087W	49	2
YCR088W	28	81
YCR089W	284	65
YCR090C	35	74
YCR091W	47	139
YCR092C	31	157
YCR093W	17	117
YCR094W	51	265
YCR095C	44	54
YCR097W	25	28
YCR099C	948	242
YCR100C	766	675
YCR102C	185	63
YCR105W	829	54
YCR107W	408	127
YDL001W	68	120
YDL002C	97	287
YDL003W	112	131
YDL004W	49	229
YDL005C	40	182
YDL006W	373	114
YDL007W	31	74
YDL008W	19	100
YDL009C	53	332
YDL010W	32	162
YDL012C	257	174
YDL013W	149	102
YDL014W	138	169
YDL015C	42	232
YDL016C	965	878
YDL017W	95	117
YDL018C	60	48
YDL019C	200	91
YDL020C	213	127
YDL021W	63	77
YDL022W	62	190
YDL023C	964	26
YDL024C	279	267
YDL025C	199	131
YDL025W-A	206	278
YDL027C	42	102
YDL028C	98	157
YDL029W	0	134
YDL030W	66	83
YDL031W	42	92
YDL033C	35	198
YDL035C	225	143
YDL036C	200	132
YDL039C	991	101
YDL040C	15	113
YDL042C	48	115
YDL043C	42	311
YDL044C	179	74
YDL045C	136	128
YDL045W-A	43	127
YDL046W	84	273
YDL047W	230	278
YDL048C	39	89
YDL050C	89	318
YDL051W	33	109
YDL052C	52	82
YDL053C	187	178
YDL054C	75	78
YDL055C	151	147
YDL056W	86	77
YDL057W	23	42
YDL058W	404	137
YDL059C	132	229
YDL060W	9	19
YDL063C	221	69
YDL064W	0	122
YDL065C	12	24
YDL066W	165	91
YDL068W	498	94
YDL069C	122	125
YDL070W	21	167
YDL072C	223	88
YDL073W	152	56
YDL074C	62	107
YDL075W	0	71
YDL076C	134	98
YDL077C	169	69
YDL078C	61	92
YDL079C	259	120
YDL080C	125	172
YDL081C	64	98
YDL082W	0	138
YDL083C	0	134
YDL084W	168	76
YDL085W	36	77
YDL086C-A	342	231
YDL086W	9	70
YDL087C	242	160
YDL088C	381	155
YDL089W	282	76
YDL090C	22	55
YDL091C	94	95
YDL092W	12	139
YDL093W	37	271
YDL094C	19	266
YDL095W	19	103
YDL097C	34	80
YDL098C	22	135
YDL099W	58	71
YDL100C	44	80
YDL101C	29	111
YDL102W	73	126
YDL103C	52	98
YDL104C	288	5
YDL105W	36	32
YDL106C	54	14
YDL107W	43	149
YDL108W	29	52
YDL109C	342	910
YDL110C	603	164
YDL111C	58	67
YDL112W	63	94
YDL113C	60	81
YDL114W-A	122	100
YDL115C	31	93
YDL116W	52	69
YDL117W	289	138
YDL118W	741	91
YDL119C	171	60
YDL120W	33	73
YDL122W	162	65
YDL123W	284	492
YDL124W	82	73
YDL125C	172	114
YDL126C	38	73
YDL127W	131	172
YDL128W	341	117
YDL129W	156	266
YDL130W	16	98
YDL130W-A	64	159
YDL131W	81	104
YDL132W	250	163
YDL133W	132	97
YDL134C	491	87
YDL135C	161	94
YDL136W	0	89
YDL137W	39	138
YDL138W	172	106
YDL139C	66	114
YDL140C	64	118
YDL141W	179	264
YDL142C	72	40
YDL143W	29	102
YDL144C	33	94
YDL145C	249	164
YDL146W	172	127
YDL147W	47	144
YDL148C	39	200
YDL149W	372	98
YDL150W	123	99
YDL151C	833	57
YDL153C	24	110
YDL154W	327	81
YDL155W	439	131
YDL157C	34	184
YDL158C	442	651
YDL159C-B	968	621
YDL159W	36	124
YDL160C	186	465
YDL160C-A	18	74
YDL161W	6	105
YDL164C	160	164
YDL165W	44	41
YDL166C	63	76
YDL167C	44	139
YDL168W	71	56
YDL169C	30	65
YDL170W	15	74
YDL171C	0	128
YDL172C	119	424
YDL173W	37	111
YDL174C	314	96
YDL175C	19	108
YDL176W	126	114
YDL178W	13	72
YDL179W	103	113
YDL180W	248	49
YDL182W	27	23
YDL183C	883	71
YDL185W	101	112
YDL188C	165	56
YDL189W	35	92
YDL190C	181	210
YDL191W	0	103
YDL192W	76	64
YDL193W	104	158
YDL194W	192	76
YDL195W	113	144
YDL197C	52	96
YDL198C	129	105
YDL199C	247	91
YDL200C	204	73
YDL201W	83	85
YDL202W	51	103
YDL203C	177	181
YDL204W	483	128
YDL205C	208	53
YDL206W	148	25
YDL207W	26	75
YDL208W	34	128
YDL209C	29	200
YDL210W	112	91
YDL211C	298	160
YDL212W	54	151
YDL213C	60	77
YDL214C	751	118
YDL215C	481	154
YDL216C	8	133
YDL217C	164	106
YDL218W	528	190
YDL219W	36	281
YDL220C	8	382
YDL221W	321	715
YDL222C	536	322
YDL223C	182	321
YDL224C	352	146
YDL225W	47	93
YDL226C	12	213
YDL227C	22	67
YDL228C	121	46
YDL229W	22	104
YDL230W	42	41
YDL231C	108	67
YDL233W	28	179
YDL234C	125	64
YDL235C	111	131
YDL236W	47	99
YDL237W	27	81
YDL238C	40	69
YDL239C	503	52
YDL240W	184	244
YDL241W	139	252
YDL243C	689	95
YDL244W	15	123
YDL245C	532	199
YDL247W	0	86
YDL247W-A	996	193
YDL248W	4	607
YDR001C	215	74
YDR002W	46	186
YDR003W	61	292
YDR004W	206	170
YDR005C	128	157
YDR006C	91	89
YDR007W	186	47
YDR008C	55	219
YDR009W	698	265
YDR010C	250	195
YDR011W	325	182
YDR012W	59	80
YDR013W	592	90
YDR014W	29	389
YDR016C	24	106
YDR017C	126	175
YDR018C	31	124
YDR019C	379	178
YDR020C	116	418
YDR021W	71	59
YDR022C	18	102
YDR023W	41	135
YDR025W	0	90
YDR026C	136	96
YDR027C	112	76
YDR028C	491	279
YDR030C	18	54
YDR031W	22	149
YDR032C	75	154
YDR033W	332	450
YDR034C	418	77
YDR034C-D	40	315
YDR034W-B	32	122
YDR035W	66	97
YDR036C	64	137
YDR037W	87	83
YDR038C	557	141
YDR039C	91	91
YDR040C	123	90
YDR041W	192	163
YDR042C	486	93
YDR043C	191	109
YDR044W	171	138
YDR045C	142	206
YDR046C	81	79
YDR047W	40	80
YDR049W	49	113
YDR050C	47	80
YDR051C	34	62
YDR052C	143	243
YDR054C	178	380
YDR055W	52	147
YDR056C	60	105
YDR057W	225	85
YDR058C	23	38
YDR059C	73	111
YDR060W	81	91
YDR061W	43	114
YDR062W	350	292
YDR063W	150	67
YDR064W	7	81
YDR065W	69	350
YDR066C	342	109
YDR067C	67	86
YDR068W	41	94
YDR069C	52	309
YDR070C	54	62
YDR071C	107	89
YDR072C	248	61
YDR073W	250	267
YDR074W	99	244
YDR075W	184	154
YDR076W	52	580
YDR077W	51	327
YDR078C	46	104
YDR079W	21	116
YDR080W	42	179
YDR081C	78	32
YDR082W	80	146
YDR083W	12	91
YDR084C	63	138
YDR085C	118	91
YDR086C	93	178
YDR087C	108	94
YDR088C	198	59
YDR089W	114	95
YDR090C	103	341
YDR091C	44	342
YDR092W	0	99
YDR093W	286	64
YDR094W	933	8
YDR095C	0	302
YDR096W	116	161
YDR097C	204	66
YDR098C	40	51
YDR098C-A	166	735
YDR098C-B	43	321
YDR099W	229	223
YDR100W	29	133
YDR101C	15	100
YDR103W	34	49
YDR104C	8	37
YDR105C	61	76
YDR107C	14	44
YDR108W	53	91
YDR109C	353	108
YDR110W	45	207
YDR111C	232	192
YDR113C	121	78
YDR114C	458	0
YDR115W	43	115
YDR116C	35	61
YDR117C	75	48
YDR118W	17	112
YDR119W	92	47
YDR119W-A	52	173
YDR120C	0	208
YDR121W	124	109
YDR122W	291	169
YDR123C	413	539
YDR124W	541	849
YDR125C	0	997
YDR126W	68	251
YDR127W	154	58
YDR128W	28	134
YDR129C	491	147
YDR130C	21	99
YDR131C	88	69
YDR132C	126	116
YDR134C	57	288
YDR135C	77	99
YDR137W	94	139
YDR138W	22	634
YDR139C	211	179
YDR140W	3	108
YDR141C	290	77
YDR142C	215	67
YDR143C	135	178
YDR144C	138	93
YDR145W	76	122
YDR146C	153	168
YDR147W	423	28
YDR148C	166	133
YDR150W	57	62
YDR151C	158	187
YDR152W	55	72
YDR153C	124	125
YDR154C	322	0
YDR155C	78	109
YDR156W	119	95
YDR157W	451	0
YDR158W	31	115
YDR159W	61	39
YDR160W	166	68
YDR161W	47	84
YDR162C	128	195
YDR163W	62	102
YDR164C	31	124
YDR165W	29	89
YDR166C	54	98
YDR167W	24	81
YDR168W	29	118
YDR169C	354	139
YDR170C	90	203
YDR170W-A	329	735
YDR171W	76	68
YDR172W	41	91
YDR173C	57	70
YDR174W	21	170
YDR175C	38	122
YDR176W	37	71
YDR177W	103	66
YDR178W	108	196
YDR179C	21	112
YDR179W-A	89	49
YDR180W	132	50
YDR181C	15	142
YDR182W	41	75
YDR183C-A	893	1
YDR183W	59	41
YDR184C	91	159
YDR185C	248	157
YDR186C	44	119
YDR188W	51	166
YDR189W	40	120
YDR190C	45	81
YDR191W	37	66
YDR192C	66	87
YDR193W	553	3
YDR194C	12	146
YDR195W	230	77
YDR196C	18	88
YDR197W	34	55
YDR198C	42	38
YDR199W	42	908
YDR200C	66	133
YDR201W	46	120
YDR202C	23	39
YDR203W	912	315
YDR204W	25	93
YDR205W	18	56
YDR206W	290	216
YDR207C	58	187
YDR208W	111	118
YDR209C	280	43
YDR210C-C	269	784
YDR210C-D	48	321
YDR210W-B	151	319
YDR211W	67	150
YDR212W	73	84
YDR213W	131	213
YDR214W	125	94
YDR216W	500	313
YDR217C	36	77
YDR219C	213	203
YDR221W	5	533
YDR222W	109	160
YDR223W	708	250
YDR224C	113	111
YDR225W	88	162
YDR226W	57	129
YDR227W	235	170
YDR228C	78	73
YDR229W	88	56
YDR230W	137	278
YDR231C	24	102
YDR232W	248	174
YDR233C	50	94
YDR234W	73	118
YDR235W	20	69
YDR236C	460	110
YDR237W	131	128
YDR238C	48	197
YDR239C	59	78
YDR240C	36	58
YDR241W	97	403
YDR242W	160	103
YDR243C	20	19
YDR244W	14	111
YDR245W	86	146
YDR246W	24	157
YDR246W-A	868	176
YDR247W	540	347
YDR248C	320	106
YDR249C	262	117
YDR251W	291	178
YDR252W	7	600
YDR253C	240	509
YDR254W	151	31
YDR255C	34	18
YDR256C	116	122
YDR257C	11	296
YDR258C	22	113
YDR259C	201	138
YDR260C	107	340
YDR261C	44	122
YDR261C-C	161	735
YDR261C-D	41	344
YDR261W-B	39	319
YDR262W	296	198
YDR263C	672	113
YDR264C	57	263
YDR265W	276	185
YDR266C	204	125
YDR267C	60	155
YDR268W	200	105
YDR270W	95	80
YDR272W	46	48
YDR273W	974	24
YDR275W	152	290
YDR277C	300	193
YDR279W	110	37
YDR280W	130	105
YDR282C	120	185
YDR283C	153	151
YDR284C	276	59
YDR285W	146	163
YDR286C	13	88
YDR287W	196	83
YDR288W	580	153
YDR289C	56	83
YDR291W	27	138
YDR292C	123	64
YDR293C	351	326
YDR294C	45	55
YDR295C	102	86
YDR296W	55	90
YDR297W	103	165
YDR298C	168	165
YDR299W	43	96
YDR300C	50	112
YDR301W	61	135
YDR303C	275	124
YDR304C	43	73
YDR305C	569	59
YDR306C	44	98
YDR307W	49	115
YDR308C	45	113
YDR309C	66	365
YDR310C	278	197
YDR311W	21	99
YDR312W	55	96
YDR313C	763	131
YDR314C	53	1
YDR315C	36	87
YDR316W	23	83
YDR316W-A	177	735
YDR316W-B	41	325
YDR317W	133	103
YDR318W	60	140
YDR319C	256	77
YDR320C	15	96
YDR321W	33	95
YDR322C-A	34	211
YDR322W	14	99
YDR323C	438	95
YDR324C	319	183
YDR325W	279	67
YDR326C	201	145
YDR327W	87	445
YDR328C	63	194
YDR329C	18	67
YDR330W	61	73
YDR331W	43	57
YDR332W	12	58
YDR333C	21	214
YDR334W	153	112
YDR335W	360	97
YDR336W	38	65
YDR337W	52	59
YDR338C	271	125
YDR339C	32	93
YDR341C	42	89
YDR342C	77	150
YDR343C	82	153
YDR345C	14	147
YDR346C	150	282
YDR347W	105	118
YDR348C	189	170
YDR349C	102	104
YDR350C	39	78
YDR351W	210	150
YDR352W	489	223
YDR353W	79	71
YDR354W	114	74
YDR356W	15	274
YDR357C	112	98
YDR358W	31	169
YDR359C	41	126
YDR361C	30	248
YDR362C	96	61
YDR363W	166	287
YDR363W-A	25	170
YDR364C	21	375
YDR365C	61	94
YDR365W-A	184	787
YDR365W-B	41	321
YDR366C	0	433
YDR367W	110	35
YDR368W	232	166
YDR369C	12	107
YDR370C	3	57
YDR371W	67	99
YDR372C	275	146
YDR373W	88	108
YDR375C	30	60
YDR376W	244	38
YDR377W	83	286
YDR378C	27	170
YDR379W	111	85
YDR380W	200	126
YDR381C-A	184	108
YDR381W	67	115
YDR382W	84	139
YDR383C	295	64
YDR384C	338	164
YDR385W	48	153
YDR386W	8	99
YDR387C	92	131
YDR388W	40	114
YDR389W	438	197
YDR390C	18	54
YDR391C	384	66
YDR392W	59	131
YDR393W	140	170
YDR394W	93	94
YDR395W	111	97
YDR396W	116	59
YDR397C	65	98
YDR398W	63	125
YDR399W	51	114
YDR400W	63	156
YDR403W	3	62
YDR404C	196	157
YDR405W	62	142
YDR406W	99	121
YDR406W-A	770	918
YDR407C	68	72
YDR408C	263	93
YDR409W	32	245
YDR410C	59	25
YDR411C	38	65
YDR412W	53	59
YDR413C	167	167
YDR414C	187	122
YDR415C	37	45
YDR416W	70	35
YDR417C	297	8
YDR418W	60	72
YDR419W	151	270
YDR420W	0	184
YDR421W	68	32
YDR422C	40	37
YDR423C	11	73
YDR424C	35	46
YDR425W	78	41
YDR426C	48	916
YDR427W	26	91
YDR428C	201	105
YDR429C	25	108
YDR430C	163	40
YDR432W	16	238
YDR433W	840	225
YDR434W	89	118
YDR435C	18	133
YDR436W	248	162
YDR438W	634	10
YDR439W	111	109
YDR440W	84	102
YDR441C	197	167
YDR442W	537	958
YDR443C	97	336
YDR444W	76	53
YDR445C	0	157
YDR447C	0	122
YDR448W	95	105
YDR449C	38	75
YDR450W	0	119
YDR451C	173	182
YDR452W	621	42
YDR453C	71	90
YDR454C	51	105
YDR456W	288	62
YDR457W	105	93
YDR458C	49	99
YDR459C	101	64
YDR460W	130	108
YDR461C-A	25	26
YDR462W	42	124
YDR463W	33	172
YDR464C-A	686	813
YDR464W	119	160
YDR465C	56	150
YDR466W	97	167
YDR467C	180	127
YDR468C	134	124
YDR469W	26	67
YDR470C	80	179
YDR471W	0	120
YDR472W	114	125
YDR473C	56	100
YDR475C	87	113
YDR476C	54	204
YDR477W	139	139
YDR479C	215	81
YDR480W	221	99
YDR481C	39	79
YDR482C	99	103
YDR483W	36	114
YDR484W	26	74
YDR485C	32	171
YDR486C	32	115
YDR487C	474	102
YDR488C	91	930
YDR489W	5	81
YDR490C	74	86
YDR491C	974	267
YDR492W	219	86
YDR493W	98	103
YDR494W	51	74
YDR495C	234	111
YDR496C	21	77
YDR497C	64	90
YDR498C	36	43
YDR499W	7	97
YDR500C	0	93
YDR501W	89	188
YDR502C	37	295
YDR503C	60	169
YDR504C	908	184
YDR505C	159	558
YDR506C	52	426
YDR507C	8	183
YDR508C	33	17
YDR511W	39	79
YDR512C	487	10
YDR513W	10	86
YDR514C	65	68
YDR515W	216	12
YDR516C	51	119
YDR517W	159	107
YDR518W	573	51
YDR519W	51	214
YDR520C	71	143
YDR522C	109	60
YDR523C	354	133
YDR524C	68	272
YDR525W-A	101	69
YDR526C	990	67
YDR527W	71	82
YDR528W	172	127
YDR529C	31	193
YDR530C	137	75
YDR531W	100	79
YDR532C	61	63
YDR533C	164	68
YDR534C	357	215
YDR536W	105	83
YDR537C	461	866
YDR538W	920	228
YDR539W	610	66
YDR540C	17	320
YDR541C	226	191
YDR545C-A	47	623
YDR545W	534	847
YEL001C	35	96
YEL002C	49	76
YEL003W	76	125
YEL004W	38	38
YEL005C	423	86
YEL006W	50	192
YEL007W	239	33
YEL011W	514	115
YEL012W	98	14
YEL013W	237	170
YEL014C	145	378
YEL015W	50	83
YEL016C	265	94
YEL017C-A	59	53
YEL017W	158	91
YEL018C-A	479	7
YEL018W	13	92
YEL020C	826	12
YEL020C-B	211	22
YEL020W-A	62	90
YEL022W	103	77
YEL023C	549	84
YEL024W	102	403
YEL025C	125	270
YEL027W	79	259
YEL028W	594	55
YEL029C	194	104
YEL030W	421	37
YEL031W	26	104
YEL032W	40	152
YEL033W	578	0
YEL034C-A	166	13
YEL034W	76	219
YEL036C	166	84
YEL037C	173	179
YEL038W	34	61
YEL040W	21	150
YEL041W	252	404
YEL042W	199	130
YEL043W	35	90
YEL044W	461	116
YEL046C	96	474
YEL047C	10	78
YEL048C	10	506
YEL050C	67	141
YEL050W-A	57	263
YEL051W	43	102
YEL052W	33	71
YEL053C	86	91
YEL053W-A	448	21
YEL054C	31	90
YEL055C	65	105
YEL056W	324	111
YEL057C	82	174
YEL058W	24	80
YEL059C-A	66	67
YEL060C	43	27
YEL061C	132	230
YEL062W	164	35
YEL063C	235	282
YEL064C	22	110
YEL065W	124	79
YEL066W	394	83
YEL067C	542	789
YEL068C	517	236
YEL070W	14	124
YEL071W	56	100
YEL072W	132	127
YEL073C	265	500
YEL077C	956	805
YEL077W-A	90	637
YER001W	38	105
YER002W	51	97
YER003C	0	67
YER004W	107	253
YER005W	62	114
YER006C-A	6	372
YER006W	28	97
YER007C-A	0	91
YER007W	12	84
YER008C	46	90
YER009W	54	165
YER010C	35	92
YER011W	49	62
YER012W	75	135
YER013W	0	83
YER014C-A	326	808
YER014W	29	113
YER015W	70	236
YER016W	40	120
YER017C	69	148
YER018C	340	75
YER019C-A	65	57
YER019W	370	93
YER020W	95	176
YER021W	52	125
YER022W	25	103
YER023C-A	417	311
YER023W	25	70
YER024W	20	107
YER025W	54	262
YER026C	55	117
YER027C	68	198
YER028C	84	59
YER029C	59	99
YER030W	32	127
YER031C	24	149
YER032W	57	264
YER033C	5	178
YER034W	25	219
YER035W	801	138
YER036C	33	108
YER037W	88	221
YER038C	104	536
YER040W	77	257
YER041W	67	164
YER042W	69	77
YER043C	73	223
YER044C	123	126
YER045C	312	123
YER046W	678	61
YER046W-A	136	443
YER047C	179	62
YER048C	89	66
YER048W-A	70	234
YER049W	17	86
YER050C	55	115
YER051W	14	169
YER052C	91	113
YER053C	207	145
YER053C-A	152	364
YER054C	417	189
YER055C	357	83
YER056C	78	123
YER056C-A	0	86
YER057C	61	85
YER059W	150	74
YER060W	781	100
YER061C	37	61
YER062C	145	171
YER063W	129	149
YER064C	52	265
YER065C	532	118
YER066C-A	455	36
YER066W	888	130
YER067C-A	95	239
YER067W	180	92
YER068W	79	104
YER069W	52	124
YER070W	42	205
YER071C	10	144
YER072W	97	135
YER073W	67	276
YER074W	0	104
YER074W-A	57	74
YER075C	328	141
YER076C	381	153
YER077C	316	68
YER078C	200	74
YER079W	68	87
YER080W	16	84
YER081W	461	165
YER082C	50	81
YER083C	24	37
YER084W	0	96
YER086W	51	141
YER087C-A	267	370
YER087W	64	76
YER088C	75	141
YER088C-A	823	428
YER089C	317	77
YER090C-A	525	234
YER090W	66	106
YER091C	59	229
YER092W	28	260
YER093C	86	62
YER093C-A	32	91
YER094C	99	156
YER095W	43	221
YER096W	152	184
YER098W	167	140
YER099C	33	66
YER100W	265	94
YER101C	104	126
YER102W	254	143
YER103W	176	115
YER104W	248	315
YER105C	34	126
YER107C	180	113
YER107W-A	700	4
YER109C	160	279
YER110C	100	154
YER111C	272	53
YER112W	88	100
YER113C	147	142
YER114C	309	230
YER115C	706	68
YER116C	103	133
YER117W	0	65
YER118C	176	139
YER119C	109	96
YER119C-A	868	0
YER120W	34	66
YER121W	19	126
YER122C	70	23
YER123W	176	431
YER124C	54	344
YER125W	479	395
YER126C	62	16
YER127W	98	99
YER128W	32	151
YER129W	486	263
YER130C	93	220
YER131W	0	118
YER132C	452	141
YER133W	0	427
YER133W-A	879	290
YER134C	464	240
YER136W	109	182
YER137C-A	361	735
YER138C	41	316
YER139C	123	658
YER140W	34	226
YER141W	106	232
YER142C	61	85
YER143W	47	110
YER144C	1	124
YER145C	20	103
YER145C-A	135	40
YER146W	40	85
YER147C	204	3
YER147C-A	604	81
YER148W	188	192
YER148W-A	57	19
YER149C	64	80
YER150W	44	119
YER151C	98	74
YER152C	618	55
YER152W-A	883	464
YER154W	227	68
YER155C	109	154
YER156C	5	102
YER157W	12	41
YER158C	181	135
YER159C	191	131
YER159C-A	301	735
YER160C	121	255
YER161C	36	266
YER162C	31	113
YER163C	157	45
YER164W	0	132
YER165W	44	152
YER166W	289	120
YER167W	286	158
YER168C	27	63
YER169W	209	196
YER170W	47	349
YER171W	109	103
YER172C	180	126
YER173W	19	148
YER174C	878	92
YER175C	997	167
YER175W-A	703	266
YER176W	156	118
YER177W	168	177
YER178W	33	134
YER179W	28	46
YER180C	93	46
YER182W	25	87
YER183C	0	82
YER184C	420	346
YER186C	179	148
YER187W	728	142
YER188C-A	859	214
YER188W	193	220
YER190C-B	143	846
YER190W	282	721
YFL001W	26	36
YFL002C	5	134
YFL002W-A	40	315
YFL003C	0	126
YFL004W	17	76
YFL005W	156	218
YFL007W	119	81
YFL008W	39	99
YFL009W	180	87
YFL010C	17	163
YFL010W-A	50	91
YFL013C	22	14
YFL013W-A	111	783
YFL016C	40	104
YFL017C	36	28
YFL017W-A	43	3
YFL018C	77	72
YFL021C-A	998	287
YFL021W	380	129
YFL022C	48	104
YFL023W	5	92
YFL024C	280	405
YFL025C	35	173
YFL026W	43	173
YFL027C	10	68
YFL028C	30	76
YFL029C	35	20
YFL030W	380	9
YFL031C-A	448	7
YFL031W	55	412
YFL032W	0	707
YFL033C	251	224
YFL034C-A	34	69
YFL034C-B	0	111
YFL034W	182	119
YFL036W	190	101
YFL037W	67	226
YFL038C	72	107
YFL039C	0	106
YFL040W	44	17
YFL041W	12	172
YFL042C	20	64
YFL044C	27	115
YFL045C	92	141
YFL046W	42	157
YFL047W	476	60
YFL048C	30	112
YFL049W	17	148
YFL050C	447	271
YFL051C	468	201
YFL052W	9	209
YFL053W	412	172
YFL054C	48	66
YFL055W	192	170
YFL056C	7	5
YFL059W	50	140
YFL061W	850	642
YFR001W	38	74
YFR002W	6	88
YFR003C	58	130
YFR004W	38	55
YFR005C	33	208
YFR006W	13	90
YFR007W	774	55
YFR008W	47	348
YFR009W	59	67
YFR009W-A	710	681
YFR010W	72	53
YFR011C	34	167
YFR013W	42	135
YFR014C	37	194
YFR015C	112	138
YFR016C	25	57
YFR017C	69	73
YFR018C	48	164
YFR019W	8	92
YFR020W	974	103
YFR021W	83	96
YFR022W	254	101
YFR024C-A	0	203
YFR025C	30	94
YFR026C	990	82
YFR027W	63	72
YFR028C	7	57
YFR029W	34	56
YFR030W	42	65
YFR031C	30	57
YFR031C-A	0	122
YFR033C	737	145
YFR034C	32	839
YFR034W-A	313	327
YFR035C	197	298
YFR036W	30	128
YFR036W-A	116	883
YFR037C	28	13
YFR038W	6	91
YFR039C	118	65
YFR040W	271	101
YFR041C	30	120
YFR043C	179	65
YFR044C	13	59
YFR045W	22	69
YFR046C	93	78
YFR047C	4	82
YFR048W	48	52
YFR049W	170	120
YFR050C	57	66
YFR051C	37	73
YFR052C-A	967	10
YFR052W	35	46
YFR053C	104	76
YFR055W	285	470
YGL001C	84	127
YGL002W	100	173
YGL003C	96	149
YGL004C	10	18
YGL005C	365	214
YGL006W	410	119
YGL008C	220	520
YGL009C	64	165
YGL010W	89	178
YGL011C	25	129
YGL012W	31	107
YGL013C	124	44
YGL014W	380	86
YGL015C	382	358
YGL016W	54	179
YGL017W	7	50
YGL018C	47	138
YGL019W	83	105
YGL020C	329	81
YGL021W	0	25
YGL022W	59	81
YGL023C	16	91
YGL024W	957	433
YGL025C	21	79
YGL026C	27	83
YGL027C	13	88
YGL028C	306	308
YGL029W	72	16
YGL030W	0	101
YGL032C	111	108
YGL034C	287	0
YGL035C	94	125
YGL036W	46	99
YGL037C	99	137
YGL038C	82	106
YGL039W	548	102
YGL040C	91	225
YGL041C	233	97
YGL041C-B	584	598
YGL041W-A	49	129
YGL043W	24	225
YGL044C	216	20
YGL045W	108	201
YGL047W	76	25
YGL048C	20	97
YGL049C	158	170
YGL050W	139	156
YGL051W	725	183
YGL052W	994	474
YGL053W	736	152
YGL054C	70	305
YGL055W	148	61
YGL056C	112	101
YGL057C	29	156
YGL058W	73	223
YGL059W	32	53
YGL060W	119	92
YGL061C	73	107
YGL062W	46	61
YGL063C-A	525	444
YGL063W	246	349
YGL064C	312	71
YGL065C	39	62
YGL066W	159	265
YGL067W	76	26
YGL068W	35	105
YGL069C	343	19
YGL070C	25	138
YGL071W	224	145
YGL072C	8	284
YGL073W	45	59
YGL075C	192	308
YGL076C	0	110
YGL077C	175	78
YGL078C	56	190
YGL079W	271	99
YGL080W	82	247
YGL081W	61	294
YGL082W	79	112
YGL083W	66	132
YGL084C	45	95
YGL085W	85	167
YGL086W	0	66
YGL087C	0	117
YGL089C	222	171
YGL090W	30	77
YGL091C	56	94
YGL092W	339	48
YGL093W	43	39
YGL094C	182	150
YGL095C	39	43
YGL096W	923	108
YGL097W	53	85
YGL098W	527	154
YGL099W	18	44
YGL100W	49	91
YGL101W	58	257
YGL102C	102	314
YGL103W	4	84
YGL104C	52	128
YGL105W	54	102
YGL106W	28	170
YGL107C	48	104
YGL108C	78	149
YGL110C	4	98
YGL111W	24	146
YGL112C	24	133
YGL113W	75	229
YGL114W	239	43
YGL115W	109	76
YGL116W	134	106
YGL117W	110	84
YGL119W	30	64
YGL120C	62	117
YGL121C	115	162
YGL122C	4	148
YGL123C-A	611	26
YGL123W	116	91
YGL124C	77	61
YGL125W	193	440
YGL126W	60	152
YGL127C	350	142
YGL128C	40	181
YGL129C	59	134
YGL130W	45	99
YGL131C	48	131
YGL132W	0	132
YGL133W	187	98
YGL134W	112	58
YGL135W	111	94
YGL136C	359	130
YGL137W	0	186
YGL139W	304	229
YGL140C	177	244
YGL141W	30	98
YGL142C	57	69
YGL143C	33	58
YGL144C	37	74
YGL145W	44	115
YGL146C	164	155
YGL147C	33	112
YGL148W	62	105
YGL150C	218	170
YGL151W	36	93
YGL152C	15	281
YGL153W	48	49
YGL154C	673	6
YGL155W	130	78
YGL156W	79	152
YGL157W	69	82
YGL158W	436	121
YGL159W	27	107
YGL160W	123	118
YGL161C	97	88
YGL162W	141	143
YGL163C	292	47
YGL164C	49	88
YGL165C	795	276
YGL166W	9	152
YGL167C	361	162
YGL168W	874	861
YGL169W	83	89
YGL170C	0	173
YGL171W	16	91
YGL172W	18	87
YGL173C	323	107
YGL174W	23	171
YGL176C	675	109
YGL178W	430	646
YGL179C	68	53
YGL180W	203	265
YGL181W	40	112
YGL184C	183	19
YGL185C	23	85
YGL186C	56	15
YGL187C	12	61
YGL188C	126	0
YGL190C	525	213
YGL192W	389	77
YGL193C	375	54
YGL194C	43	31
YGL195W	0	118
YGL196W	109	113
YGL197W	196	315
YGL198W	10	50
YGL199C	307	341
YGL200C	51	105
YGL201C	49	183
YGL202W	124	84
YGL203C	53	69
YGL204C	113	486
YGL205W	124	191
YGL206C	109	293
YGL207W	91	137
YGL208W	32	130
YGL209W	348	117
YGL210W	354	123
YGL211W	700	97
YGL213C	84	110
YGL214W	106	777
YGL215W	458	568
YGL216W	116	53
YGL218W	861	0
YGL219C	25	89
YGL220W	292	187
YGL221C	12	81
YGL222C	75	25
YGL223C	20	74
YGL224C	168	84
YGL225W	180	113
YGL226C-A	0	139
YGL226W	12	26
YGL227W	37	116
YGL228W	41	23
YGL229C	225	135
YGL231C	10	64
YGL232W	46	73
YGL233W	33	66
YGL234W	51	101
YGL236C	13	57
YGL237C	73	133
YGL238W	335	101
YGL241W	10	105
YGL242C	53	129
YGL243W	12	108
YGL244W	44	99
YGL245W	27	63
YGL246C	29	124
YGL247W	527	55
YGL248W	138	67
YGL249W	60	46
YGL250W	112	203
YGL251C	249	120
YGL252C	27	98
YGL253W	45	193
YGL254W	5	168
YGL255W	957	96
YGL256W	307	107
YGL257C	120	102
YGL258W-A	920	435
YGR001C	0	74
YGR002C	7	246
YGR003W	50	227
YGR004W	62	250
YGR005C	27	94
YGR007W	371	145
YGR008C	181	148
YGR009C	28	123
YGR010W	143	208
YGR011W	724	100
YGR012W	17	53
YGR013W	42	227
YGR014W	265	128
YGR015C	8	198
YGR016W	99	169
YGR017W	174	119
YGR019W	27	93
YGR020C	70	150
YGR021W	37	80
YGR023W	170	239
YGR024C	32	2
YGR025W	0	21
YGR026W	139	175
YGR027W-A	297	766
YGR027W-B	41	325
YGR028W	143	148
YGR029W	19	105
YGR030C	14	102
YGR031C-A	747	409
YGR031W	76	312
YGR032W	248	90
YGR033C	119	277
YGR034W	0	131
YGR035C	77	113
YGR035W-A	100	53
YGR036C	428	8
YGR038C-A	425	784
YGR038C-B	156	321
YGR038W	347	152
YGR040W	242	437
YGR041W	462	110
YGR042W	740	88
YGR043C	18	55
YGR044C	116	201
YGR046W	104	352
YGR047C	30	61
YGR048W	48	82
YGR049W	143	153
YGR050C	922	443
YGR052W	124	172
YGR053C	92	60
YGR054W	159	213
YGR055W	32	126
YGR056W	393	94
YGR057C	83	340
YGR058W	46	297
YGR060W	67	17
YGR061C	109	73
YGR062C	182	79
YGR064W	165	121
YGR065C	110	97
YGR066C	435	64
YGR067C	83	118
YGR068C	90	394
YGR070W	27	126
YGR071C	46	193
YGR072W	51	67
YGR073C	639	50
YGR074W	126	301
YGR075C	20	435
YGR076C	62	100
YGR077C	37	52
YGR078C	46	78
YGR079W	32	96
YGR080W	24	87
YGR081C	48	113
YGR082W	37	140
YGR083C	28	46
YGR084C	124	77
YGR085C	92	85
YGR086C	111	283
YGR087C	19	110
YGR088W	15	79
YGR089W	271	71
YGR090W	285	93
YGR091W	61	108
YGR092W	67	161
YGR093W	61	83
YGR094W	23	92
YGR095C	14	42
YGR096W	113	72
YGR097W	104	164
YGR098C	178	169
YGR099W	29	64
YGR100W	76	97
YGR101W	70	89
YGR102C	17	161
YGR103W	26	144
YGR104C	63	76
YGR105W	47	169
YGR106C	58	99
YGR108W	208	162
YGR109C	67	115
YGR109W-A	321	785
YGR109W-B	244	223
YGR110W	367	60
YGR111W	56	116
YGR112W	66	165
YGR113W	62	317
YGR116W	41	107
YGR117C	15	260
YGR118W	0	174
YGR119C	76	83
YGR120C	36	172
YGR121C	195	93
YGR122W	152	257
YGR123C	45	93
YGR124W	53	113
YGR125W	76	124
YGR127W	212	218
YGR128C	24	110
YGR129W	27	58
YGR130C	901	184
YGR132C	68	158
YGR133W	171	202
YGR134W	146	146
YGR135W	76	86
YGR136W	15	253
YGR137W	474	141
YGR138C	177	107
YGR139W	135	403
YGR140W	0	82
YGR141W	477	88
YGR142W	47	98
YGR143W	225	391
YGR145W	17	49
YGR146C	291	97
YGR147C	72	40
YGR148C	7	86
YGR149W	196	140
YGR150C	30	107
YGR152C	150	92
YGR153W	10	98
YGR154C	379	123
YGR155W	56	143
YGR156W	122	58
YGR157W	241	65
YGR158C	65	206
YGR159C	45	145
YGR160W	812	4
YGR161C	82	121
YGR161C-C	351	735
YGR161C-D	121	319
YGR161W-B	39	314
YGR161W-C	225	265
YGR162W	39	440
YGR163W	69	71
YGR165W	45	134
YGR166W	90	77
YGR167W	68	163
YGR168C	106	71
YGR169C	15	93
YGR169C-A	92	381
YGR170W	45	42
YGR171C	14	103
YGR172C	28	126
YGR173W	43	38
YGR174C	243	125
YGR174W-A	421	98
YGR175C	87	181
YGR177C	92	214
YGR178C	200	124
YGR179C	38	92
YGR180C	142	121
YGR181W	60	183
YGR182C	353	298
YGR183C	176	356
YGR184C	585	83
YGR185C	40	77
YGR186W	17	55
YGR187C	72	146
YGR188C	42	150
YGR189C	66	100
YGR191W	213	164
YGR192C	73	109
YGR193C	78	97
YGR194C	413	105
YGR195W	119	80
YGR196C	47	113
YGR197C	178	67
YGR198W	30	114
YGR199W	271	1
YGR200C	46	77
YGR201C	270	51
YGR202C	33	130
YGR203W	323	191
YGR204C-A	962	75
YGR204W	47	88
YGR205W	130	27
YGR206W	24	88
YGR207C	45	112
YGR208W	58	56
YGR209C	70	77
YGR210C	98	94
YGR211W	91	195
YGR212W	52	57
YGR213C	163	541
YGR214W	0	76
YGR215W	58	99
YGR216C	37	86
YGR217W	27	64
YGR218W	289	211
YGR220C	15	78
YGR221C	292	64
YGR222W	441	70
YGR223C	171	75
YGR224W	559	190
YGR225W	96	107
YGR227C-A	0	719
YGR227W	115	61
YGR229C	329	107
YGR230W	148	119
YGR231C	70	134
YGR232W	13	57
YGR233C	212	64
YGR234W	15	259
YGR235C	60	106
YGR237C	57	169
YGR238C	503	100
YGR239C	578	90
YGR240C	223	239
YGR240C-A	878	171
YGR241C	156	74
YGR243W	86	132
YGR244C	101	79
YGR245C	78	112
YGR246C	19	164
YGR247W	143	37
YGR248W	26	96
YGR249W	278	497
YGR250C	182	109
YGR251W	48	527
YGR252W	37	206
YGR253C	66	67
YGR254W	51	152
YGR255C	87	58
YGR256W	40	114
YGR257C	103	55
YGR258C	884	49
YGR260W	185	123
YGR261C	30	93
YGR262C	34	95
YGR263C	21	75
YGR264C	24	126
YGR266W	45	115
YGR267C	922	89
YGR268C	369	179
YGR269W	840	61
YGR270W	457	90
YGR271C-A	40	95
YGR271W	24	132
YGR274C	46	89
YGR275W	15	17
YGR276C	10	14
YGR277C	26	58
YGR278W	8	104
YGR279C	105	143
YGR280C	20	222
YGR281W	219	188
YGR282C	48	197
YGR283C	31	104
YGR284C	66	186
YGR285C	18	65
YGR286C	103	135
YGR287C	296	110
YGR288W	56	378
YGR289C	310	158
YGR292W	116	121
YGR295C	11	70
YGR296C-B	143	742
YGR296W	835	720
YHL001W	0	120
YHL002C-A	990	8
YHL002W	19	56
YHL003C	159	127
YHL004W	74	105
YHL006W-A	461	180
YHL007C	92	154
YHL008C	156	174
YHL009C	122	249
YHL009W-B	84	403
YHL010C	50	75
YHL011C	112	138
YHL012W	178	703
YHL013C	26	109
YHL014C	95	85
YHL015W	43	295
YHL016C	573	80
YHL017W	572	38
YHL019C	24	92
YHL019W-A	86	916
YHL020C	73	111
YHL021C	49	84
YHL023C	23	27
YHL024W	139	300
YHL025W	195	104
YHL026C	182	108
YHL027W	84	212
YHL028W	49	78
YHL029C	22	103
YHL030W	29	115
YHL030W-A	328	3
YHL031C	36	61
YHL032C	66	55
YHL033C	24	66
YHL034C	119	155
YHL034W-A	158	546
YHL035C	51	116
YHL036W	90	68
YHL038C	52	118
YHL039W	57	61
YHL040C	175	252
YHL043W	403	408
YHL044W	21	173
YHL047C	666	153
YHL048W	11	95
YHL050C	0	624
YHL050W-A	53	616
YHR001W	44	74
YHR001W-A	79	207
YHR002W	163	132
YHR003C	55	88
YHR004C	112	197
YHR005C	85	94
YHR006W	30	105
YHR007C	131	14
YHR007C-A	918	645
YHR008C	93	157
YHR009C	157	133
YHR010W	0	124
YHR011W	87	62
YHR012W	0	257
YHR013C	48	101
YHR015W	34	100
YHR016C	0	139
YHR017W	13	93
YHR018C	46	157
YHR019C	55	105
YHR020W	131	87
YHR021C	0	85
YHR023W	12	107
YHR024C	16	227
YHR025W	34	81
YHR026W	126	150
YHR027C	41	132
YHR028C	43	103
YHR028W-A	0	421
YHR029C	128	30
YHR030C	160	94
YHR031C	29	116
YHR032W	93	404
YHR033W	321	143
YHR034C	29	19
YHR035W	35	202
YHR036W	122	225
YHR037W	35	163
YHR038W	26	92
YHR039C	111	98
YHR039C-A	0	79
YHR040W	18	86
YHR041C	262	14
YHR042W	39	126
YHR043C	11	78
YHR044C	243	79
YHR045W	126	62
YHR046C	85	129
YHR047C	17	149
YHR048W	189	765
YHR049C-A	0	647
YHR049W	60	134
YHR050W	187	59
YHR050W-A	73	624
YHR051W	149	118
YHR052W	34	136
YHR053C	116	175
YHR054C	19	139
YHR056C	40	139
YHR057C	372	71
YHR058C	32	59
YHR059W	60	100
YHR060W	5	69
YHR061C	402	237
YHR062C	99	82
YHR063C	60	85
YHR064C	34	103
YHR065C	31	114
YHR066W	41	117
YHR067W	96	334
YHR068W	79	147
YHR069C	104	146
YHR070C-A	275	154
YHR070W	6	353
YHR071W	30	51
YHR072W	71	104
YHR072W-A	64	160
YHR073W	86	150
YHR074W	22	113
YHR075C	159	70
YHR076W	290	133
YHR077C	0	116
YHR078W	84	73
YHR079C	213	219
YHR080C	190	59
YHR081W	287	125
YHR082C	375	254
YHR083W	8	88
YHR084W	291	308
YHR085W	21	39
YHR086W	189	121
YHR087W	71	185
YHR088W	32	95
YHR089C	66	17
YHR090C	24	250
YHR091C	267	95
YHR092C	73	60
YHR094C	30	98
YHR096C	201	142
YHR097C	58	94
YHR098C	69	143
YHR099W	89	126
YHR100C	51	34
YHR101C	21	182
YHR102W	118	79
YHR103W	103	172
YHR104W	90	137
YHR106W	941	94
YHR107C	50	168
YHR108W	26	116
YHR109W	4	79
YHR110W	344	113
YHR111W	17	50
YHR112C	458	158
YHR113W	356	88
YHR114W	57	74
YHR115C	170	118
YHR116W	756	239
YHR117W	74	93
YHR118C	37	74
YHR119W	224	142
YHR120W	22	63
YHR121W	68	85
YHR122W	47	144
YHR123W	60	137
YHR124W	396	39
YHR127W	125	177
YHR128W	53	221
YHR129C	101	98
YHR130C	898	123
YHR131C	57	276
YHR132C	59	80
YHR132W-A	43	146
YHR133C	416	150
YHR134W	78	121
YHR135C	109	106
YHR136C	77	95
YHR137C-A	979	49
YHR137W	20	99
YHR138C	62	108
YHR141C	0	106
YHR142W	209	84
YHR143W	267	234
YHR143W-A	47	253
YHR144C	21	57
YHR146W	24	195
YHR147C	250	120
YHR148W	423	347
YHR149C	121	104
YHR150W	48	150
YHR151C	155	141
YHR152W	82	112
YHR154W	38	86
YHR155W	86	152
YHR156C	480	29
YHR158C	486	148
YHR159W	56	101
YHR160C	279	249
YHR161C	123	96
YHR162W	177	118
YHR163W	17	119
YHR164C	101	143
YHR165C	98	99
YHR166C	79	54
YHR167W	62	96
YHR168W	70	202
YHR169W	53	87
YHR170W	38	125
YHR171W	2	83
YHR172W	96	332
YHR173C	112	133
YHR174W	54	126
YHR175W	505	254
YHR175W-A	643	0
YHR176W	113	50
YHR177W	259	629
YHR178W	42	144
YHR179W	53	105
YHR180W	219	131
YHR181W	40	83
YHR182C-A	374	40
YHR182W	13	49
YHR183W	72	121
YHR184W	127	145
YHR186C	150	114
YHR187W	23	107
YHR188C	36	74
YHR190W	150	100
YHR191C	15	542
YHR192W	34	82
YHR193C	35	62
YHR194W	38	87
YHR195W	355	171
YHR196W	44	53
YHR197W	12	110
YHR198C	2	130
YHR199C	297	72
YHR199C-A	57	414
YHR200W	27	53
YHR201C	24	67
YHR202W	21	65
YHR203C	0	24
YHR204W	34	85
YHR205W	381	125
YHR206W	277	192
YHR207C	30	45
YHR208W	31	162
YHR209W	525	94
YHR210C	222	138
YHR211W	994	81
YHR212C	778	568
YHR213W-A	238	58
YHR214C-B	41	319
YHR214C-C	151	735
YHR214W-A	449	134
YHR215W	300	50
YHR216W	92	186
YHR219C-A	473	564
YHR219W	378	472
YIL001W	65	82
YIL002C	153	30
YIL002W-A	15	97
YIL003W	234	92
YIL004C	67	109
YIL005W	137	66
YIL006W	209	228
YIL007C	185	162
YIL008W	71	142
YIL009C-A	24	108
YIL009W	10	236
YIL010W	30	180
YIL011W	46	109
YIL013C	0	193
YIL014C-A	77	174
YIL014W	148	92
YIL015W	32	80
YIL016W	136	59
YIL017C	65	95
YIL018W	0	90
YIL019W	24	111
YIL020C	74	111
YIL020C-A	772	874
YIL021C-A	541	283
YIL021W	80	141
YIL022W	97	217
YIL023C	82	64
YIL024C	228	106
YIL025C	11	0
YIL026C	34	147
YIL027C	47	94
YIL028W	508	276
YIL029C	107	368
YIL030C	49	88
YIL030W-A	918	28
YIL031W	158	112
YIL033C	104	180
YIL034C	27	77
YIL035C	127	21
YIL036W	148	96
YIL037C	2	8
YIL038C	231	163
YIL039W	44	102
YIL040W	16	87
YIL041W	18	86
YIL042C	38	117
YIL043C	20	24
YIL044C	64	116
YIL045W	102	141
YIL046W	33	105
YIL047C	27	162
YIL047C-A	981	146
YIL048W	390	133
YIL049W	16	61
YIL050W	172	123
YIL051C	70	118
YIL052C	0	57
YIL053W	108	151
YIL055C	82	80
YIL056W	141	60
YIL057C	76	88
YIL059C	498	173
YIL060W	50	8
YIL061C	15	40
YIL062C	411	80
YIL063C	42	44
YIL064W	697	36
YIL065C	36	71
YIL066C	221	136
YIL067C	46	61
YIL068C	56	35
YIL068W-A	88	805
YIL069C	0	192
YIL070C	51	101
YIL071C	7	162
YIL071W-A	140	970
YIL072W	110	151
YIL073C	637	56
YIL074C	108	54
YIL075C	51	101
YIL076W	18	71
YIL077C	555	136
YIL078W	38	76
YIL079C	19	39
YIL082W	335	756
YIL082W-A	276	428
YIL083C	135	99
YIL085C	252	61
YIL087C	63	79
YIL088C	61	79
YIL089W	303	9
YIL090W	170	319
YIL091C	15	60
YIL092W	61	101
YIL093C	72	104
YIL094C	84	89
YIL095W	144	72
YIL096C	98	102
YIL097W	13	114
YIL098C	30	85
YIL099W	280	107
YIL101C	118	96
YIL103W	40	79
YIL104C	26	78
YIL105C	129	32
YIL106W	84	86
YIL107C	166	9
YIL108W	16	13
YIL109C	74	113
YIL110W	51	164
YIL111W	552	34
YIL112W	101	130
YIL113W	24	5
YIL114C	386	62
YIL115C	76	64
YIL115W-A	41	923
YIL116W	68	32
YIL117C	149	100
YIL118W	144	161
YIL119C	190	268
YIL120W	433	129
YIL121W	151	146
YIL122W	270	153
YIL123W	47	326
YIL124W	46	109
YIL125W	137	258
YIL126W	69	141
YIL127C	58	88
YIL128W	80	123
YIL129C	102	140
YIL130W	124	140
YIL131C	93	133
YIL132C	35	397
YIL133C	0	101
YIL134W	272	27
YIL135C	63	144
YIL136W	46	52
YIL137C	51	86
YIL138C	18	352
YIL139C	732	116
YIL140W	122	127
YIL142W	26	54
YIL143C	32	229
YIL144W	70	192
YIL145C	58	101
YIL146C	247	203
YIL147C	215	88
YIL148W	0	66
YIL149C	0	100
YIL151C	147	49
YIL152W	22	25
YIL153W	22	43
YIL154C	49	72
YIL155C	29	346
YIL156W	17	138
YIL156W-A	203	0
YIL156W-B	96	89
YIL157C	13	160
YIL158W	20	99
YIL159W	154	74
YIL160C	101	46
YIL161W	16	41
YIL162W	28	222
YIL163C	106	1
YIL164C	539	513
YIL165C	910	144
YIL166C	394	116
YIL167W	145	326
YIL169C	0	293
YIL172C	227	101
YIL173W	269	302
YIL177C	860	596
YIL177W-A	602	715
YIR001C	69	324
YIR002C	78	119
YIR003W	18	73
YIR004W	31	40
YIR005W	93	79
YIR006C	53	87
YIR007W	15	85
YIR008C	42	71
YIR009W	68	453
YIR010W	57	111
YIR011C	14	107
YIR012W	17	64
YIR016W	542	81
YIR017C	96	144
YIR017W-A	220	52
YIR018C-A	793	943
YIR018W	293	294
YIR019C	270	199
YIR020C	735	378
YIR020C-B	496	0
YIR021W	41	57
YIR022W	36	104
YIR023C-A	98	947
YIR023W	6	55
YIR024C	32	74
YIR025W	23	128
YIR026C	89	94
YIR027C	781	115
YIR029W	151	53
YIR030W-A	580	611
YIR031C	143	42
YIR033W	81	66
YIR034C	59	68
YIR035C	120	69
YIR036C	37	69
YIR036W-A	633	0
YIR037W	69	92
YIR038C	22	123
YIR039C	220	102
YIR042C	150	251
YJL001W	48	105
YJL002C	44	112
YJL003W	146	193
YJL004C	308	229
YJL005W	131	145
YJL006C	50	40
YJL008C	34	158
YJL009W	97	961
YJL010C	19	82
YJL011C	42	156
YJL012C	8	58
YJL013C	44	124
YJL014W	29	128
YJL015C	5	443
YJL016W	483	97
YJL019W	90	524
YJL020C	81	139
YJL022W	882	131
YJL023C	72	94
YJL024C	0	163
YJL025W	68	115
YJL026C-A	473	732
YJL026W	73	105
YJL029C	48	97
YJL030W	34	13
YJL031C	68	105
YJL032W	89	687
YJL033W	25	84
YJL034W	50	199
YJL035C	43	58
YJL036W	108	151
YJL038C	225	71
YJL039C	177	365
YJL041W	56	130
YJL042W	57	138
YJL044C	42	68
YJL045W	150	70
YJL046W	15	75
YJL047C	95	85
YJL048C	82	134
YJL049W	21	81
YJL050W	117	61
YJL051W	503	93
YJL052W	75	131
YJL053W	46	144
YJL054W	162	79
YJL055W	17	68
YJL056C	69	115
YJL057C	54	65
YJL058C	56	35
YJL059W	26	51
YJL060W	53	88
YJL061W	29	147
YJL062W	184	80
YJL062W-A	17	100
YJL063C	32	81
YJL064W	260	103
YJL065C	89	117
YJL066C	383	197
YJL068C	52	106
YJL069C	9	92
YJL070C	55	78
YJL071W	83	107
YJL072C	41	157
YJL073W	72	107
YJL074C	20	105
YJL075C	170	817
YJL076W	66	103
YJL077C	27	228
YJL078C	764	357
YJL079C	168	182
YJL080C	214	111
YJL081C	11	149
YJL082W	90	212
YJL083W	56	115
YJL084C	551	149
YJL085W	61	111
YJL087C	90	208
YJL088W	51	90
YJL089W	108	339
YJL090C	47	73
YJL091C	5	85
YJL092W	208	99
YJL093C	50	92
YJL094C	36	128
YJL095W	72	82
YJL096W	32	68
YJL097W	603	75
YJL098W	162	74
YJL099W	101	345
YJL100W	305	59
YJL101C	139	150
YJL102W	27	108
YJL103C	174	169
YJL104W	31	171
YJL105W	748	251
YJL106W	754	103
YJL108C	638	165
YJL109C	20	76
YJL110C	77	105
YJL111W	40	124
YJL112W	278	133
YJL113W	463	405
YJL115W	184	89
YJL116C	263	315
YJL117W	75	142
YJL118W	57	175
YJL119C	505	343
YJL120W	752	0
YJL121C	29	61
YJL122W	21	134
YJL123C	29	51
YJL124C	160	224
YJL125C	40	82
YJL126W	42	123
YJL127C	80	939
YJL127C-B	762	248
YJL128C	207	154
YJL129C	280	78
YJL130C	104	103
YJL131C	33	101
YJL132W	8	131
YJL133C-A	38	159
YJL133W	124	133
YJL134W	50	12
YJL136C	0	132
YJL137C	73	124
YJL138C	63	187
YJL139C	192	113
YJL140W	96	52
YJL141C	77	153
YJL142C	775	425
YJL143W	42	211
YJL144W	23	231
YJL145W	81	66
YJL146W	114	129
YJL147C	301	168
YJL148W	65	212
YJL149W	44	60
YJL152W	0	262
YJL153C	427	138
YJL154C	76	83
YJL155C	141	161
YJL156C	125	391
YJL156W-A	197	209
YJL157C	142	163
YJL158C	42	96
YJL159W	54	307
YJL161W	653	143
YJL162C	97	122
YJL163C	89	49
YJL164C	207	116
YJL165C	161	38
YJL167W	98	102
YJL168C	81	118
YJL169W	86	21
YJL171C	41	180
YJL172W	28	24
YJL173C	10	85
YJL174W	125	166
YJL176C	51	225
YJL177W	94	104
YJL178C	27	90
YJL179W	78	138
YJL180C	33	104
YJL181W	32	85
YJL183W	80	92
YJL184W	91	65
YJL185C	52	174
YJL186W	165	127
YJL187C	121	179
YJL188C	120	0
YJL189W	0	88
YJL190C	26	75
YJL191W	10	97
YJL192C	29	94
YJL193W	347	53
YJL194W	25	134
YJL195C	0	96
YJL196C	250	128
YJL197W	65	76
YJL198W	37	90
YJL199C	352	224
YJL200C	13	150
YJL201W	14	74
YJL202C	158	612
YJL203W	37	79
YJL204C	18	73
YJL205C	361	116
YJL206C	67	68
YJL207C	20	193
YJL208C	74	184
YJL209W	90	95
YJL210W	239	67
YJL211C	617	840
YJL212C	81	117
YJL213W	847	51
YJL216C	814	82
YJL217W	89	99
YJL218W	42	130
YJL221C	218	104
YJL222W	116	308
YJL225C	855	613
YJL225W-A	613	765
YJR001W	64	84
YJR002W	19	354
YJR003C	6	89
YJR004C	543	143
YJR005W	33	130
YJR006W	6	54
YJR007W	109	135
YJR008W	422	80
YJR009C	101	115
YJR010C-A	59	152
YJR010W	152	135
YJR011C	47	90
YJR012C	39	118
YJR013W	71	67
YJR014W	41	103
YJR015W	265	59
YJR016C	10	135
YJR017C	11	236
YJR018W	508	0
YJR019C	276	74
YJR020W	848	265
YJR021C	33	99
YJR022W	26	57
YJR023C	765	37
YJR024C	10	87
YJR025C	142	81
YJR026W	181	735
YJR027W	41	321
YJR028W	184	740
YJR029W	41	325
YJR030C	45	148
YJR031C	66	135
YJR032W	13	108
YJR033C	35	58
YJR034W	82	54
YJR035W	9	116
YJR036C	114	90
YJR039W	236	47
YJR040W	29	65
YJR041C	45	169
YJR042W	11	93
YJR043C	125	135
YJR044C	78	172
YJR045C	127	220
YJR046W	17	58
YJR047C	54	107
YJR048W	50	169
YJR049C	19	107
YJR050W	22	278
YJR051W	60	74
YJR052W	40	61
YJR054W	642	104
YJR055W	38	412
YJR056C	184	127
YJR057W	431	72
YJR058C	243	48
YJR059W	62	136
YJR060W	102	290
YJR061W	344	166
YJR062C	12	107
YJR063W	36	137
YJR064W	58	42
YJR065C	23	156
YJR066W	0	116
YJR067C	7	105
YJR068W	42	51
YJR069C	39	140
YJR070C	79	133
YJR071W	917	12
YJR072C	35	73
YJR073C	30	47
YJR074W	824	77
YJR075W	86	66
YJR076C	66	95
YJR077C	40	148
YJR078W	35	27
YJR079W	408	377
YJR080C	31	128
YJR083C	28	87
YJR084W	27	104
YJR085C	43	84
YJR086W	21	17
YJR087W	353	661
YJR088C	38	63
YJR089W	105	69
YJR090C	265	103
YJR091C	15	280
YJR092W	56	125
YJR093C	74	107
YJR094C	183	172
YJR094W-A	23	135
YJR095W	141	194
YJR096W	111	81
YJR097W	93	160
YJR098C	36	174
YJR099W	154	76
YJR100C	118	74
YJR101W	82	145
YJR102C	188	116
YJR103W	95	57
YJR104C	35	69
YJR105W	383	45
YJR106W	118	26
YJR107C-A	17	163
YJR107W	975	100
YJR108W	0	119
YJR109C	47	105
YJR110W	114	143
YJR111C	122	108
YJR112W	27	81
YJR112W-A	21	110
YJR113C	233	57
YJR114W	542	154
YJR115W	221	295
YJR116W	171	36
YJR117W	33	117
YJR118C	66	104
YJR119C	6	43
YJR121W	191	82
YJR122W	118	63
YJR123W	59	127
YJR124C	202	116
YJR125C	49	86
YJR126C	0	70
YJR127C	656	77
YJR129C	48	40
YJR130C	51	97
YJR131W	247	61
YJR132W	46	172
YJR133W	609	104
YJR134C	55	108
YJR135W-A	20	102
YJR136C	8	33
YJR137C	155	148
YJR138W	131	149
YJR139C	100	71
YJR140C	39	207
YJR140W-A	434	136
YJR141W	22	58
YJR142W	9	111
YJR143C	48	130
YJR144W	36	65
YJR145C	0	77
YJR146W	485	817
YJR147W	793	129
YJR148W	901	61
YJR149W	828	40
YJR151C	143	73
YJR152W	330	92
YJR153W	278	286
YJR155W	365	56
YJR156C	14	148
YJR158W	264	199
YJR159W	113	74
YJR161C	89	617
YKL001C	138	78
YKL002W	67	78
YKL003C	30	106
YKL004W	345	48
YKL005C	103	175
YKL006C-A	237	910
YKL006W	9	92
YKL007W	30	141
YKL008C	257	73
YKL009W	48	101
YKL010C	92	65
YKL011C	14	93
YKL012W	78	96
YKL013C	34	170
YKL014C	17	116
YKL015W	87	117
YKL016C	78	86
YKL017C	0	66
YKL018C-A	99	89
YKL018W	44	130
YKL019W	152	79
YKL020C	42	73
YKL021C	0	100
YKL022C	11	102
YKL023C-A	23	724
YKL023W	182	153
YKL024C	213	101
YKL025C	6	63
YKL026C	96	178
YKL027W	121	108
YKL028W	30	306
YKL029C	37	116
YKL030W	268	884
YKL032C	83	159
YKL033W	29	442
YKL033W-A	94	71
YKL034W	79	74
YKL035W	113	155
YKL038W	225	175
YKL039W	155	193
YKL040C	63	253
YKL041W	130	78
YKL042W	54	201
YKL043W	236	170
YKL045W	646	113
YKL046C	217	223
YKL047W	31	108
YKL048C	73	178
YKL049C	50	112
YKL050C	150	75
YKL051W	272	179
YKL052C	706	41
YKL053C-A	75	116
YKL053W	206	546
YKL054C	83	216
YKL055C	241	201
YKL056C	75	163
YKL057C	42	53
YKL058W	36	164
YKL059C	59	100
YKL060C	94	86
YKL061W	319	161
YKL062W	94	306
YKL063C	171	178
YKL064W	124	158
YKL065C	250	50
YKL066W	590	0
YKL067W	125	195
YKL068W	109	120
YKL069W	14	35
YKL070W	445	299
YKL071W	772	81
YKL072W	103	133
YKL073W	42	83
YKL074C	14	80
YKL075C	83	166
YKL076C	991	48
YKL077W	59	204
YKL078W	22	91
YKL079W	57	78
YKL080W	94	47
YKL081W	8	207
YKL082C	68	81
YKL083W	446	842
YKL084W	35	156
YKL085W	125	35
YKL086W	38	77
YKL087C	103	134
YKL088W	18	42
YKL089W	75	86
YKL090W	295	163
YKL091C	39	96
YKL092C	76	137
YKL093W	508	157
YKL094W	309	93
YKL096C-B	481	203
YKL096W	45	104
YKL098W	34	86
YKL099C	65	55
YKL100C	32	77
YKL100W-A	717	884
YKL101W	269	60
YKL103C	47	180
YKL104C	184	251
YKL105C	124	220
YKL106W	98	120
YKL107W	218	62
YKL108W	30	75
YKL109W	23	365
YKL110C	460	134
YKL111C	112	657
YKL112W	156	142
YKL113C	40	103
YKL114C	297	87
YKL116C	89	139
YKL117W	44	151
YKL118W	178	0
YKL119C	43	142
YKL120W	106	126
YKL121W	222	125
YKL122C	42	98
YKL123W	958	71
YKL124W	108	107
YKL125W	141	156
YKL126W	199	74
YKL127W	33	142
YKL128C	270	91
YKL129C	39	115
YKL130C	64	118
YKL132C	182	152
YKL133C	23	50
YKL134C	40	223
YKL135C	112	78
YKL136W	161	879
YKL137W	58	144
YKL138C	111	75
YKL139W	173	56
YKL140W	262	135
YKL141W	30	99
YKL142W	67	128
YKL143W	42	87
YKL144C	69	128
YKL145W	42	65
YKL145W-A	787	630
YKL146W	8	87
YKL148C	281	197
YKL149C	29	137
YKL150W	66	109
YKL151C	130	37
YKL152C	33	141
YKL153W	121	108
YKL154W	88	66
YKL155C	12	41
YKL156W	0	217
YKL157W	28	156
YKL159C	42	119
YKL160W	19	78
YKL161C	984	287
YKL162C	41	144
YKL163W	732	311
YKL164C	79	262
YKL165C	39	80
YKL166C	170	27
YKL167C	9	152
YKL168C	44	67
YKL169C	130	54
YKL170W	82	140
YKL171W	77	103
YKL172W	23	105
YKL173W	42	107
YKL174C	93	86
YKL175W	60	82
YKL176C	335	58
YKL179C	5	148
YKL180W	44	116
YKL181W	205	126
YKL182W	281	87
YKL183C-A	0	477
YKL183W	196	136
YKL184W	196	286
YKL185W	337	114
YKL186C	130	102
YKL187C	769	157
YKL188C	91	90
YKL189W	133	132
YKL190W	35	170
YKL191W	18	88
YKL192C	33	137
YKL193C	31	111
YKL194C	71	168
YKL195W	33	130
YKL196C	65	155
YKL197C	22	301
YKL198C	217	131
YKL203C	181	81
YKL204W	21	168
YKL205W	34	124
YKL206C	25	21
YKL207W	805	54
YKL208W	33	72
YKL209C	91	177
YKL210W	38	97
YKL211C	65	80
YKL212W	136	145
YKL213C	27	79
YKL214C	62	61
YKL215C	62	203
YKL216W	60	245
YKL217W	168	140
YKL218C	434	63
YKL219W	325	84
YKL220C	377	178
YKL222C	121	241
YKR001C	56	134
YKR002W	192	74
YKR003W	97	89
YKR004C	47	74
YKR005C	976	214
YKR006C	21	85
YKR007W	17	73
YKR008W	20	117
YKR009C	89	122
YKR010C	119	107
YKR011C	98	118
YKR012C	908	86
YKR013W	38	106
YKR014C	70	95
YKR015C	743	540
YKR016W	36	231
YKR017C	94	160
YKR018C	39	158
YKR019C	94	85
YKR020W	31	240
YKR021W	72	154
YKR022C	44	125
YKR023W	32	79
YKR024C	19	82
YKR025W	38	44
YKR026C	96	176
YKR027W	59	96
YKR028W	363	153
YKR029C	10	117
YKR030W	206	118
YKR031C	0	220
YKR035C	125	12
YKR035W-A	32	127
YKR036C	63	34
YKR037C	27	145
YKR038C	18	70
YKR039W	61	98
YKR042W	210	142
YKR043C	26	143
YKR044W	485	70
YKR045C	28	111
YKR046C	293	64
YKR048C	23	37
YKR049C	17	50
YKR050W	871	95
YKR051W	331	78
YKR052C	112	369
YKR053C	747	93
YKR054C	40	236
YKR055W	52	306
YKR056W	0	67
YKR057W	0	180
YKR058W	47	95
YKR059W	87	103
YKR060W	33	71
YKR061W	174	78
YKR062W	718	139
YKR063C	30	131
YKR064W	33	49
YKR065C	25	129
YKR066C	30	88
YKR067W	450	165
YKR068C	40	13
YKR069W	152	32
YKR070W	10	153
YKR071C	36	252
YKR072C	129	119
YKR074W	34	127
YKR075C	46	125
YKR075W-A	538	227
YKR076W	165	49
YKR077W	39	79
YKR078W	34	48
YKR079C	232	136
YKR080W	156	151
YKR081C	19	84
YKR082W	33	76
YKR083C	48	134
YKR084C	25	78
YKR085C	13	58
YKR086W	15	102
YKR087C	204	104
YKR088C	610	71
YKR089C	67	83
YKR090W	172	143
YKR091W	187	129
YKR092C	31	248
YKR093W	242	22
YKR094C	0	180
YKR095W	147	190
YKR095W-A	52	125
YKR096W	156	112
YKR097W	136	228
YKR098C	122	81
YKR099W	272	115
YKR100C	350	70
YKR101W	24	228
YKR102W	189	143
YKR104W	859	139
YKR105C	122	153
YKR106W	112	24
YLL001W	49	25
YLL002W	11	75
YLL003W	49	61
YLL004W	5	79
YLL005C	0	821
YLL006W	26	33
YLL007C	74	76
YLL008W	21	130
YLL010C	229	236
YLL011W	0	84
YLL012W	46	81
YLL013C	281	161
YLL014W	7	77
YLL015W	298	51
YLL016W	665	209
YLL018C	67	157
YLL018C-A	47	486
YLL019C	446	146
YLL020C	924	17
YLL021W	140	122
YLL022C	20	59
YLL023C	41	65
YLL024C	33	141
YLL025W	15	99
YLL026W	42	92
YLL027W	205	108
YLL028W	309	160
YLL029W	92	108
YLL031C	41	98
YLL032C	75	320
YLL033W	6	949
YLL034C	193	111
YLL035W	149	119
YLL036C	16	65
YLL037W	275	889
YLL039C	334	49
YLL040C	108	73
YLL041C	60	278
YLL043W	38	138
YLL044W	474	17
YLL045C	50	79
YLL048C	181	17
YLL049W	12	16
YLL050C	0	115
YLL051C	58	176
YLL052C	242	503
YLL054C	57	363
YLL055W	291	57
YLL056C	156	122
YLL057C	292	161
YLL058W	80	87
YLL060C	834	227
YLL061W	97	62
YLL062C	142	59
YLL063C	304	73
YLL066C	869	69
YLL066W-A	445	657
YLL067C	617	585
YLL067W-A	597	608
YLR001C	29	75
YLR002C	25	68
YLR003C	33	83
YLR005W	25	138
YLR006C	169	96
YLR007W	6	65
YLR008C	99	209
YLR009W	164	129
YLR011W	102	192
YLR014C	27	216
YLR015W	45	175
YLR016C	33	50
YLR017W	7	77
YLR018C	82	103
YLR019W	277	246
YLR020C	38	172
YLR021W	21	72
YLR022C	14	66
YLR023C	291	411
YLR024C	154	56
YLR025W	77	125
YLR026C	104	41
YLR027C	30	70
YLR028C	198	99
YLR029C	64	102
YLR030W	222	626
YLR031W	424	25
YLR032W	13	55
YLR033W	41	200
YLR034C	152	166
YLR035C	12	257
YLR035C-A	344	325
YLR036C	59	194
YLR037C	6	107
YLR038C	69	148
YLR039C	74	68
YLR042C	155	74
YLR044C	142	78
YLR045C	85	132
YLR046C	267	35
YLR047C	236	316
YLR048W	0	222
YLR049C	92	105
YLR050C	147	11
YLR051C	32	108
YLR052W	17	124
YLR055C	299	44
YLR056W	67	128
YLR057W	87	87
YLR058C	68	142
YLR059C	25	186
YLR060W	40	112
YLR061W	0	82
YLR062C	122	256
YLR063W	14	365
YLR064W	743	88
YLR065C	42	116
YLR066W	67	99
YLR067C	92	82
YLR068W	26	19
YLR069C	59	131
YLR070C	111	48
YLR071C	41	140
YLR072W	9	53
YLR073C	130	5
YLR074C	47	69
YLR075W	33	121
YLR077W	17	121
YLR078C	325	80
YLR079W	41	153
YLR080W	182	76
YLR082C	50	318
YLR083C	153	162
YLR084C	141	78
YLR085C	163	110
YLR086W	156	223
YLR087C	177	163
YLR088W	41	172
YLR089C	192	73
YLR090W	83	100
YLR091W	216	298
YLR092W	368	121
YLR093C	0	178
YLR094C	21	121
YLR095C	27	53
YLR096W	203	115
YLR097C	67	108
YLR098C	49	153
YLR099C	89	46
YLR100W	16	85
YLR101C	808	769
YLR102C	230	139
YLR103C	52	68
YLR104W	26	20
YLR105C	263	90
YLR106C	0	187
YLR107W	19	109
YLR108C	117	146
YLR109W	112	73
YLR110C	42	89
YLR113W	336	142
YLR114C	65	216
YLR115W	16	149
YLR116W	208	144
YLR117C	14	135
YLR118C	51	106
YLR119W	337	91
YLR120C	223	335
YLR120W-A	457	163
YLR121C	183	147
YLR125W	0	99
YLR126C	68	66
YLR127C	57	200
YLR128W	0	215
YLR129W	40	108
YLR130C	191	43
YLR131C	188	75
YLR132C	58	141
YLR133W	58	68
YLR134W	672	127
YLR135W	49	124
YLR136C	45	137
YLR137W	14	48
YLR138W	150	63
YLR139C	27	160
YLR141W	122	412
YLR142W	22	46
YLR143W	0	100
YLR144C	58	116
YLR145W	40	63
YLR146C	40	83
YLR146W-A	8	39
YLR147C	29	110
YLR148W	29	148
YLR149C	57	183
YLR149C-A	649	17
YLR150W	132	166
YLR151C	10	275
YLR152C	183	71
YLR153C	51	263
YLR154C	96	68
YLR154C-H	362	540
YLR154W-A	658	38
YLR154W-E	863	812
YLR154W-F	623	127
YLR155C	166	95
YLR157C	166	95
YLR157C-A	173	573
YLR157C-B	121	324
YLR158C	166	79
YLR160C	167	95
YLR162W	0	675
YLR162W-A	569	10
YLR163C	63	102
YLR163W-A	237	267
YLR164W	341	102
YLR165C	203	79
YLR166C	23	64
YLR167W	79	53
YLR168C	791	129
YLR170C	36	260
YLR171W	479	671
YLR172C	26	71
YLR173W	741	366
YLR174W	234	78
YLR175W	64	124
YLR176C	555	102
YLR177W	678	57
YLR178C	406	55
YLR179C	230	102
YLR180W	62	272
YLR181C	78	136
YLR182W	25	122
YLR183C	119	157
YLR185W	0	100
YLR186W	54	78
YLR187W	209	118
YLR188W	64	141
YLR189C	64	82
YLR190W	36	392
YLR191W	58	86
YLR192C	79	217
YLR193C	55	169
YLR194C	202	57
YLR195C	23	73
YLR196W	63	131
YLR197W	42	179
YLR198C	154	943
YLR199C	0	141
YLR200W	59	130
YLR201C	41	107
YLR202C	994	790
YLR203C	90	118
YLR205C	129	66
YLR206W	129	134
YLR207W	50	54
YLR208W	105	138
YLR209C	23	86
YLR210W	56	79
YLR211C	52	327
YLR212C	31	109
YLR213C	103	123
YLR214W	68	134
YLR215C	54	117
YLR216C	20	98
YLR217W	929	25
YLR219W	170	161
YLR220W	142	174
YLR221C	44	229
YLR222C	30	109
YLR222C-A	956	0
YLR223C	313	196
YLR224W	279	96
YLR225C	57	120
YLR226W	39	521
YLR227C	365	126
YLR227W-A	184	740
YLR227W-B	41	316
YLR228C	254	155
YLR229C	207	59
YLR230W	458	104
YLR231C	22	99
YLR233C	34	303
YLR237W	56	180
YLR238W	79	115
YLR239C	40	110
YLR240W	32	114
YLR241W	308	75
YLR242C	98	38
YLR243W	68	43
YLR244C	111	56
YLR246W	542	72
YLR247C	16	121
YLR248W	498	145
YLR249W	29	136
YLR250W	62	105
YLR251W	146	263
YLR252W	536	41
YLR253W	74	72
YLR254C	121	79
YLR256W	859	135
YLR256W-A	152	735
YLR257W	206	98
YLR258W	74	364
YLR259C	35	97
YLR260W	115	170
YLR261C	391	116
YLR262C	65	182
YLR263W	358	62
YLR264W	46	643
YLR265C	235	164
YLR266C	11	26
YLR267W	120	99
YLR268W	56	111
YLR269C	991	460
YLR270W	96	205
YLR271W	308	109
YLR272C	81	75
YLR273C	226	149
YLR274W	21	133
YLR275W	238	254
YLR276C	83	77
YLR277C	136	65
YLR278C	27	44
YLR282C	809	292
YLR283W	24	47
YLR284C	84	86
YLR285C-A	960	830
YLR285W	33	113
YLR286C	218	166
YLR287C	80	229
YLR287C-A	0	211
YLR288C	29	129
YLR289W	19	115
YLR290C	21	110
YLR291C	54	153
YLR292C	29	154
YLR293C	75	105
YLR294C	396	31
YLR295C	53	217
YLR297W	127	297
YLR298C	268	71
YLR299W	255	123
YLR300W	96	217
YLR301W	39	114
YLR304C	29	236
YLR305C	21	54
YLR306W	0	67
YLR307C-A	65	238
YLR309C	303	122
YLR310C	37	258
YLR311C	928	0
YLR312C	123	137
YLR312W-A	28	101
YLR313C	46	437
YLR314C	57	88
YLR315W	23	672
YLR316C	19	71
YLR317W	874	92
YLR318W	20	31
YLR319C	39	186
YLR320W	0	63
YLR321C	17	320
YLR323C	24	177
YLR324W	60	59
YLR326W	155	129
YLR327C	92	125
YLR328W	199	173
YLR330W	44	146
YLR331C	963	397
YLR332W	360	202
YLR333C	15	109
YLR335W	8	102
YLR336C	26	86
YLR337C	129	125
YLR339C	597	26
YLR340W	78	82
YLR342W	247	223
YLR342W-A	994	334
YLR343W	375	575
YLR344W	0	106
YLR345W	79	83
YLR347C	111	257
YLR348C	18	69
YLR349W	658	315
YLR350W	96	89
YLR351C	18	44
YLR352W	128	7
YLR353W	469	153
YLR354C	49	146
YLR355C	73	222
YLR356W	69	106
YLR357W	40	193
YLR358C	143	763
YLR359W	93	129
YLR360W	65	120
YLR361C	253	326
YLR361C-A	17	101
YLR362W	19	114
YLR363C	80	434
YLR363W-A	27	158
YLR367W	190	54
YLR368W	63	36
YLR369W	14	76
YLR370C	41	170
YLR371W	111	175
YLR372W	193	110
YLR373C	5	93
YLR374C	979	0
YLR375W	24	92
YLR376C	24	90
YLR377C	47	143
YLR378C	193	160
YLR380W	92	67
YLR381W	37	77
YLR382C	60	96
YLR383W	71	55
YLR384C	510	76
YLR386W	9	115
YLR387C	85	96
YLR389C	67	93
YLR390W	368	81
YLR390W-A	72	119
YLR392C	171	75
YLR394W	797	87
YLR395C	53	279
YLR396C	46	51
YLR397C	421	145
YLR398C	268	118
YLR399C	34	321
YLR400W	180	367
YLR401C	26	47
YLR403W	130	430
YLR404W	275	52
YLR405W	5	149
YLR406C	0	189
YLR407W	236	226
YLR408C	242	86
YLR409C	47	51
YLR410W	49	86
YLR410W-B	93	319
YLR412W	20	70
YLR413W	47	141
YLR414C	138	119
YLR417W	388	102
YLR418C	47	202
YLR419W	0	108
YLR420W	69	83
YLR421C	36	208
YLR422W	104	84
YLR423C	54	224
YLR424W	19	108
YLR425W	155	72
YLR426W	14	68
YLR427W	93	174
YLR429W	31	124
YLR430W	305	96
YLR431C	142	204
YLR432W	130	58
YLR433C	122	218
YLR434C	792	0
YLR435W	67	151
YLR436C	60	123
YLR437C	57	148
YLR437C-A	997	244
YLR438C-A	36	85
YLR438W	29	12
YLR439W	45	143
YLR440C	96	74
YLR441C	54	213
YLR442C	25	103
YLR443W	216	87
YLR446W	75	149
YLR447C	53	160
YLR448W	0	249
YLR449W	28	78
YLR450W	155	73
YLR451W	83	179
YLR452C	134	218
YLR454W	126	85
YLR455W	243	371
YLR456W	11	36
YLR457C	332	140
YLR459W	28	58
YLR466C-A	445	728
YLR466W	0	68
YLR467C-A	51	729
YLR467W	525	789
YML001W	91	82
YML002W	966	91
YML004C	12	139
YML005W	96	67
YML006C	150	73
YML007W	196	194
YML008C	91	90
YML009C	30	161
YML009C-A	153	764
YML009W-B	821	206
YML010W	31	274
YML011C	139	132
YML012C-A	908	945
YML012W	52	127
YML013W	17	224
YML014W	30	98
YML015C	28	108
YML016C	251	130
YML017W	540	330
YML018C	180	4
YML019W	21	264
YML020W	173	172
YML021C	16	149
YML022W	53	152
YML023C	392	71
YML024W	0	53
YML025C	0	108
YML026C	0	192
YML027W	216	133
YML028W	46	113
YML029W	59	285
YML030W	33	237
YML031W	41	79
YML032C	31	180
YML034W	86	184
YML035C	164	126
YML036W	426	56
YML038C	480	161
YML039W	41	325
YML040W	187	463
YML041C	46	90
YML042W	119	107
YML043C	152	147
YML045W	128	319
YML045W-A	291	735
YML046W	75	168
YML048W	34	174
YML049C	0	121
YML050W	8	119
YML051W	63	102
YML052W	30	100
YML053C	72	153
YML054C	692	95
YML055W	37	48
YML056C	112	95
YML057W	53	109
YML058W	33	155
YML058W-A	12	134
YML059C	24	105
YML060W	76	170
YML061C	122	90
YML062C	32	77
YML063W	56	66
YML064C	88	199
YML065W	85	92
YML066C	182	442
YML067C	209	39
YML068W	79	93
YML069W	43	73
YML070W	42	71
YML071C	89	51
YML072C	152	143
YML073C	0	70
YML074C	34	92
YML075C	359	108
YML076C	16	136
YML077W	63	129
YML078W	25	152
YML079W	13	53
YML080W	150	103
YML081C-A	47	108
YML081W	131	81
YML082W	46	151
YML085C	0	154
YML086C	154	119
YML087C	226	93
YML088W	46	67
YML091C	296	110
YML092C	22	104
YML093W	7	107
YML094C-A	411	0
YML094W	0	96
YML095C	175	465
YML096W	48	115
YML097C	36	75
YML098W	36	97
YML099C	21	150
YML099W-A	784	201
YML100W	49	128
YML101C	77	72
YML101C-A	402	952
YML102W	195	55
YML103C	26	107
YML104C	24	56
YML105C	35	85
YML106W	295	63
YML107C	2	30
YML108W	237	194
YML109W	25	83
YML110C	47	261
YML111W	154	136
YML112W	32	88
YML113W	98	147
YML114C	8	58
YML115C	63	57
YML116W	148	137
YML116W-A	985	44
YML117W	134	171
YML118W	79	40
YML119W	77	62
YML120C	45	356
YML121W	107	148
YML123C	29	126
YML124C	0	62
YML125C	40	82
YML126C	0	148
YML127W	38	128
YML128C	112	188
YML129C	15	197
YML130C	77	83
YML131W	42	184
YML132W	4	70
YML133C	528	608
YML133W-B	69	661
YMR001C	87	162
YMR002W	85	240
YMR003W	51	73
YMR004W	83	146
YMR005W	61	90
YMR006C	215	105
YMR007W	185	434
YMR008C	171	203
YMR008C-A	245	10
YMR009W	483	36
YMR010W	214	136
YMR011W	25	116
YMR012W	117	122
YMR013C	164	87
YMR014W	265	105
YMR015C	43	139
YMR016C	212	137
YMR019W	5	101
YMR020W	97	96
YMR021C	46	273
YMR022W	18	107
YMR023C	92	57
YMR024W	5	143
YMR025W	58	36
YMR026C	105	85
YMR027W	67	51
YMR028W	19	55
YMR029C	28	87
YMR030W	161	114
YMR030W-A	970	101
YMR031C	65	172
YMR032W	86	150
YMR033W	0	156
YMR034C	212	102
YMR035W	325	142
YMR036C	31	140
YMR037C	250	266
YMR038C	33	62
YMR039C	169	178
YMR041C	186	113
YMR042W	139	458
YMR043W	300	329
YMR044W	28	173
YMR045C	41	319
YMR046C	265	786
YMR046W-A	597	64
YMR047C	75	89
YMR048W	12	110
YMR049C	20	62
YMR050C	121	325
YMR051C	176	735
YMR052C-A	996	487
YMR052W	19	111
YMR053C	2	121
YMR054W	195	115
YMR055C	42	61
YMR056C	104	121
YMR058W	53	147
YMR060C	16	30
YMR061W	12	55
YMR062C	278	85
YMR064W	593	122
YMR065W	144	84
YMR066W	5	76
YMR067C	30	29
YMR068W	170	84
YMR070W	195	72
YMR071C	78	79
YMR072W	35	144
YMR073C	33	97
YMR074C	368	71
YMR075C-A	824	939
YMR075W	198	109
YMR076C	77	136
YMR077C	406	159
YMR078C	75	106
YMR079W	0	154
YMR080C	79	426
YMR081C	145	162
YMR083W	61	99
YMR085W	997	44
YMR086C-A	851	985
YMR086W	57	144
YMR087W	614	36
YMR088C	451	73
YMR089C	199	210
YMR090W	765	75
YMR091C	58	61
YMR092C	54	71
YMR093W	39	101
YMR096W	488	151
YMR097C	43	57
YMR098C	86	43
YMR099C	13	67
YMR100W	342	192
YMR102C	317	124
YMR104C	67	664
YMR105C	242	151
YMR105W-A	12	278
YMR106C	87	103
YMR107W	26	71
YMR108W	211	165
YMR109W	52	83
YMR110C	9	78
YMR111C	91	148
YMR112C	108	124
YMR113W	99	69
YMR114C	42	65
YMR115W	42	110
YMR116C	492	138
YMR118C	189	67
YMR119W	208	31
YMR119W-A	457	425
YMR120C	33	143
YMR121C	36	50
YMR122C	119	77
YMR122W-A	47	226
YMR123W	48	86
YMR124W	289	82
YMR125W	0	158
YMR126C	341	91
YMR127C	87	214
YMR128W	35	103
YMR129W	30	28
YMR130W	157	77
YMR131C	64	75
YMR132C	107	220
YMR133W	241	165
YMR134W	112	183
YMR135C	42	121
YMR136W	35	42
YMR137C	35	105
YMR138W	39	69
YMR139W	218	117
YMR140W	45	813
YMR141C	758	932
YMR142C	0	102
YMR143W	0	90
YMR144W	145	166
YMR145C	199	159
YMR146C	68	100
YMR147W	56	140
YMR148W	381	171
YMR149W	65	99
YMR150C	263	55
YMR151W	628	227
YMR152W	101	73
YMR153C-A	731	916
YMR153W	233	130
YMR154C	77	108
YMR155W	206	116
YMR156C	88	57
YMR157C	61	104
YMR158W	108	87
YMR160W	37	43
YMR161W	44	383
YMR162C	147	84
YMR163C	134	48
YMR164C	131	324
YMR165C	75	99
YMR166C	243	225
YMR167W	9	283
YMR168C	239	386
YMR169C	232	58
YMR170C	239	83
YMR171C	185	242
YMR172C-A	42	66
YMR172W	76	106
YMR173W	43	111
YMR173W-A	251	11
YMR176W	104	77
YMR177W	119	209
YMR178W	188	82
YMR179W	171	113
YMR180C	186	116
YMR181C	801	166
YMR182C	226	15
YMR183C	95	96
YMR184W	45	45
YMR185W	11	60
YMR186W	24	97
YMR187C	47	228
YMR188C	72	121
YMR189W	151	87
YMR190C	152	151
YMR191W	7	78
YMR192W	78	78
YMR193W	80	124
YMR194C-A	753	62
YMR194C-B	406	273
YMR194W	0	80
YMR195W	81	128
YMR196W	150	128
YMR197C	43	161
YMR198W	265	131
YMR199W	210	118
YMR200W	115	272
YMR201C	164	83
YMR202W	61	64
YMR203W	56	87
YMR204C	38	210
YMR205C	46	185
YMR206W	197	69
YMR207C	908	139
YMR208W	21	92
YMR209C	61	107
YMR210W	45	60
YMR211W	40	136
YMR212C	106	124
YMR213W	25	38
YMR214W	18	124
YMR215W	17	133
YMR216C	154	114
YMR217W	112	85
YMR218C	19	225
YMR219W	725	53
YMR220W	46	67
YMR221C	23	85
YMR222C	30	52
YMR223W	207	346
YMR224C	39	133
YMR225C	0	159
YMR226C	42	62
YMR227C	23	91
YMR228W	45	99
YMR229C	94	108
YMR230W	0	60
YMR230W-A	395	29
YMR231W	54	190
YMR232W	667	45
YMR233W	34	171
YMR234W	103	124
YMR235C	31	162
YMR236W	20	64
YMR237W	73	166
YMR238W	117	83
YMR239C	67	133
YMR240C	53	54
YMR241W	214	53
YMR242C	0	109
YMR243C	139	113
YMR244C-A	95	113
YMR245W	239	282
YMR246W	214	182
YMR247C	58	61
YMR250W	41	112
YMR251W	153	709
YMR252C	173	132
YMR253C	636	807
YMR255W	271	117
YMR257C	376	234
YMR258C	57	34
YMR259C	58	56
YMR260C	30	162
YMR261C	71	151
YMR262W	43	164
YMR263W	34	70
YMR264W	380	127
YMR265C	230	82
YMR266W	24	189
YMR267W	111	137
YMR268C	31	160
YMR269W	40	57
YMR270C	131	109
YMR271C	524	159
YMR272C	32	177
YMR272W-B	378	466
YMR273C	186	78
YMR275C	41	128
YMR276W	37	109
YMR277W	95	122
YMR278W	28	110
YMR279C	640	235
YMR280C	36	78
YMR281W	105	85
YMR282C	458	74
YMR283C	36	82
YMR284W	35	85
YMR285C	11	152
YMR286W	18	131
YMR287C	56	105
YMR288W	52	54
YMR289W	18	140
YMR290C	32	207
YMR291W	67	85
YMR292W	275	89
YMR293C	27	88
YMR294W	35	134
YMR294W-A	111	364
YMR295C	52	197
YMR296C	125	76
YMR297W	64	112
YMR298W	31	118
YMR299C	48	110
YMR300C	139	92
YMR301C	34	73
YMR302C	42	63
YMR303C	95	90
YMR304C-A	971	918
YMR304W	100	207
YMR305C	169	188
YMR306W	850	444
YMR307C-A	950	802
YMR307W	26	178
YMR308C	159	84
YMR309C	65	315
YMR310C	57	69
YMR311C	43	110
YMR312W	26	108
YMR313C	18	151
YMR314W	60	161
YMR315W	85	117
YMR316C-A	53	802
YMR316C-B	987	143
YMR316W	690	58
YMR317W	756	198
YMR318C	127	105
YMR319C	283	228
YNL001W	52	68
YNL002C	30	68
YNL003C	60	171
YNL004W	9	140
YNL005C	220	78
YNL006W	57	353
YNL007C	130	57
YNL008C	364	46
YNL009W	83	142
YNL010W	28	80
YNL011C	102	83
YNL012W	170	179
YNL014W	0	70
YNL016W	92	331
YNL018C	233	203
YNL019C	134	126
YNL020C	122	156
YNL021W	48	149
YNL022C	25	96
YNL023C	53	79
YNL024C	411	104
YNL024C-A	70	179
YNL025C	88	235
YNL026W	5	103
YNL027W	93	98
YNL029C	30	68
YNL030W	26	166
YNL031C	63	242
YNL032W	147	65
YNL034W	124	196
YNL035C	55	203
YNL036W	76	58
YNL037C	114	128
YNL038W	15	118
YNL039W	30	54
YNL040W	105	145
YNL041C	44	181
YNL042W	312	104
YNL043C	172	218
YNL044W	79	160
YNL045W	283	68
YNL046W	228	162
YNL047C	165	89
YNL048W	20	101
YNL049C	23	109
YNL050C	23	63
YNL051W	14	43
YNL052W	24	252
YNL053W	232	128
YNL054W	352	229
YNL054W-A	199	735
YNL054W-B	41	321
YNL055C	71	62
YNL056W	165	108
YNL057W	692	10
YNL058C	55	107
YNL059C	11	103
YNL061W	29	38
YNL062C	55	116
YNL063W	498	72
YNL064C	185	129
YNL065W	81	109
YNL066W	12	199
YNL067W	46	223
YNL068C	157	176
YNL069C	0	158
YNL071W	41	82
YNL072W	125	77
YNL073W	2	79
YNL074C	55	113
YNL075W	106	82
YNL076W	246	63
YNL077W	167	44
YNL078W	21	83
YNL079C	50	170
YNL080C	189	106
YNL081C	48	178
YNL082W	34	85
YNL083W	20	253
YNL084C	52	79
YNL085W	254	289
YNL087W	199	180
YNL088W	69	159
YNL089C	336	274
YNL090W	160	166
YNL091W	120	85
YNL092W	53	87
YNL093W	244	273
YNL094W	264	58
YNL095C	219	115
YNL096C	0	196
YNL097C	120	122
YNL098C	8	121
YNL099C	53	247
YNL100W	69	118
YNL101W	187	189
YNL102W	0	79
YNL103W	183	76
YNL104C	136	129
YNL106C	88	61
YNL107W	37	169
YNL108C	36	157
YNL109W	115	338
YNL110C	64	114
YNL111C	219	248
YNL112W	38	141
YNL113W	47	172
YNL114C	353	18
YNL115C	35	141
YNL116W	49	160
YNL117W	56	85
YNL118C	48	133
YNL119W	22	92
YNL121C	37	164
YNL122C	37	150
YNL123W	31	82
YNL124W	214	90
YNL125C	185	99
YNL126W	226	106
YNL127W	86	156
YNL129W	227	124
YNL130C	54	94
YNL131W	39	321
YNL132W	59	95
YNL133C	26	103
YNL134C	561	54
YNL135C	21	128
YNL136W	8	115
YNL137C	94	115
YNL138W	20	122
YNL139C	92	195
YNL140C	938	129
YNL141W	58	116
YNL142W	282	73
YNL143C	269	406
YNL144C	204	65
YNL145W	50	159
YNL146C-A	215	332
YNL147W	78	33
YNL148C	39	167
YNL149C	635	106
YNL150W	36	109
YNL151C	62	151
YNL152W	18	78
YNL153C	27	185
YNL154C	204	179
YNL155W	139	95
YNL156C	201	67
YNL157W	555	60
YNL158W	47	665
YNL159C	21	180
YNL160W	45	219
YNL161W	152	373
YNL162W	0	90
YNL162W-A	63	378
YNL163C	88	128
YNL164C	156	87
YNL165W	65	147
YNL166C	15	92
YNL167C	296	197
YNL168C	116	159
YNL169C	115	67
YNL170W	942	876
YNL171C	204	980
YNL172W	88	272
YNL173C	60	98
YNL174W	793	10
YNL175C	34	113
YNL176C	168	252
YNL177C	39	164
YNL178W	49	42
YNL179C	544	811
YNL180C	194	79
YNL181W	68	88
YNL182C	52	88
YNL183C	211	116
YNL184C	36	423
YNL185C	87	128
YNL186W	177	117
YNL187W	454	143
YNL188W	101	24
YNL189W	190	123
YNL190W	271	553
YNL191W	81	81
YNL192W	60	112
YNL193W	13	58
YNL194C	308	215
YNL195C	754	96
YNL196C	58	75
YNL197C	112	693
YNL199C	117	173
YNL200C	137	79
YNL201C	252	200
YNL202W	527	36
YNL203C	517	443
YNL206C	31	78
YNL207W	131	54
YNL208W	56	98
YNL209W	34	122
YNL210W	745	11
YNL212W	48	148
YNL213C	90	91
YNL214W	234	252
YNL215W	82	44
YNL216W	40	138
YNL217W	154	93
YNL218W	217	173
YNL219C	155	26
YNL220W	83	97
YNL221C	74	161
YNL222W	42	176
YNL223W	19	69
YNL224C	76	139
YNL225C	36	73
YNL227C	45	74
YNL228W	73	977
YNL229C	204	154
YNL230C	67	384
YNL231C	153	77
YNL232W	73	63
YNL233W	225	87
YNL234W	48	77
YNL235C	0	141
YNL236W	33	93
YNL237W	290	173
YNL238W	255	120
YNL239W	135	104
YNL240C	37	113
YNL241C	173	207
YNL242W	136	54
YNL243W	56	75
YNL244C	21	115
YNL245C	217	397
YNL246W	181	137
YNL247W	17	131
YNL248C	55	207
YNL249C	153	541
YNL250W	490	152
YNL251C	260	83
YNL252C	21	127
YNL253W	24	158
YNL254C	132	874
YNL255C	45	252
YNL256W	73	68
YNL257C	45	50
YNL258C	36	99
YNL260C	68	345
YNL261W	160	119
YNL262W	2	171
YNL263C	130	103
YNL264C	18	143
YNL265C	0	149
YNL266W	596	433
YNL267W	74	136
YNL268W	54	129
YNL271C	274	161
YNL272C	86	114
YNL273W	351	53
YNL274C	67	107
YNL275W	187	92
YNL276C	105	503
YNL277W	289	102
YNL278W	185	198
YNL279W	157	236
YNL280C	128	110
YNL281W	791	165
YNL282W	385	819
YNL283C	428	55
YNL284C	185	77
YNL284C-A	181	735
YNL284C-B	41	319
YNL286W	510	82
YNL287W	184	236
YNL288W	129	76
YNL289W	74	124
YNL290W	7	85
YNL291C	209	46
YNL292W	5	131
YNL293W	52	90
YNL294C	182	101
YNL295W	145	143
YNL297C	33	80
YNL298W	177	111
YNL299W	854	70
YNL300W	90	257
YNL301C	8	162
YNL302C	0	129
YNL303W	885	519
YNL304W	39	122
YNL305C	28	92
YNL306W	17	90
YNL307C	154	326
YNL308C	26	80
YNL309W	61	130
YNL310C	28	98
YNL311C	4	61
YNL312W	0	85
YNL313C	25	89
YNL314W	33	98
YNL315C	10	70
YNL316C	58	55
YNL317W	10	73
YNL320W	120	126
YNL321W	15	39
YNL322C	28	82
YNL323W	404	119
YNL325C	15	53
YNL326C	40	127
YNL327W	16	122
YNL329C	495	63
YNL330C	34	89
YNL331C	569	219
YNL333W	178	140
YNL334C	85	50
YNL335W	851	607
YNL336W	5	73
YNL339C	190	699
YNL339W-B	122	622
YNR001C	154	125
YNR002C	98	149
YNR003C	27	96
YNR003W-A	532	157
YNR006W	17	112
YNR007C	82	294
YNR008W	45	241
YNR009W	74	158
YNR010W	43	84
YNR011C	8	159
YNR012W	81	79
YNR013C	36	106
YNR014W	43	158
YNR015W	12	107
YNR016C	882	107
YNR017W	144	144
YNR018W	59	130
YNR019W	34	57
YNR020C	0	68
YNR021W	38	142
YNR022C	30	117
YNR023W	55	100
YNR024W	24	73
YNR025C	913	297
YNR026C	44	224
YNR027W	35	254
YNR028W	76	92
YNR029C	30	91
YNR030W	59	130
YNR031C	255	113
YNR032C-A	39	11
YNR032W	115	40
YNR033W	339	66
YNR034W	102	255
YNR035C	25	73
YNR036C	15	94
YNR037C	19	67
YNR038W	18	143
YNR039C	32	58
YNR040W	9	58
YNR041C	53	43
YNR042W	756	11
YNR043W	24	143
YNR044W	36	73
YNR045W	48	52
YNR046W	36	144
YNR047W	55	132
YNR048W	48	144
YNR049C	234	92
YNR050C	39	100
YNR051C	708	445
YNR052C	77	53
YNR053C	32	57
YNR054C	28	52
YNR055C	445	88
YNR056C	76	143
YNR057C	22	33
YNR058W	281	115
YNR059W	93	90
YNR060W	16	65
YNR061C	80	311
YNR062C	943	247
YNR064C	350	241
YNR065C	297	69
YNR067C	37	85
YNR068C	970	246
YNR070W	664	672
YNR071C	393	113
YNR072W	44	100
YNR073C	330	128
YNR074C	481	99
YOL001W	433	65
YOL002C	201	68
YOL003C	384	124
YOL004W	195	104
YOL005C	52	52
YOL006C	128	132
YOL007C	672	361
YOL008W	29	160
YOL009C	183	63
YOL010W	44	104
YOL011W	163	286
YOL012C	113	143
YOL013C	146	59
YOL014W	283	241
YOL015W	648	72
YOL016C	93	81
YOL017W	51	111
YOL018C	74	186
YOL019W	131	210
YOL020W	109	122
YOL021C	32	112
YOL022C	35	95
YOL023W	22	174
YOL025W	43	37
YOL026C	25	85
YOL027C	57	195
YOL028C	444	914
YOL029C	956	98
YOL030W	50	151
YOL031C	71	53
YOL032W	85	55
YOL033W	47	88
YOL034W	30	84
YOL036W	381	99
YOL038W	33	68
YOL040C	51	96
YOL041C	39	132
YOL042W	58	98
YOL043C	91	95
YOL044W	55	45
YOL045W	286	132
YOL047C	135	20
YOL048C	57	75
YOL049W	39	123
YOL050C	213	755
YOL051W	170	225
YOL052C	46	114
YOL052C-A	33	271
YOL053W	0	49
YOL054W	74	77
YOL055C	94	82
YOL056W	82	158
YOL057W	21	148
YOL058W	71	143
YOL059W	0	161
YOL060C	237	223
YOL061W	46	136
YOL062C	8	80
YOL063C	55	53
YOL064C	21	99
YOL065C	36	67
YOL066C	108	55
YOL068C	651	5
YOL069W	6	42
YOL070C	16	119
YOL071W	110	139
YOL072W	15	49
YOL073C	26	53
YOL075C	314	214
YOL076W	8	112
YOL077C	56	120
YOL078W	37	75
YOL079W	171	4
YOL080C	53	174
YOL081W	212	106
YOL082W	73	107
YOL083C-A	469	839
YOL083W	158	98
YOL084W	90	144
YOL085C	271	76
YOL085W-A	835	69
YOL086C	179	93
YOL086W-A	95	97
YOL087C	260	104
YOL088C	53	168
YOL089C	214	139
YOL090W	39	100
YOL092W	30	45
YOL093W	39	120
YOL094C	46	20
YOL095C	20	70
YOL096C	29	34
YOL097C	20	89
YOL097W-A	174	485
YOL098C	49	257
YOL099C	501	918
YOL100W	219	95
YOL101C	29	70
YOL102C	12	103
YOL103W	208	165
YOL103W-A	163	735
YOL103W-B	41	325
YOL105C	263	129
YOL107W	46	44
YOL108C	35	209
YOL109W	44	168
YOL110W	49	121
YOL111C	66	54
YOL112W	170	82
YOL113W	159	97
YOL114C	31	40
YOL115W	53	111
YOL116W	467	167
YOL117W	25	96
YOL119C	66	26
YOL120C	0	92
YOL121C	0	66
YOL122C	79	134
YOL123W	367	137
YOL124C	24	96
YOL125W	114	25
YOL126C	76	241
YOL127W	0	82
YOL128C	184	158
YOL129W	28	96
YOL130W	164	361
YOL132W	337	65
YOL133W	37	289
YOL134C	517	54
YOL135C	47	64
YOL136C	209	336
YOL137W	76	212
YOL138C	58	51
YOL139C	75	104
YOL140W	606	31
YOL142W	205	65
YOL143C	33	73
YOL144W	38	49
YOL145C	36	118
YOL146W	5	68
YOL147C	58	151
YOL148C	50	27
YOL149W	32	60
YOL150C	8	783
YOL151W	140	61
YOL152W	74	127
YOL153C	144	79
YOL154W	597	91
YOL155C	136	122
YOL158C	247	163
YOL159C	234	37
YOL159C-A	355	517
YOL164W	714	85
YOR001W	19	78
YOR002W	66	95
YOR003W	112	183
YOR004W	41	145
YOR005C	111	108
YOR006C	123	74
YOR007C	64	97
YOR008C	217	306
YOR009W	457	130
YOR010C	351	71
YOR011W	699	68
YOR013W	639	73
YOR014W	239	297
YOR015W	943	107
YOR016C	120	148
YOR017W	52	144
YOR018W	33	147
YOR019W	121	196
YOR020C	27	104
YOR020W-A	209	175
YOR021C	40	155
YOR022C	13	29
YOR023C	59	54
YOR025W	39	156
YOR026W	602	184
YOR027W	63	97
YOR028C	266	327
YOR030W	88	572
YOR032C	304	105
YOR032W-A	936	225
YOR033C	262	69
YOR034C	284	113
YOR034C-A	998	160
YOR035C	9	179
YOR036W	66	71
YOR037W	65	88
YOR038C	29	98
YOR039W	155	269
YOR040W	209	297
YOR041C	0	334
YOR042W	51	71
YOR043W	392	159
YOR046C	31	58
YOR047C	396	171
YOR048C	37	93
YOR049C	259	42
YOR050C	463	278
YOR051C	60	117
YOR052C	148	158
YOR053W	192	525
YOR054C	151	80
YOR056C	66	53
YOR057W	56	78
YOR058C	215	262
YOR059C	919	59
YOR061W	151	213
YOR062C	170	58
YOR063W	76	120
YOR064C	412	95
YOR065W	293	302
YOR066W	109	215
YOR067C	49	79
YOR069W	55	120
YOR070C	148	69
YOR071C	447	229
YOR073W	38	114
YOR073W-A	921	13
YOR074C	50	108
YOR075W	20	55
YOR076C	26	93
YOR077W	28	821
YOR078W	853	47
YOR080W	4	150
YOR081C	43	89
YOR083W	90	783
YOR084W	709	52
YOR085W	54	104
YOR086C	90	89
YOR087W	65	44
YOR089C	67	195
YOR090C	114	75
YOR091W	58	61
YOR092W	148	188
YOR093C	31	196
YOR094W	96	168
YOR095C	144	117
YOR096W	0	99
YOR097C	471	94
YOR098C	90	124
YOR099W	178	90
YOR100C	79	219
YOR101W	78	220
YOR102W	704	96
YOR103C	301	92
YOR104W	168	394
YOR105W	731	314
YOR106W	86	109
YOR107W	280	318
YOR108W	114	92
YOR109W	82	190
YOR110W	99	59
YOR111W	25	306
YOR112W	61	68
YOR113W	119	310
YOR114W	213	207
YOR115C	69	92
YOR116C	202	121
YOR117W	81	96
YOR118W	190	134
YOR119C	127	181
YOR120W	543	80
YOR121C	564	732
YOR122C	0	195
YOR123C	61	70
YOR124C	100	81
YOR125C	59	140
YOR126C	128	111
YOR127W	256	176
YOR128C	22	60
YOR129C	92	199
YOR130C	96	70
YOR131C	83	57
YOR132W	69	47
YOR133W	64	191
YOR134W	97	301
YOR135C	958	15
YOR136W	105	157
YOR137C	349	95
YOR138C	62	64
YOR140W	94	446
YOR141C	27	293
YOR142W	217	198
YOR142W-A	430	735
YOR142W-B	41	319
YOR143C	81	24
YOR144C	45	154
YOR145C	23	85
YOR146W	623	3
YOR147W	25	159
YOR148C	23	84
YOR149C	64	286
YOR150W	31	104
YOR151C	266	54
YOR152C	604	157
YOR153W	153	107
YOR154W	44	130
YOR155C	17	59
YOR156C	143	254
YOR157C	74	56
YOR158W	17	102
YOR159C	63	78
YOR160W	66	86
YOR161C	154	95
YOR162C	172	154
YOR163W	29	71
YOR164C	30	134
YOR165W	27	93
YOR166C	42	179
YOR167C	22	124
YOR168W	17	103
YOR169C	293	933
YOR170W	67	631
YOR171C	60	191
YOR172W	31	179
YOR173W	89	116
YOR174W	113	38
YOR175C	350	164
YOR176W	114	124
YOR177C	41	148
YOR178C	399	99
YOR179C	24	274
YOR180C	176	228
YOR181W	115	89
YOR182C	0	79
YOR184W	102	103
YOR185C	74	63
YOR187W	87	121
YOR188W	86	132
YOR189W	15	36
YOR190W	467	125
YOR191W	69	202
YOR192C	673	465
YOR192C-B	40	316
YOR192C-C	966	994
YOR193W	48	117
YOR194C	58	76
YOR195W	54	227
YOR196C	36	160
YOR197W	17	76
YOR198C	181	225
YOR199W	370	398
YOR200W	26	752
YOR201C	6	40
YOR202W	33	88
YOR203W	125	248
YOR204W	16	722
YOR205C	8	101
YOR206W	18	83
YOR207C	170	178
YOR208W	207	110
YOR209C	139	118
YOR211C	192	51
YOR212W	197	127
YOR213C	97	346
YOR215C	30	142
YOR216C	50	91
YOR217W	92	232
YOR218C	263	859
YOR219C	80	208
YOR220W	34	169
YOR221C	87	177
YOR222W	83	36
YOR223W	194	53
YOR224C	43	107
YOR225W	6	158
YOR226C	140	160
YOR227W	185	164
YOR228C	251	128
YOR229W	76	207
YOR230W	123	165
YOR231C-A	721	701
YOR231W	140	193
YOR232W	105	139
YOR233W	204	65
YOR234C	0	79
YOR236W	21	65
YOR238W	43	81
YOR239W	15	209
YOR241W	183	94
YOR242C	632	103
YOR243C	22	176
YOR244W	56	98
YOR245C	236	117
YOR246C	82	89
YOR247W	238	130
YOR249C	38	56
YOR250C	29	46
YOR251C	30	65
YOR252W	20	102
YOR253W	32	15
YOR254C	35	100
YOR256C	130	56
YOR257W	40	39
YOR258W	3	267
YOR259C	38	78
YOR260W	38	124
YOR261C	106	79
YOR262W	52	104
YOR263C	998	144
YOR264W	47	144
YOR266W	91	47
YOR267C	139	198
YOR269W	84	107
YOR270C	33	129
YOR271C	58	75
YOR272W	61	82
YOR273C	86	129
YOR274W	83	159
YOR275C	20	120
YOR276W	50	93
YOR277C	93	187
YOR278W	87	81
YOR279C	111	71
YOR280C	46	70
YOR281C	41	96
YOR282W	635	0
YOR283W	97	146
YOR284W	41	282
YOR285W	10	69
YOR286W	33	79
YOR287C	19	65
YOR288C	115	85
YOR289W	138	60
YOR290C	107	74
YOR291W	148	68
YOR292C	36	64
YOR293C-A	13	413
YOR293W	0	144
YOR294W	35	150
YOR295W	218	233
YOR296W	119	190
YOR297C	52	132
YOR298C-A	106	227
YOR298W	0	12
YOR299W	95	73
YOR300W	978	329
YOR301W	5	310
YOR303W	228	76
YOR304C-A	70	334
YOR304W	79	90
YOR305W	76	6
YOR306C	498	103
YOR307C	606	72
YOR308C	17	164
YOR309C	730	106
YOR310C	24	263
YOR311C	55	207
YOR312C	0	83
YOR313C	583	192
YOR315W	76	405
YOR316C	427	65
YOR317W	14	239
YOR319W	652	136
YOR320C	112	100
YOR321W	43	23
YOR322C	210	153
YOR323C	23	85
YOR324C	47	137
YOR326W	179	152
YOR328W	215	63
YOR329C	86	107
YOR330C	42	72
YOR331C	305	38
YOR332W	19	25
YOR334W	41	99
YOR335C	92	148
YOR336W	8	135
YOR337W	29	259
YOR338W	325	217
YOR339C	628	220
YOR340C	68	120
YOR341W	121	286
YOR342C	248	193
YOR343C	441	190
YOR343W-A	158	305
YOR343W-B	260	319
YOR344C	123	152
YOR346W	157	157
YOR347C	76	61
YOR348C	190	165
YOR349W	63	52
YOR350C	23	56
YOR352W	92	72
YOR353C	23	144
YOR354C	12	119
YOR355W	489	181
YOR356W	65	87
YOR357C	36	99
YOR358W	183	282
YOR359W	106	130
YOR360C	221	121
YOR361C	294	88
YOR362C	42	138
YOR363C	56	298
YOR365C	426	40
YOR367W	14	92
YOR368W	257	118
YOR369C	70	102
YOR370C	335	165
YOR372C	52	339
YOR373W	71	97
YOR374W	55	134
YOR375C	65	100
YOR377W	970	230
YOR378W	628	6
YOR380W	196	51
YOR381W	511	71
YOR382W	15	98
YOR383C	247	155
YOR384W	378	122
YOR385W	256	282
YOR386W	54	221
YOR387C	435	34
YOR388C	155	143
YOR389W	55	218
YOR390W	79	39
YOR393W	26	12
YOR394C-A	917	5
YOR396C-A	641	643
YOR396W	852	641
YPL001W	17	57
YPL002C	50	301
YPL003W	31	17
YPL004C	54	178
YPL005W	22	116
YPL006W	35	65
YPL007C	35	101
YPL008W	234	72
YPL009C	19	210
YPL010W	53	128
YPL011C	47	124
YPL012W	120	129
YPL013C	43	10
YPL014W	91	202
YPL015C	44	239
YPL016W	366	118
YPL017C	6	668
YPL018W	103	982
YPL019C	132	81
YPL020C	118	93
YPL022W	72	213
YPL023C	120	134
YPL024W	263	122
YPL026C	56	255
YPL028W	103	97
YPL029W	34	58
YPL030W	69	112
YPL031C	13	83
YPL032C	146	99
YPL034W	323	77
YPL035C	310	123
YPL036W	372	240
YPL037C	78	53
YPL038W	66	113
YPL038W-A	998	808
YPL039W	46	131
YPL040C	17	74
YPL041C	707	143
YPL042C	232	110
YPL043W	48	114
YPL045W	97	231
YPL046C	72	186
YPL047W	68	316
YPL048W	97	128
YPL049C	93	174
YPL050C	191	96
YPL052W	75	66
YPL053C	87	109
YPL054W	109	124
YPL055C	7	78
YPL056C	851	222
YPL057C	200	439
YPL058C	256	228
YPL059W	49	140
YPL060C-A	118	434
YPL060W	200	55
YPL061W	43	127
YPL063W	113	80
YPL064C	19	59
YPL065W	43	66
YPL066W	169	91
YPL067C	62	87
YPL068C	404	68
YPL069C	28	184
YPL070W	205	104
YPL071C	70	90
YPL072W	187	49
YPL074W	15	139
YPL075W	76	199
YPL076W	135	192
YPL077C	38	354
YPL078C	55	259
YPL079W	0	111
YPL080C	0	714
YPL081W	29	176
YPL082C	127	121
YPL083C	66	133
YPL084W	45	58
YPL085W	0	112
YPL086C	32	121
YPL087W	139	105
YPL088W	104	85
YPL089C	231	152
YPL090C	0	95
YPL091W	18	112
YPL092W	121	81
YPL093W	52	239
YPL094C	12	64
YPL095C	225	50
YPL096C-A	78	120
YPL096W	4	64
YPL097W	14	101
YPL098C	56	128
YPL099C	179	166
YPL100W	64	47
YPL101W	37	113
YPL103C	49	211
YPL104W	96	138
YPL105C	16	119
YPL106C	61	120
YPL107W	68	95
YPL108W	866	108
YPL109C	67	4
YPL110C	188	107
YPL111W	40	108
YPL112C	77	67
YPL113C	330	95
YPL115C	281	229
YPL116W	179	128
YPL117C	163	63
YPL118W	74	100
YPL119C	177	553
YPL120W	4	107
YPL122C	30	59
YPL123C	42	143
YPL124W	70	58
YPL125W	157	73
YPL126W	25	111
YPL127C	27	142
YPL128C	57	280
YPL129W	23	68
YPL131W	59	100
YPL132W	169	73
YPL133C	119	67
YPL134C	552	103
YPL135C-A	591	176
YPL135W	79	357
YPL137C	81	173
YPL138C	41	123
YPL139C	49	96
YPL140C	216	188
YPL141C	194	235
YPL143W	0	91
YPL144W	29	63
YPL145C	268	472
YPL146C	41	143
YPL147W	19	85
YPL149W	66	48
YPL150W	60	115
YPL151C	26	85
YPL152W	66	96
YPL153C	170	181
YPL154C	258	100
YPL155C	66	421
YPL156C	51	158
YPL157W	126	110
YPL158C	57	63
YPL159C	107	237
YPL160W	54	172
YPL161C	49	48
YPL162C	322	530
YPL163C	785	169
YPL164C	39	265
YPL165C	119	644
YPL166W	23	80
YPL167C	37	97
YPL168W	138	67
YPL169C	22	183
YPL170W	114	161
YPL171C	20	47
YPL172C	124	135
YPL173W	55	148
YPL174C	122	76
YPL175W	82	119
YPL176C	20	144
YPL177C	166	55
YPL178W	66	39
YPL179W	158	204
YPL180W	35	207
YPL181W	191	110
YPL183C	11	82
YPL183W-A	77	132
YPL184C	662	98
YPL185W	912	146
YPL186C	39	159
YPL188W	14	255
YPL189C-A	97	237
YPL190C	104	393
YPL191C	59	306
YPL193W	60	76
YPL194W	51	228
YPL195W	24	88
YPL196W	65	58
YPL198W	23	95
YPL199C	25	66
YPL201C	15	52
YPL202C	96	387
YPL203W	167	244
YPL204W	52	136
YPL206C	54	97
YPL207W	62	94
YPL208W	16	75
YPL209C	86	98
YPL210C	13	93
YPL211W	31	131
YPL212C	51	151
YPL213W	36	129
YPL214C	110	73
YPL215W	124	154
YPL216W	419	91
YPL217C	419	83
YPL218W	0	70
YPL219W	67	97
YPL220W	42	92
YPL221W	91	141
YPL222C-A	205	864
YPL222W	109	88
YPL223C	131	229
YPL224C	184	167
YPL225W	23	84
YPL226W	18	258
YPL227C	231	25
YPL228W	122	137
YPL229W	38	267
YPL230W	463	106
YPL231W	57	85
YPL232W	652	83
YPL233W	55	46
YPL234C	55	119
YPL235W	93	80
YPL236C	154	212
YPL237W	55	117
YPL238C	622	10
YPL239W	274	156
YPL240C	44	115
YPL241C	241	84
YPL242C	64	153
YPL243W	79	70
YPL244C	192	87
YPL245W	177	53
YPL246C	70	96
YPL247C	48	108
YPL248C	261	140
YPL249C	324	61
YPL249C-A	0	149
YPL250C	58	183
YPL250W-A	203	2
YPL251W	399	8
YPL252C	53	106
YPL253C	97	96
YPL254W	230	66
YPL255W	70	234
YPL256C	161	229
YPL257W	191	407
YPL257W-A	169	787
YPL257W-B	41	324
YPL258C	849	82
YPL259C	7	201
YPL260W	84	183
YPL262W	168	45
YPL263C	19	43
YPL264C	163	24
YPL265W	606	284
YPL266W	70	75
YPL267W	23	53
YPL268W	30	31
YPL269W	13	100
YPL270W	12	86
YPL272C	629	73
YPL273W	124	105
YPL274W	58	46
YPL275W	561	143
YPL276W	819	655
YPL277C	138	568
YPL279C	44	40
YPL280W	575	220
YPL283C	886	790
YPL283W-B	117	662
YPR001W	119	126
YPR002W	91	197
YPR003C	79	211
YPR004C	53	57
YPR005C	220	232
YPR006C	134	74
YPR008W	168	119
YPR009W	127	71
YPR010C	46	167
YPR010C-A	103	151
YPR011C	416	104
YPR012W	482	742
YPR013C	691	106
YPR014C	728	406
YPR015C	249	126
YPR016C	104	195
YPR016W-A	961	332
YPR017C	113	40
YPR018W	123	59
YPR019W	62	109
YPR020W	74	111
YPR021C	211	82
YPR022C	42	73
YPR023C	29	77
YPR024W	164	497
YPR025C	139	132
YPR026W	83	105
YPR027C	284	154
YPR028W	140	140
YPR029C	162	230
YPR030W	313	100
YPR031W	41	115
YPR032W	63	104
YPR033C	33	83
YPR034W	40	252
YPR035W	115	99
YPR036W	44	94
YPR036W-A	64	81
YPR037C	56	81
YPR038W	518	56
YPR039W	694	482
YPR040W	17	74
YPR041W	50	160
YPR042C	104	31
YPR043W	0	76
YPR044C	47	40
YPR045C	46	39
YPR046W	50	74
YPR047W	37	105
YPR048W	12	76
YPR049C	114	90
YPR050C	270	0
YPR051W	43	116
YPR053C	225	281
YPR054W	773	48
YPR055W	47	83
YPR056W	380	138
YPR057W	212	57
YPR058W	88	85
YPR059C	708	573
YPR060C	91	148
YPR061C	76	121
YPR062W	17	116
YPR063C	45	195
YPR065W	64	311
YPR066W	213	765
YPR067W	864	110
YPR068C	41	66
YPR069C	47	67
YPR070W	54	334
YPR071W	50	412
YPR072W	88	83
YPR073C	65	160
YPR074C	102	126
YPR075C	47	112
YPR076W	853	7
YPR079W	87	105
YPR080W	82	126
YPR081C	404	128
YPR082C	34	83
YPR083W	24	123
YPR084W	104	168
YPR085C	103	120
YPR086W	43	155
YPR088C	34	78
YPR089W	35	141
YPR091C	32	102
YPR093C	70	58
YPR095C	216	91
YPR097W	99	129
YPR098C	28	48
YPR099C	215	15
YPR100W	45	88
YPR101W	14	146
YPR102C	91	89
YPR103W	95	52
YPR104C	276	355
YPR105C	327	73
YPR106W	37	50
YPR107C	107	132
YPR108W	90	121
YPR109W	195	54
YPR110C	28	150
YPR111W	23	138
YPR112C	63	105
YPR113W	25	106
YPR114W	50	103
YPR115W	188	273
YPR117W	415	93
YPR118W	39	73
YPR119W	349	534
YPR120C	116	36
YPR121W	914	67
YPR122W	79	135
YPR123C	819	97
YPR124W	166	231
YPR125W	104	186
YPR127W	177	85
YPR128C	53	93
YPR129W	24	71
YPR130C	589	704
YPR131C	57	167
YPR132W	0	105
YPR133C	75	80
YPR134W	311	124
YPR135W	28	50
YPR137C-A	178	740
YPR137C-B	41	321
YPR137W	218	147
YPR138C	430	142
YPR139C	91	94
YPR140W	32	86
YPR141C	165	171
YPR142C	587	0
YPR143W	24	130
YPR144C	23	80
YPR145W	58	121
YPR146C	948	351
YPR147C	65	211
YPR148C	62	81
YPR149W	172	335
YPR150W	40	240
YPR151C	117	89
YPR152C	17	231
YPR154W	280	133
YPR155C	53	103
YPR156C	276	157
YPR157W	66	119
YPR158C-C	473	735
YPR158C-D	41	325
YPR158W	65	148
YPR158W-A	296	740
YPR158W-B	121	325
YPR159W	258	280
YPR160C-A	0	155
YPR160W	150	115
YPR161C	63	92
YPR162C	18	41
YPR163C	83	43
YPR164W	45	274
YPR165W	582	203
YPR166C	49	75
YPR167C	260	58
YPR169W	617	68
YPR169W-A	27	29
YPR170C	168	223
YPR170W-A	166	230
YPR170W-B	27	201
YPR171W	25	79
YPR172W	253	63
YPR173C	399	86
YPR175W	26	48
YPR176C	20	152
YPR178W	36	63
YPR179C	21	55
YPR180W	13	73
YPR181C	57	219
YPR182W	51	78
YPR183W	43	85
YPR184W	47	146
YPR185W	300	283
YPR186C	10	127
YPR187W	0	84
YPR188C	43	72
YPR189W	5	131
YPR190C	30	80
YPR191W	66	164
YPR192W	824	137
YPR194C	90	142
YPR195C	367	189
YPR196W	298	172
YPR198W	42	94
YPR199C	17	178
YPR201W	731	36
YPR204C-A	135	792
YPR204W	506	703
