Gene,five_prime_utr,three_prime_utr
Q0010,NA,NA
Q0017,NA,NA
Q0032,NA,NA
Q0045,NA,NA
Q0050,NA,NA
Q0055,NA,NA
Q0060,NA,NA
Q0065,NA,NA
Q0070,NA,NA
Q0075,NA,NA
Q0080,NA,NA
Q0085,NA,NA
Q0092,NA,NA
Q0105,NA,NA
Q0110,NA,NA
Q0115,NA,NA
Q0120,NA,NA
Q0130,NA,NA
Q0140,NA,NA
Q0142,NA,NA
Q0143,NA,NA
Q0144,NA,NA
Q0160,NA,NA
Q0182,NA,NA
Q0250,NA,NA
Q0255,NA,NA
Q0275,NA,NA
Q0297,NA,NA
YAL001C,NA,NA
YAL002W,NA,NA
YAL003W,32,335
YAL004W,3110,732
YAL005C,252,121
YAL007C,68,289
YAL008W,98,207
YAL009W,445,132
YAL010C,22,182
YAL011W,29,133
YAL012W,112,116
YAL013W,75,95
YAL014C,52,220
YAL015C,7,146
YAL016C-A,NA,NA
YAL016C-B,NA,NA
YAL016W,92,96
YAL017W,NA,NA
YAL018C,NA,NA
YAL019W,NA,NA
YAL019W-A,NA,NA
YAL020C,8,145
YAL021C,43,309
YAL022C,40,144
YAL023C,119,128
YAL024C,NA,NA
YAL025C,22,285
YAL026C,NA,NA
YAL026C-A,NA,NA
YAL027W,91,110
YAL028W,47,79
YAL029C,NA,NA
YAL030W,21,260
YAL031C,NA,161
YAL031W-A,NA,NA
YAL032C,29,142
YAL033W,4,169
YAL034C,634,160
YAL034C-B,30,42
YAL034W-A,43,156
YAL035W,61,123
YAL036C,54,264
YAL037C-A,NA,NA
YAL037C-B,NA,NA
YAL037W,566,1576
YAL038W,141,159
YAL039C,116,86
YAL040C,327,181
YAL041W,66,58
YAL042C-A,NA,NA
YAL042W,46,116
YAL043C,15,195
YAL044C,13,193
YAL044W-A,544,107
YAL045C,NA,NA
YAL046C,158,121
YAL047C,28,57
YAL047W-A,374,149
YAL048C,NA,NA
YAL049C,1486,163
YAL051W,NA,NA
YAL053W,170,59
YAL054C,NA,NA
YAL055W,34,118
YAL056C-A,NA,NA
YAL056W,24,138
YAL058W,58,190
YAL059C-A,NA,NA
YAL059W,42,196
YAL060W,47,129
YAL061W,102,316
YAL062W,39,98
YAL063C,NA,NA
YAL063C-A,931,343
YAL064C-A,NA,NA
YAL064W,NA,NA
YAL064W-B,NA,NA
YAL065C,NA,NA
YAL066W,283,60
YAL067C,NA,NA
YAL067W-A,NA,NA
YAL068C,NA,NA
YAL068W-A,NA,NA
YAL069W,NA,NA
YAR002C-A,25,256
YAR002W,41,237
YAR003W,46,623
YAR007C,78,72
YAR008W,118,122
YAR014C,147,176
YAR015W,102,342
YAR018C,11,218
YAR019C,NA,NA
YAR019W-A,NA,NA
YAR020C,NA,NA
YAR023C,876,35
YAR027W,98,209
YAR028W,59,380
YAR029W,1311,208
YAR030C,NA,NA
YAR031W,NA,NA
YAR033W,63,446
YAR035C-A,NA,NA
YAR035W,36,108
YAR042W,35,163
YAR047C,NA,NA
YAR050W,NA,NA
YAR053W,173,968
YAR060C,NA,NA
YAR064W,NA,NA
YAR066W,NA,NA
YAR068W,NA,NA
YAR069C,NA,NA
YAR070C,NA,NA
YAR071W,NA,NA
YAR073W,NA,NA
YAR075W,NA,NA
YBL001C,230,245
YBL002W,702,191
YBL003C,63,495
YBL004W,NA,NA
YBL005W,NA,NA
YBL006C,33,232
YBL006W-A,151,555
YBL007C,69,164
YBL008W,65,103
YBL008W-A,NA,NA
YBL009W,52,125
YBL010C,67,303
YBL011W,723,204
YBL012C,NA,NA
YBL013W,NA,NA
YBL014C,28,140
YBL015W,168,277
YBL016W,NA,NA
YBL017C,NA,NA
YBL018C,32,329
YBL019W,69,115
YBL020W,78,79
YBL021C,429,169
YBL022C,132,75
YBL023C,116,173
YBL024W,29,279
YBL025W,57,584
YBL026W,41,491
YBL027W,18,384
YBL028C,46,296
YBL029C-A,1274,129
YBL029W,NA,NA
YBL030C,147,322
YBL031W,33,171
YBL032W,97,205
YBL033C,27,172
YBL034C,NA,NA
YBL035C,92,128
YBL036C,1060,136
YBL037W,NA,NA
YBL038W,58,175
YBL039C,78,262
YBL039C-A,693,1139
YBL039W-B,293,176
YBL040C,296,99
YBL041W,236,67
YBL042C,58,160
YBL043W,130,193
YBL044W,NA,NA
YBL045C,260,210
YBL046W,17,187
YBL047C,128,222
YBL048W,NA,NA
YBL049W,NA,NA
YBL050W,76,110
YBL051C,64,448
YBL052C,NA,NA
YBL053W,NA,NA
YBL054W,176,192
YBL055C,394,95
YBL056W,135,412
YBL057C,14,523
YBL058W,27,155
YBL059C-A,661,207
YBL059W,NA,NA
YBL060W,230,37
YBL061C,107,120
YBL062W,NA,NA
YBL063W,NA,NA
YBL064C,263,64
YBL065W,NA,NA
YBL066C,NA,NA
YBL067C,NA,NA
YBL068W,57,517
YBL068W-A,673,197
YBL069W,109,160
YBL070C,NA,NA
YBL071C,12,366
YBL071C-B,NA,NA
YBL071W-A,42,519
YBL072C,24,276
YBL073W,NA,NA
YBL074C,18,288
YBL075C,535,80
YBL076C,45,95
YBL077W,NA,NA
YBL078C,43,480
YBL079W,NA,NA
YBL080C,52,123
YBL081W,548,136
YBL082C,45,35
YBL083C,954,14
YBL084C,NA,NA
YBL085W,201,119
YBL086C,123,59
YBL087C,105,228
YBL088C,NA,NA
YBL089W,15,280
YBL090W,39,218
YBL091C,7,352
YBL091C-A,4,242
YBL092W,363,143
YBL093C,79,437
YBL094C,NA,NA
YBL095W,NA,251
YBL096C,559,41
YBL097W,NA,NA
YBL098W,NA,NA
YBL099W,350,291
YBL100C,NA,NA
YBL100W-C,NA,NA
YBL101C,106,168
YBL102W,218,192
YBL103C,253,502
YBL104C,24,100
YBL105C,265,136
YBL106C,NA,NA
YBL107C,NA,230
YBL107W-A,NA,NA
YBL108C-A,NA,NA
YBL108W,NA,NA
YBL109W,NA,NA
YBL111C,NA,NA
YBL112C,NA,NA
YBL113C,NA,NA
YBL113W-A,NA,NA
YBR001C,149,157
YBR002C,15,251
YBR003W,28,133
YBR004C,1047,93
YBR005W,63,372
YBR006W,130,145
YBR007C,89,182
YBR008C,625,159
YBR009C,524,163
YBR010W,27,356
YBR011C,30,219
YBR012C,4,205
YBR013C,NA,NA
YBR014C,178,123
YBR015C,408,140
YBR016W,497,212
YBR017C,68,186
YBR018C,NA,NA
YBR019C,NA,NA
YBR020W,NA,NA
YBR021W,135,186
YBR022W,247,128
YBR023C,128,201
YBR024W,338,104
YBR025C,30,749
YBR026C,82,129
YBR027C,NA,NA
YBR028C,59,175
YBR029C,110,141
YBR030W,271,120
YBR031W,20,196
YBR032W,NA,NA
YBR033W,NA,NA
YBR034C,60,546
YBR035C,378,132
YBR036C,41,335
YBR037C,59,72
YBR038W,40,189
YBR039W,90,438
YBR040W,NA,NA
YBR041W,108,141
YBR042C,46,136
YBR043C,148,154
YBR044C,82,75
YBR045C,NA,NA
YBR046C,40,433
YBR047W,544,133
YBR048W,14,425
YBR049C,148,245
YBR050C,260,37
YBR051W,NA,NA
YBR052C,70,187
YBR053C,11,342
YBR054W,319,448
YBR055C,20,112
YBR056C-B,NA,NA
YBR056W,69,48
YBR056W-A,159,425
YBR057C,111,137
YBR058C,73,15
YBR058C-A,58,244
YBR059C,46,98
YBR060C,123,62
YBR061C,6,611
YBR062C,72,79
YBR063C,1372,56
YBR064W,NA,NA
YBR065C,34,584
YBR066C,304,104
YBR067C,384,137
YBR068C,76,218
YBR069C,168,159
YBR070C,45,119
YBR071W,215,275
YBR072C-A,NA,NA
YBR072W,181,163
YBR073W,NA,NA
YBR074W,4,114
YBR076C-A,52,1221
YBR076W,NA,NA
YBR077C,540,216
YBR078W,175,641
YBR079C,24,151
YBR080C,35,149
YBR081C,NA,NA
YBR082C,38,526
YBR083W,221,78
YBR084C-A,200,122
YBR084W,61,198
YBR085C-A,573,376
YBR085W,554,161
YBR086C,318,124
YBR087W,162,49
YBR088C,42,199
YBR089C-A,47,243
YBR089W,154,254
YBR090C,NA,NA
YBR091C,40,185
YBR092C,1742,50
YBR093C,465,55
YBR094W,65,121
YBR095C,73,91
YBR096W,60,162
YBR097W,NA,NA
YBR098W,19,151
YBR099C,NA,NA
YBR101C,49,840
YBR102C,34,133
YBR103C-A,NA,NA
YBR103W,212,61
YBR104W,109,468
YBR105C,135,159
YBR106W,5,600
YBR107C,48,565
YBR108W,78,196
YBR109C,44,339
YBR109W-A,109,322
YBR110W,257,125
YBR111C,272,70
YBR111W-A,33,177
YBR112C,174,253
YBR113W,NA,NA
YBR114W,87,171
YBR115C,18,136
YBR116C,NA,NA
YBR117C,NA,NA
YBR118W,206,100
YBR119W,64,264
YBR120C,147,243
YBR121C,198,113
YBR121C-A,870,1075
YBR122C,557,201
YBR123C,62,71
YBR124W,NA,NA
YBR125C,195,137
YBR126C,159,134
YBR126W-A,NA,NA
YBR126W-B,13,223
YBR127C,163,165
YBR128C,52,73
YBR129C,44,159
YBR130C,68,112
YBR131C-A,NA,NA
YBR131W,29,225
YBR132C,407,302
YBR133C,158,305
YBR134W,NA,NA
YBR135W,102,273
YBR136W,NA,NA
YBR137W,77,217
YBR138C,NA,NA
YBR139W,5,209
YBR140C,NA,NA
YBR141C,44,167
YBR141W-A,218,460
YBR142W,82,204
YBR143C,102,203
YBR144C,NA,NA
YBR145W,40,304
YBR146W,62,466
YBR147W,147,417
YBR148W,NA,NA
YBR149W,30,280
YBR150C,NA,NA
YBR151W,148,227
YBR152W,NA,NA
YBR153W,608,221
YBR154C,140,95
YBR155W,511,89
YBR156C,77,178
YBR157C,849,128
YBR158W,262,154
YBR159W,52,165
YBR160W,146,602
YBR161W,228,238
YBR162C,237,371
YBR162W-A,370,84
YBR163W,111,57
YBR164C,121,444
YBR165W,110,151
YBR166C,78,109
YBR167C,611,20
YBR168W,NA,NA
YBR169C,127,164
YBR170C,25,286
YBR171W,33,192
YBR172C,128,137
YBR173C,30,225
YBR174C,772,163
YBR175W,671,106
YBR176W,115,162
YBR177C,45,243
YBR178W,NA,NA
YBR179C,64,75
YBR180W,NA,NA
YBR181C,38,235
YBR182C,NA,NA
YBR182C-A,293,414
YBR183W,98,125
YBR184W,NA,NA
YBR185C,57,184
YBR186W,NA,NA
YBR187W,974,121
YBR188C,79,1163
YBR189W,25,406
YBR190W,NA,NA
YBR191W,21,50
YBR191W-A,848,56
YBR192W,213,277
YBR193C,184,472
YBR194W,121,238
YBR195C,67,143
YBR196C,93,192
YBR196C-A,413,108
YBR196C-B,NA,NA
YBR197C,1495,431
YBR198C,85,95
YBR199W,98,303
YBR200W,62,248
YBR200W-A,NA,NA
YBR201C-A,721,187
YBR201W,142,709
YBR202W,95,176
YBR203W,NA,NA
YBR204C,67,254
YBR205W,NA,NA
YBR206W,963,101
YBR207W,84,194
YBR208C,NA,NA
YBR209W,NA,NA
YBR210W,219,11
YBR211C,NA,NA
YBR212W,447,205
YBR213W,117,195
YBR214W,109,192
YBR215W,40,464
YBR216C,46,293
YBR217W,63,327
YBR218C,149,115
YBR219C,NA,NA
YBR220C,66,260
YBR221C,217,308
YBR221W-A,NA,NA
YBR222C,51,113
YBR223C,22,259
YBR223W-A,NA,NA
YBR224W,NA,NA
YBR225W,NA,NA
YBR226C,NA,NA
YBR227C,91,128
YBR228W,NA,152
YBR229C,28,130
YBR230C,220,34
YBR230W-A,410,131
YBR231C,54,281
YBR232C,NA,NA
YBR233W,142,149
YBR233W-A,42,351
YBR234C,61,156
YBR235W,67,70
YBR236C,46,224
YBR237W,52,89
YBR238C,72,499
YBR239C,161,110
YBR240C,NA,NA
YBR241C,118,156
YBR242W,148,260
YBR243C,52,592
YBR244W,579,85
YBR245C,NA,NA
YBR246W,57,142
YBR247C,32,279
YBR248C,104,183
YBR249C,112,284
YBR250W,NA,NA
YBR251W,79,148
YBR252W,17,298
YBR253W,69,98
YBR254C,12,194
YBR255C-A,59,133
YBR255W,35,146
YBR256C,11,467
YBR257W,302,145
YBR258C,74,353
YBR259W,59,134
YBR260C,40,131
YBR261C,36,180
YBR262C,43,127
YBR263W,39,182
YBR264C,441,41
YBR265W,471,132
YBR266C,NA,NA
YBR267W,166,119
YBR268W,29,190
YBR269C,70,275
YBR270C,NA,NA
YBR271W,257,92
YBR272C,29,245
YBR273C,30,108
YBR274W,39,247
YBR275C,NA,NA
YBR276C,125,88
YBR277C,NA,NA
YBR278W,24,196
YBR279W,40,157
YBR280C,2,182
YBR281C,17,129
YBR282W,802,82
YBR283C,189,242
YBR284W,NA,NA
YBR285W,150,141
YBR286W,27,141
YBR287W,90,228
YBR288C,455,65
YBR289W,13,51
YBR290W,6,176
YBR291C,31,268
YBR292C,NA,NA
YBR293W,NA,NA
YBR294W,NA,NA
YBR295W,NA,NA
YBR296C,NA,NA
YBR296C-A,NA,NA
YBR297W,52,229
YBR298C,238,92
YBR298C-A,NA,NA
YBR299W,31,130
YBR300C,297,282
YBR301W,NA,NA
YBR302C,NA,NA
YCL001W,107,101
YCL001W-A,NA,NA
YCL001W-B,NA,NA
YCL002C,24,545
YCL004W,148,69
YCL005W,281,142
YCL005W-A,81,122
YCL007C,NA,NA
YCL008C,52,152
YCL009C,66,147
YCL010C,17,1471
YCL011C,970,109
YCL012C,136,154
YCL014W,NA,NA
YCL016C,147,146
YCL017C,114,363
YCL018W,144,175
YCL021W-A,89,99
YCL022C,NA,NA
YCL023C,NA,NA
YCL024W,NA,NA
YCL025C,103,76
YCL026C-A,126,211
YCL026C-B,98,74
YCL027W,NA,NA
YCL028W,23,381
YCL029C,98,245
YCL030C,59,154
YCL031C,68,118
YCL032W,373,99
YCL033C,184,70
YCL034W,49,119
YCL035C,114,190
YCL036W,51,138
YCL037C,66,675
YCL038C,100,129
YCL039W,33,70
YCL040W,50,315
YCL041C,NA,NA
YCL042W,NA,NA
YCL043C,102,99
YCL044C,82,173
YCL045C,63,56
YCL046W,NA,NA
YCL047C,2,239
YCL048W,NA,NA
YCL048W-A,NA,NA
YCL049C,54,261
YCL050C,650,113
YCL051W,308,116
YCL052C,368,189
YCL054W,42,117
YCL054W-A,NA,NA
YCL055W,35,178
YCL056C,23,453
YCL057C-A,274,142
YCL057W,7,186
YCL058C,NA,NA
YCL058W-A,50,116
YCL059C,245,110
YCL061C,NA,NA
YCL063W,63,149
YCL064C,18,517
YCL065W,NA,NA
YCL066W,NA,NA
YCL067C,NA,NA
YCL068C,NA,NA
YCL069W,NA,NA
YCL073C,NA,NA
YCL076W,NA,NA
YCR001W,NA,NA
YCR002C,54,420
YCR003W,21,179
YCR004C,199,399
YCR005C,54,279
YCR006C,NA,NA
YCR007C,659,164
YCR008W,481,257
YCR009C,55,681
YCR010C,319,181
YCR011C,150,56
YCR012W,121,163
YCR013C,NA,NA
YCR014C,NA,NA
YCR015C,314,73
YCR016W,25,289
YCR017C,68,189
YCR018C,NA,NA
YCR018C-A,NA,NA
YCR019W,278,113
YCR020C,397,94
YCR020C-A,17,416
YCR020W-B,57,515
YCR021C,112,178
YCR022C,263,279
YCR023C,76,343
YCR024C,155,117
YCR024C-A,207,314
YCR024C-B,197,198
YCR025C,621,23
YCR026C,73,239
YCR027C,190,634
YCR028C,117,800
YCR028C-A,60,291
YCR030C,959,370
YCR031C,27,918
YCR032W,NA,NA
YCR033W,NA,NA
YCR034W,53,322
YCR035C,322,127
YCR036W,43,184
YCR037C,NA,NA
YCR038C,NA,NA
YCR038W-A,NA,NA
YCR039C,NA,NA
YCR040W,NA,NA
YCR041W,NA,NA
YCR042C,NA,NA
YCR043C,32,239
YCR044C,17,161
YCR045C,NA,NA
YCR045W-A,622,813
YCR046C,225,103
YCR047C,126,200
YCR047W-A,NA,NA
YCR048W,53,214
YCR049C,NA,NA
YCR050C,NA,NA
YCR051W,8,258
YCR052W,113,226
YCR053W,126,151
YCR054C,49,228
YCR057C,94,112
YCR059C,19,248
YCR060W,24,122
YCR061W,65,356
YCR063W,118,480
YCR064C,1,29
YCR065W,224,325
YCR066W,49,181
YCR067C,118,90
YCR068W,NA,NA
YCR069W,1197,120
YCR071C,13,252
YCR072C,41,121
YCR073C,NA,NA
YCR073W-A,22,123
YCR075C,21,143
YCR075W-A,240,79
YCR076C,21,222
YCR077C,41,194
YCR079W,57,125
YCR081C-A,NA,NA
YCR081W,NA,NA
YCR082W,1213,106
YCR083W,34,137
YCR084C,226,153
YCR085W,NA,NA
YCR086W,262,46
YCR087C-A,417,62
YCR087W,NA,NA
YCR088W,415,132
YCR089W,NA,NA
YCR090C,418,66
YCR091W,73,163
YCR092C,45,159
YCR093W,NA,NA
YCR094W,33,511
YCR095C,56,94
YCR095W-A,162,1406
YCR096C,NA,NA
YCR097W,43,18
YCR097W-A,NA,NA
YCR098C,237,240
YCR099C,NA,NA
YCR100C,NA,NA
YCR101C,NA,NA
YCR102C,69,270
YCR102W-A,NA,NA
YCR104W,NA,NA
YCR105W,NA,NA
YCR106W,NA,NA
YCR107W,NA,NA
YCR108C,NA,NA
YDL001W,73,133
YDL002C,66,530
YDL003W,126,123
YDL004W,53,388
YDL005C,58,222
YDL006W,339,228
YDL007C-A,NA,NA
YDL007W,46,143
YDL008W,68,141
YDL009C,NA,NA
YDL010W,27,408
YDL011C,NA,NA
YDL012C,554,163
YDL013W,160,113
YDL014W,148,258
YDL015C,65,243
YDL016C,NA,NA
YDL017W,16,113
YDL018C,72,272
YDL019C,106,151
YDL020C,243,159
YDL021W,69,185
YDL022C-A,NA,NA
YDL022W,142,228
YDL023C,NA,NA
YDL024C,10,251
YDL025C,866,181
YDL025W-A,NA,NA
YDL026W,251,176
YDL027C,45,196
YDL028C,175,159
YDL029W,22,343
YDL030W,143,90
YDL031W,55,136
YDL032W,NA,NA
YDL033C,38,254
YDL034W,NA,NA
YDL035C,283,130
YDL036C,17,225
YDL037C,NA,NA
YDL039C,NA,NA
YDL040C,68,111
YDL041W,33,419
YDL042C,82,119
YDL043C,14,443
YDL044C,550,75
YDL045C,184,126
YDL045W-A,219,114
YDL046W,45,377
YDL047W,150,242
YDL048C,49,137
YDL049C,169,258
YDL050C,NA,NA
YDL051W,105,261
YDL052C,51,280
YDL053C,212,189
YDL054C,121,86
YDL055C,148,317
YDL056W,NA,NA
YDL057W,52,212
YDL058W,NA,NA
YDL059C,107,259
YDL060W,NA,NA
YDL061C,55,324
YDL062W,NA,NA
YDL063C,67,244
YDL064W,823,91
YDL065C,96,114
YDL066W,16,499
YDL067C,280,227
YDL068W,12,239
YDL069C,148,122
YDL070W,258,156
YDL071C,NA,NA
YDL072C,452,87
YDL073W,NA,NA
YDL074C,71,134
YDL075W,154,106
YDL076C,146,226
YDL077C,NA,NA
YDL078C,378,65
YDL079C,NA,NA
YDL080C,177,167
YDL081C,66,371
YDL082W,28,386
YDL083C,1693,124
YDL084W,159,307
YDL085C-A,4124,439
YDL085W,NA,NA
YDL086C-A,169,354
YDL086W,193,84
YDL087C,12,965
YDL088C,133,151
YDL089W,322,71
YDL090C,492,52
YDL091C,87,121
YDL092W,41,204
YDL093W,78,267
YDL094C,NA,NA
YDL095W,29,398
YDL096C,NA,NA
YDL097C,57,163
YDL098C,88,137
YDL099W,51,599
YDL100C,35,156
YDL101C,48,297
YDL102W,NA,NA
YDL103C,66,224
YDL104C,35,139
YDL105W,40,536
YDL106C,300,94
YDL107W,70,204
YDL108W,339,37
YDL109C,NA,NA
YDL110C,786,163
YDL111C,68,161
YDL112W,40,110
YDL113C,62,120
YDL114W,NA,NA
YDL114W-A,763,221
YDL115C,77,91
YDL116W,61,57
YDL117W,309,150
YDL118W,NA,NA
YDL119C,171,159
YDL120W,92,247
YDL121C,73,186
YDL122W,247,70
YDL123W,690,400
YDL124W,134,74
YDL125C,239,116
YDL126C,64,90
YDL127W,53,254
YDL128W,131,191
YDL129W,112,439
YDL130W,28,311
YDL130W-A,75,185
YDL131W,35,302
YDL132W,NA,NA
YDL133C-A,150,244
YDL133W,483,92
YDL134C,750,168
YDL135C,157,328
YDL136W,32,323
YDL137W,142,248
YDL138W,123,68
YDL139C,50,116
YDL140C,NA,NA
YDL141W,296,262
YDL142C,91,126
YDL143W,34,259
YDL144C,25,186
YDL145C,304,156
YDL146W,195,258
YDL147W,33,382
YDL148C,60,285
YDL149W,NA,NA
YDL150W,171,94
YDL151C,NA,NA
YDL152W,NA,NA
YDL153C,82,140
YDL154W,NA,NA
YDL155W,1173,119
YDL156W,93,299
YDL157C,43,360
YDL158C,NA,NA
YDL159C-B,NA,NA
YDL159W,45,198
YDL159W-A,NA,NA
YDL160C,NA,NA
YDL160C-A,27,1092
YDL161W,25,242
YDL162C,NA,NA
YDL163W,NA,NA
YDL164C,60,161
YDL165W,55,191
YDL166C,80,140
YDL167C,42,241
YDL168W,86,212
YDL169C,NA,164
YDL170W,19,172
YDL171C,NA,NA
YDL172C,NA,NA
YDL173W,NA,NA
YDL174C,NA,NA
YDL175C,47,215
YDL176W,136,251
YDL177C,94,107
YDL178W,16,140
YDL179W,94,263
YDL180W,177,62
YDL181W,59,308
YDL182W,89,87
YDL183C,2893,359
YDL184C,21,421
YDL185C-A,NA,NA
YDL185W,107,165
YDL186W,NA,NA
YDL187C,628,150
YDL188C,181,153
YDL189W,95,153
YDL190C,NA,NA
YDL191W,686,98
YDL192W,45,747
YDL193W,106,199
YDL194W,NA,NA
YDL195W,112,164
YDL196W,NA,NA
YDL197C,378,172
YDL198C,163,142
YDL199C,50,57
YDL200C,53,82
YDL201W,289,76
YDL202W,52,427
YDL203C,198,195
YDL204W,497,195
YDL205C,234,293
YDL206W,153,13
YDL207W,37,79
YDL208W,29,239
YDL209C,32,258
YDL210W,NA,NA
YDL211C,110,150
YDL212W,91,205
YDL213C,8,540
YDL214C,NA,NA
YDL215C,197,154
YDL216C,18,127
YDL217C,163,471
YDL218W,NA,NA
YDL219W,189,282
YDL220C,NA,NA
YDL221W,NA,NA
YDL222C,NA,NA
YDL223C,NA,NA
YDL224C,NA,NA
YDL225W,40,231
YDL226C,30,317
YDL227C,32,57
YDL228C,NA,NA
YDL229W,99,101
YDL230W,29,124
YDL231C,NA,NA
YDL232W,132,257
YDL233W,21,169
YDL234C,142,163
YDL235C,122,163
YDL236W,50,204
YDL237W,31,295
YDL238C,40,65
YDL239C,NA,NA
YDL240C-A,NA,NA
YDL240W,NA,NA
YDL241W,81,436
YDL242W,NA,NA
YDL243C,721,188
YDL244W,NA,NA
YDL245C,NA,NA
YDL246C,NA,NA
YDL247W,NA,NA
YDL247W-A,NA,NA
YDL248W,NA,NA
YDR001C,NA,NA
YDR002W,88,199
YDR003W,NA,NA
YDR003W-A,599,347
YDR004W,NA,NA
YDR005C,121,290
YDR006C,163,86
YDR007W,188,405
YDR008C,NA,NA
YDR009W,170,86
YDR010C,354,445
YDR011W,248,174
YDR012W,31,304
YDR013W,15,166
YDR014W,NA,NA
YDR014W-A,NA,NA
YDR015C,NA,NA
YDR016C,19,261
YDR017C,NA,NA
YDR018C,NA,NA
YDR019C,3,314
YDR020C,128,429
YDR021W,282,52
YDR022C,27,178
YDR023W,51,172
YDR024W,NA,NA
YDR025W,9,306
YDR026C,133,242
YDR027C,111,110
YDR028C,451,277
YDR029W,NA,NA
YDR030C,51,116
YDR031W,129,147
YDR032C,112,234
YDR033W,523,480
YDR034C,151,292
YDR034C-A,NA,NA
YDR034W-B,55,284
YDR035W,132,229
YDR036C,72,141
YDR037W,53,226
YDR038C,NA,NA
YDR039C,NA,NA
YDR040C,NA,NA
YDR041W,34,285
YDR042C,496,111
YDR043C,203,114
YDR044W,251,146
YDR045C,158,316
YDR046C,89,163
YDR047W,468,151
YDR048C,NA,NA
YDR049W,91,116
YDR050C,29,318
YDR051C,40,105
YDR052C,153,240
YDR053W,NA,NA
YDR054C,188,486
YDR055W,293,158
YDR056C,111,162
YDR057W,63,153
YDR058C,74,178
YDR059C,562,130
YDR060W,49,87
YDR061W,54,129
YDR062W,394,286
YDR063W,1143,71
YDR064W,20,258
YDR065W,150,1879
YDR066C,254,103
YDR067C,68,97
YDR068W,45,196
YDR069C,NA,NA
YDR070C,177,154
YDR071C,141,110
YDR072C,231,93
YDR073W,281,253
YDR074W,93,236
YDR075W,187,158
YDR076W,NA,NA
YDR077W,1382,308
YDR078C,30,188
YDR079C-A,163,211
YDR079W,30,303
YDR080W,NA,NA
YDR081C,86,27
YDR082W,115,137
YDR083W,21,121
YDR084C,25,1410
YDR085C,NA,NA
YDR086C,41,714
YDR087C,64,152
YDR088C,182,188
YDR089W,NA,NA
YDR090C,119,374
YDR091C,106,341
YDR092W,412,93
YDR093W,NA,NA
YDR094W,3220,4
YDR095C,NA,NA
YDR096W,NA,NA
YDR097C,92,60
YDR098C,44,298
YDR099W,113,348
YDR100W,912,250
YDR101C,71,118
YDR102C,NA,NA
YDR103W,NA,NA
YDR104C,48,35
YDR105C,252,70
YDR106W,21,46
YDR107C,14,206
YDR108W,59,98
YDR109C,258,147
YDR110W,54,201
YDR111C,220,458
YDR112W,NA,NA
YDR113C,330,73
YDR114C,NA,NA
YDR115W,55,339
YDR116C,63,118
YDR117C,37,266
YDR118W,NA,NA
YDR118W-A,1413,120
YDR119W,104,78
YDR119W-A,43,322
YDR120C,NA,209
YDR121W,152,113
YDR122W,NA,NA
YDR123C,75,737
YDR124W,454,344
YDR125C,NA,NA
YDR126W,7,284
YDR127W,NA,NA
YDR128W,NA,NA
YDR129C,636,141
YDR130C,27,308
YDR131C,79,73
YDR132C,202,116
YDR133C,532,120
YDR135C,42,105
YDR136C,NA,NA
YDR137W,NA,NA
YDR138W,11,634
YDR139C,255,172
YDR140W,13,199
YDR141C,NA,NA
YDR142C,216,125
YDR143C,172,193
YDR144C,139,389
YDR145W,88,199
YDR146C,NA,NA
YDR147W,449,35
YDR148C,252,283
YDR149C,NA,NA
YDR150W,NA,NA
YDR151C,173,317
YDR152W,223,65
YDR153C,132,244
YDR154C,245,56
YDR155C,139,106
YDR156W,866,92
YDR157W,NA,NA
YDR158W,61,224
YDR159W,NA,NA
YDR160W,NA,NA
YDR161W,47,221
YDR162C,306,210
YDR163W,54,104
YDR164C,44,176
YDR165W,11,651
YDR166C,NA,NA
YDR167W,91,99
YDR168W,53,257
YDR169C,365,231
YDR169C-A,NA,NA
YDR170C,NA,NA
YDR171W,85,83
YDR172W,64,178
YDR173C,62,139
YDR174W,22,374
YDR175C,472,94
YDR176W,34,327
YDR177W,107,155
YDR178W,185,195
YDR179C,34,148
YDR179W-A,69,163
YDR180W,149,50
YDR181C,22,205
YDR182W,25,154
YDR182W-A,1381,64
YDR183C-A,578,5
YDR183W,420,20
YDR184C,69,221
YDR185C,102,222
YDR186C,NA,NA
YDR187C,NA,NA
YDR188W,488,162
YDR189W,47,113
YDR190C,45,299
YDR191W,43,108
YDR192C,78,91
YDR193W,NA,NA
YDR194C,25,154
YDR194W-A,NA,NA
YDR195W,253,78
YDR196C,10,237
YDR197W,32,370
YDR198C,53,146
YDR199W,NA,NA
YDR200C,42,134
YDR201W,38,388
YDR202C,30,155
YDR203W,NA,NA
YDR204W,11,271
YDR205W,12,49
YDR206W,NA,NA
YDR207C,NA,NA
YDR208W,189,133
YDR209C,NA,NA
YDR210W,260,405
YDR211W,87,339
YDR212W,67,739
YDR213W,241,39
YDR214W,140,95
YDR215C,NA,NA
YDR216W,NA,NA
YDR217C,NA,NA
YDR218C,NA,NA
YDR219C,255,192
YDR220C,NA,NA
YDR221W,20,530
YDR222W,272,150
YDR223W,115,353
YDR224C,115,141
YDR225W,696,154
YDR226W,288,116
YDR227W,126,165
YDR228C,90,65
YDR229W,140,63
YDR230W,NA,NA
YDR231C,24,292
YDR232W,250,427
YDR233C,288,145
YDR234W,143,165
YDR235W,22,82
YDR236C,453,96
YDR237W,141,287
YDR238C,28,350
YDR239C,NA,NA
YDR240C,52,58
YDR241W,NA,NA
YDR242W,114,94
YDR243C,31,62
YDR244W,28,193
YDR245W,121,150
YDR246W,34,203
YDR246W-A,NA,NA
YDR247W,368,371
YDR248C,69,272
YDR249C,228,113
YDR250C,165,127
YDR251W,305,134
YDR252W,27,888
YDR253C,238,79
YDR254W,86,582
YDR255C,48,303
YDR256C,NA,NA
YDR257C,22,327
YDR258C,28,105
YDR259C,454,134
YDR260C,48,639
YDR261C,119,139
YDR262W,10,517
YDR263C,76,100
YDR264C,62,464
YDR265W,229,214
YDR266C,215,127
YDR267C,292,145
YDR268W,168,109
YDR269C,NA,NA
YDR270W,NA,NA
YDR271C,26,416
YDR272W,56,1023
YDR273W,520,32
YDR274C,NA,NA
YDR275W,678,300
YDR276C,235,485
YDR277C,160,278
YDR278C,NA,NA
YDR279W,266,26
YDR280W,847,106
YDR281C,114,339
YDR282C,6,290
YDR283C,NA,NA
YDR284C,288,172
YDR285W,NA,NA
YDR286C,217,120
YDR287W,777,90
YDR288W,58,181
YDR289C,66,424
YDR290W,NA,NA
YDR291W,NA,NA
YDR292C,141,192
YDR293C,105,326
YDR294C,94,53
YDR295C,262,80
YDR296W,33,246
YDR297W,169,162
YDR298C,541,175
YDR299W,34,291
YDR300C,69,653
YDR301W,NA,NA
YDR302W,42,200
YDR303C,321,114
YDR304C,253,69
YDR305C,621,86
YDR306C,170,188
YDR307W,58,196
YDR308C,40,2253
YDR309C,179,363
YDR310C,NA,NA
YDR311W,35,103
YDR312W,57,222
YDR313C,430,177
YDR314C,NA,NA
YDR315C,26,189
YDR316W,36,78
YDR317W,33,125
YDR318W,32,137
YDR319C,46,862
YDR320C,35,90
YDR320C-A,9,151
YDR320W-B,227,554
YDR321W,30,253
YDR322C-A,46,339
YDR322W,25,110
YDR323C,29,146
YDR324C,NA,NA
YDR325W,NA,NA
YDR326C,NA,NA
YDR327W,NA,NA
YDR328C,66,288
YDR329C,21,105
YDR330W,77,228
YDR331W,44,137
YDR332W,24,84
YDR333C,36,238
YDR334W,NA,NA
YDR335W,356,111
YDR336W,71,97
YDR337W,66,228
YDR338C,250,123
YDR339C,19,491
YDR340W,NA,NA
YDR341C,100,149
YDR342C,483,141
YDR343C,NA,NA
YDR344C,NA,NA
YDR345C,101,138
YDR346C,226,318
YDR347W,116,123
YDR348C,242,286
YDR349C,112,153
YDR350C,27,72
YDR351W,NA,NA
YDR352W,116,560
YDR353W,75,275
YDR354C-A,NA,NA
YDR354W,125,111
YDR355C,NA,NA
YDR356W,NA,NA
YDR357C,200,105
YDR358W,51,194
YDR359C,NA,NA
YDR360W,NA,NA
YDR361C,33,361
YDR362C,109,214
YDR363W,176,937
YDR363W-A,119,408
YDR364C,31,472
YDR365C,86,112
YDR366C,NA,NA
YDR367W,123,195
YDR368W,138,151
YDR369C,NA,NA
YDR370C,64,117
YDR371C-A,283,168
YDR371W,114,100
YDR372C,297,219
YDR373W,76,130
YDR374C,NA,NA
YDR374W-A,26,293
YDR375C,42,57
YDR376W,92,165
YDR377W,79,726
YDR378C,451,208
YDR379C-A,248,129
YDR379W,75,77
YDR380W,102,143
YDR381C-A,157,113
YDR381W,96,347
YDR382W,80,242
YDR383C,219,74
YDR384C,507,159
YDR385W,87,190
YDR386W,20,108
YDR387C,145,182
YDR388W,50,517
YDR389W,515,309
YDR390C,28,98
YDR391C,457,80
YDR392W,40,274
YDR393W,87,188
YDR394W,315,81
YDR395W,129,96
YDR396W,NA,NA
YDR397C,287,180
YDR398W,113,136
YDR399W,68,240
YDR400W,56,249
YDR401W,NA,NA
YDR402C,NA,NA
YDR403W,NA,NA
YDR404C,737,141
YDR405W,49,763
YDR406W,NA,NA
YDR406W-A,NA,NA
YDR407C,121,68
YDR408C,291,92
YDR409W,NA,NA
YDR410C,69,102
YDR411C,49,112
YDR412W,66,233
YDR413C,NA,NA
YDR414C,196,160
YDR415C,53,344
YDR416W,85,31
YDR417C,NA,NA
YDR418W,934,95
YDR419W,4,386
YDR420W,NA,NA
YDR421W,64,28
YDR422C,109,289
YDR423C,48,92
YDR424C,93,40
YDR425W,NA,NA
YDR426C,NA,NA
YDR427W,31,133
YDR428C,32,753
YDR429C,17,212
YDR430C,64,32
YDR431W,NA,NA
YDR432W,NA,NA
YDR433W,658,695
YDR434W,187,92
YDR435C,212,125
YDR436W,131,160
YDR437W,66,1526
YDR438W,508,85
YDR439W,61,254
YDR440W,86,106
YDR441C,134,356
YDR442W,13,726
YDR443C,NA,NA
YDR444W,84,79
YDR445C,NA,NA
YDR446W,NA,NA
YDR447C,77,238
YDR448W,35,102
YDR449C,28,217
YDR450W,26,297
YDR451C,61,334
YDR452W,149,187
YDR453C,359,97
YDR454C,69,505
YDR455C,NA,NA
YDR456W,84,105
YDR457W,NA,NA
YDR458C,39,173
YDR459C,295,71
YDR460W,139,202
YDR461C-A,64,167
YDR461W,27,145
YDR462W,51,180
YDR463W,62,209
YDR464C-A,NA,NA
YDR464W,NA,NA
YDR465C,231,162
YDR466W,94,247
YDR467C,344,835
YDR468C,113,291
YDR469W,926,2201
YDR470C,106,192
YDR471W,24,353
YDR472W,134,242
YDR473C,67,216
YDR475C,97,126
YDR476C,1045,201
YDR477W,293,147
YDR478W,39,1283
YDR479C,66,81
YDR480W,NA,NA
YDR481C,54,56
YDR482C,170,170
YDR483W,182,151
YDR484W,30,128
YDR485C,68,132
YDR486C,57,257
YDR487C,1242,110
YDR488C,NA,NA
YDR489W,17,603
YDR490C,106,149
YDR491C,NA,NA
YDR492W,153,350
YDR493W,100,251
YDR494W,81,71
YDR495C,NA,NA
YDR496C,37,236
YDR497C,155,108
YDR498C,3114,446
YDR499W,3,93
YDR500C,20,216
YDR501W,NA,NA
YDR502C,47,493
YDR503C,82,211
YDR504C,1147,171
YDR505C,NA,NA
YDR506C,50,420
YDR507C,37,181
YDR508C,122,193
YDR509W,NA,NA
YDR510C-A,NA,NA
YDR510W,730,153
YDR511W,178,631
YDR512C,NA,NA
YDR513W,990,110
YDR514C,74,125
YDR515W,149,100
YDR516C,111,131
YDR517W,615,102
YDR518W,140,48
YDR519W,458,224
YDR520C,83,146
YDR521W,NA,NA
YDR522C,NA,NA
YDR523C,224,51
YDR524C,66,506
YDR524C-A,454,65
YDR524C-B,44,418
YDR524W-C,NA,NA
YDR525W,NA,NA
YDR525W-A,606,222
YDR526C,NA,NA
YDR527W,21,760
YDR528W,317,138
YDR529C,30,356
YDR530C,249,162
YDR531W,108,80
YDR532C,239,57
YDR533C,224,238
YDR534C,NA,NA
YDR535C,NA,NA
YDR536W,NA,NA
YDR537C,NA,NA
YDR538W,929,288
YDR539W,93,347
YDR540C,82,853
YDR541C,220,226
YDR542W,NA,NA
YDR543C,NA,NA
YDR544C,NA,NA
YDR545C-A,NA,NA
YDR545W,NA,NA
YEL001C,34,309
YEL002C,62,159
YEL003W,222,111
YEL004W,56,341
YEL005C,39,96
YEL006W,62,367
YEL007W,NA,NA
YEL008C-A,231,415
YEL008W,111,368
YEL009C,725,94
YEL009C-A,NA,NA
YEL010W,NA,NA
YEL011W,108,115
YEL012W,144,108
YEL013W,269,448
YEL014C,NA,NA
YEL015W,48,165
YEL016C,211,170
YEL017C-A,34,706
YEL017W,480,96
YEL018C-A,NA,NA
YEL018W,33,151
YEL019C,9,154
YEL020C,NA,NA
YEL020C-B,NA,NA
YEL020W-A,679,91
YEL021W,54,149
YEL022W,80,72
YEL023C,559,125
YEL024W,100,616
YEL025C,NA,NA
YEL026W,1037,70
YEL027W,62,382
YEL028W,1583,73
YEL029C,112,363
YEL030C-A,NA,NA
YEL030W,452,369
YEL031W,70,101
YEL032C-A,NA,NA
YEL032W,83,151
YEL033W,NA,NA
YEL034C-A,52,172
YEL034W,480,218
YEL035C,NA,NA
YEL036C,279,78
YEL037C,184,191
YEL038W,18,218
YEL039C,192,114
YEL040W,47,205
YEL041W,NA,NA
YEL042W,144,575
YEL043W,44,87
YEL044W,706,137
YEL045C,NA,NA
YEL046C,117,621
YEL047C,NA,NA
YEL048C,97,619
YEL049W,17,144
YEL050C,179,145
YEL050W-A,53,66
YEL051W,65,210
YEL052W,227,68
YEL053C,82,106
YEL053W-A,NA,NA
YEL054C,35,539
YEL055C,54,189
YEL056W,37,109
YEL057C,NA,NA
YEL058W,43,400
YEL059C-A,452,70
YEL059W,NA,NA
YEL060C,54,234
YEL061C,122,255
YEL062W,20,138
YEL063C,246,316
YEL064C,59,327
YEL065W,311,64
YEL066W,603,84
YEL067C,NA,NA
YEL068C,531,248
YEL069C,NA,NA
YEL070W,NA,NA
YEL071W,28,263
YEL072W,135,340
YEL073C,130,703
YEL074W,NA,NA
YEL075C,NA,NA
YEL075W-A,NA,NA
YEL076C,NA,NA
YEL076C-A,NA,NA
YEL077C,NA,NA
YEL077W-A,NA,NA
YER001W,48,289
YER002W,433,107
YER003C,43,293
YER004W,295,260
YER005W,48,290
YER006C-A,NA,NA
YER006W,38,225
YER007C-A,24,565
YER007W,40,146
YER008C,65,83
YER009W,64,260
YER010C,101,87
YER011W,53,266
YER012W,114,207
YER013W,NA,NA
YER014C-A,NA,NA
YER014W,53,129
YER015W,NA,NA
YER016W,51,117
YER017C,95,162
YER018C,1282,73
YER019C-A,52,1834
YER019W,45,87
YER020W,127,663
YER021W,61,130
YER022W,35,98
YER023C-A,NA,NA
YER023W,78,216
YER024W,NA,NA
YER025W,57,297
YER026C,64,227
YER027C,75,295
YER028C,67,453
YER029C,303,111
YER030W,87,199
YER031C,34,306
YER032W,99,257
YER033C,NA,NA
YER034W,38,340
YER035W,314,140
YER036C,36,129
YER037W,22,219
YER038C,9,801
YER038W-A,71,740
YER039C,244,95
YER039C-A,25,463
YER040W,84,262
YER041W,85,164
YER042W,95,211
YER043C,101,234
YER044C,406,130
YER044C-A,NA,NA
YER045C,299,117
YER046W,665,95
YER046W-A,NA,NA
YER047C,NA,NA
YER048C,76,400
YER048W-A,80,718
YER049W,98,91
YER050C,56,316
YER051W,12,17
YER052C,109,160
YER053C,383,142
YER053C-A,233,372
YER054C,NA,NA
YER055C,58,1158
YER056C,1229,1538
YER056C-A,571,78
YER057C,411,89
YER058W,61,147
YER059W,181,579
YER060W,40,96
YER060W-A,83,146
YER061C,84,466
YER062C,156,237
YER063W,122,224
YER064C,83,1129
YER065C,340,126
YER066C-A,NA,NA
YER066W,941,138
YER067C-A,NA,NA
YER067W,278,193
YER068C-A,NA,NA
YER068W,119,110
YER069W,74,160
YER070W,77,205
YER071C,159,243
YER072W,236,145
YER073W,690,703
YER074W,76,153
YER074W-A,13,396
YER075C,NA,NA
YER076C,419,150
YER076W-A,NA,NA
YER077C,177,107
YER078C,209,114
YER078W-A,1876,52
YER079C-A,NA,NA
YER079W,80,275
YER080W,44,93
YER081W,472,182
YER082C,58,337
YER083C,32,227
YER084W,NA,NA
YER084W-A,NA,NA
YER085C,147,143
YER086W,144,138
YER087C-A,NA,NA
YER087C-B,42,363
YER087W,63,163
YER088C,269,151
YER088C-A,1274,433
YER088W-B,NA,NA
YER089C,338,83
YER090C-A,NA,NA
YER090W,37,245
YER091C,213,224
YER091C-A,NA,NA
YER092W,8,423
YER093C,NA,NA
YER093C-A,22,137
YER094C,329,153
YER095W,66,422
YER096W,163,28
YER097W,NA,NA
YER098W,182,203
YER099C,18,892
YER100W,285,100
YER101C,81,179
YER102W,18,345
YER103W,735,119
YER104W,17,1057
YER105C,18,244
YER106W,NA,NA
YER107C,186,243
YER107W-A,NA,NA
YER110C,140,151
YER111C,NA,NA
YER112W,100,114
YER113C,154,137
YER114C,NA,NA
YER115C,950,112
YER116C,99,448
YER117W,1057,62
YER118C,298,178
YER119C,21,160
YER119C-A,NA,NA
YER120W,87,234
YER121W,145,192
YER122C,80,146
YER123W,187,548
YER124C,39,523
YER125W,503,396
YER126C,101,502
YER127W,23,198
YER128W,4,608
YER129W,NA,NA
YER130C,95,251
YER131W,145,142
YER132C,NA,NA
YER133W,68,465
YER133W-A,NA,NA
YER134C,175,958
YER135C,NA,NA
YER136W,154,328
YER137C,99,166
YER137W-A,NA,NA
YER138W-A,NA,NA
YER139C,155,725
YER140W,71,392
YER141W,78,230
YER142C,347,85
YER143W,57,204
YER144C,93,116
YER145C,17,235
YER145C-A,NA,NA
YER146W,421,84
YER147C,39,104
YER147C-A,NA,NA
YER148W,188,346
YER148W-A,NA,NA
YER149C,92,77
YER150W,654,165
YER151C,123,68
YER152C,573,36
YER152W-A,NA,NA
YER153C,NA,NA
YER154W,708,64
YER155C,NA,NA
YER156C,286,105
YER157W,15,80
YER158C,203,120
YER158W-A,NA,NA
YER159C,182,247
YER161C,67,268
YER162C,NA,NA
YER163C,119,101
YER164W,NA,NA
YER165C-A,NA,NA
YER165W,141,201
YER166W,NA,NA
YER167W,425,9
YER168C,54,94
YER169W,289,207
YER170W,30,381
YER171W,122,128
YER172C,NA,NA
YER172C-A,NA,NA
YER173W,NA,NA
YER174C,151,98
YER175C,1087,287
YER175W-A,1150,760
YER176W,19,113
YER177W,411,174
YER178W,11,264
YER179W,NA,NA
YER180C,567,55
YER180C-A,47,671
YER181C,611,50
YER182W,177,97
YER183C,62,91
YER184C,73,210
YER185W,492,34
YER186C,144,504
YER187W,694,200
YER188C-A,NA,NA
YER188W,314,229
YER189W,NA,NA
YER190C-A,NA,NA
YER190C-B,NA,NA
YER190W,NA,NA
YFL001W,57,34
YFL002C,35,137
YFL003C,NA,NA
YFL004W,157,213
YFL005W,231,220
YFL007W,NA,NA
YFL008W,NA,NA
YFL009W,179,136
YFL010C,16,376
YFL010W-A,NA,NA
YFL011W,NA,NA
YFL012W,60,452
YFL012W-A,NA,NA
YFL013C,84,230
YFL013W-A,NA,NA
YFL014W,425,193
YFL015C,NA,NA
YFL015W-A,NA,NA
YFL016C,92,102
YFL017C,7,392
YFL017W-A,333,65
YFL018C,90,130
YFL019C,NA,NA
YFL020C,693,114
YFL021C-A,919,311
YFL021W,179,118
YFL022C,72,114
YFL023W,23,99
YFL024C,302,403
YFL025C,NA,NA
YFL026W,NA,NA
YFL027C,50,70
YFL028C,29,133
YFL029C,53,63
YFL030W,NA,NA
YFL031C-A,NA,NA
YFL031W,65,476
YFL032W,NA,NA
YFL033C,NA,NA
YFL034C-A,44,181
YFL034C-B,63,203
YFL034W,169,111
YFL036W,NA,NA
YFL037W,99,224
YFL038C,66,226
YFL039C,206,286
YFL040W,NA,NA
YFL041W,21,181
YFL041W-A,874,60
YFL042C,32,89
YFL044C,34,266
YFL045C,1067,159
YFL046W,199,148
YFL047W,17,99
YFL048C,41,147
YFL049W,30,146
YFL050C,NA,NA
YFL051C,NA,NA
YFL052W,NA,NA
YFL053W,NA,NA
YFL054C,NA,NA
YFL055W,321,404
YFL058W,NA,NA
YFL059W,NA,NA
YFL060C,NA,NA
YFL061W,NA,NA
YFL062W,NA,NA
YFL063W,NA,NA
YFL064C,NA,NA
YFL065C,NA,NA
YFL066C,NA,NA
YFL067W,NA,NA
YFL068W,NA,NA
YFR001W,121,125
YFR002W,27,114
YFR003C,62,213
YFR004W,70,98
YFR005C,46,253
YFR006W,282,87
YFR007W,74,68
YFR008W,338,346
YFR009W,75,66
YFR009W-A,1047,807
YFR010W,91,93
YFR010W-A,NA,NA
YFR011C,43,220
YFR012W,NA,NA
YFR012W-A,1259,232
YFR013W,55,141
YFR014C,127,221
YFR015C,88,176
YFR016C,93,43
YFR017C,975,119
YFR018C,59,173
YFR019W,NA,NA
YFR020W,942,397
YFR021W,114,197
YFR022W,267,161
YFR023W,NA,NA
YFR024C-A,224,230
YFR025C,39,142
YFR026C,967,245
YFR027W,71,132
YFR028C,91,75
YFR029W,99,71
YFR030W,118,56
YFR031C,NA,NA
YFR031C-A,348,187
YFR032C,76,101
YFR032C-A,192,95
YFR032C-B,NA,NA
YFR033C,755,143
YFR034C,34,373
YFR034W-A,461,299
YFR035C,NA,NA
YFR036W,49,138
YFR036W-A,NA,NA
YFR037C,32,176
YFR038W,17,87
YFR039C,142,66
YFR040W,NA,NA
YFR041C,44,134
YFR042W,44,324
YFR043C,39,74
YFR044C,223,47
YFR045W,15,136
YFR046C,19,259
YFR047C,34,271
YFR048W,37,74
YFR049W,172,230
YFR050C,80,165
YFR051C,38,115
YFR052C-A,885,6
YFR052W,58,247
YFR053C,110,68
YFR054C,503,287
YFR055W,540,477
YFR056C,NA,NA
YFR057W,NA,NA
YGL001C,271,122
YGL002W,110,253
YGL003C,74,188
YGL004C,14,131
YGL005C,387,210
YGL006W,NA,NA
YGL006W-A,NA,NA
YGL007C-A,921,296
YGL007W,57,649
YGL008C,238,529
YGL009C,54,197
YGL010W,106,212
YGL011C,24,288
YGL012W,36,407
YGL013C,NA,NA
YGL014C-A,NA,NA
YGL014W,420,88
YGL015C,257,246
YGL016W,55,191
YGL017W,193,153
YGL018C,51,266
YGL019W,141,115
YGL020C,107,87
YGL021W,NA,NA
YGL022W,72,165
YGL023C,48,127
YGL024W,NA,NA
YGL025C,NA,NA
YGL026C,27,161
YGL027C,38,91
YGL028C,406,298
YGL029W,280,180
YGL030W,49,269
YGL031C,49,243
YGL032C,220,99
YGL033W,NA,NA
YGL034C,NA,NA
YGL035C,NA,NA
YGL036W,NA,NA
YGL037C,119,138
YGL038C,111,459
YGL039W,510,93
YGL040C,124,225
YGL041C,NA,NA
YGL041C-B,297,143
YGL041W-A,15,211
YGL042C,NA,NA
YGL043W,3,447
YGL044C,227,285
YGL045W,371,226
YGL047W,86,118
YGL048C,27,216
YGL049C,160,166
YGL050W,84,267
YGL051W,NA,NA
YGL052W,NA,NA
YGL053W,98,323
YGL054C,92,332
YGL055W,91,280
YGL056C,97,81
YGL057C,36,211
YGL058W,327,395
YGL059W,52,192
YGL060W,129,274
YGL061C,67,249
YGL062W,55,50
YGL063C-A,NA,NA
YGL063W,205,459
YGL064C,NA,NA
YGL065C,55,122
YGL066W,190,195
YGL067W,54,232
YGL068W,37,269
YGL069C,NA,NA
YGL070C,33,389
YGL071W,105,167
YGL072C,NA,NA
YGL073W,328,56
YGL074C,NA,NA
YGL075C,194,105
YGL076C,151,115
YGL077C,166,83
YGL078C,126,191
YGL079W,36,696
YGL080W,80,277
YGL081W,177,288
YGL082W,89,194
YGL083W,63,179
YGL084C,46,224
YGL085W,61,179
YGL086W,NA,NA
YGL087C,38,200
YGL088W,NA,NA
YGL089C,NA,NA
YGL090W,31,676
YGL091C,83,150
YGL092W,123,55
YGL093W,39,39
YGL094C,NA,NA
YGL095C,77,91
YGL096W,520,107
YGL097W,75,115
YGL098W,52,966
YGL099W,63,57
YGL100W,77,115
YGL101W,45,275
YGL102C,NA,NA
YGL103W,2475,71
YGL104C,15,136
YGL105W,172,96
YGL106W,24,158
YGL107C,58,121
YGL108C,43,423
YGL109W,NA,NA
YGL110C,9,165
YGL111W,26,327
YGL112C,71,129
YGL113W,46,245
YGL114W,233,93
YGL115W,147,112
YGL116W,163,97
YGL117W,85,476
YGL118C,NA,NA
YGL119W,285,82
YGL120C,55,207
YGL121C,104,227
YGL122C,8,397
YGL123C-A,NA,NA
YGL123W,288,88
YGL124C,NA,NA
YGL125W,185,291
YGL126W,NA,NA
YGL127C,55,217
YGL128C,15,212
YGL129C,88,148
YGL130W,79,239
YGL131C,NA,NA
YGL132W,NA,NA
YGL133W,NA,NA
YGL134W,96,299
YGL135W,63,284
YGL136C,144,133
YGL137W,23,316
YGL138C,NA,NA
YGL139W,313,319
YGL140C,186,278
YGL141W,60,119
YGL142C,44,204
YGL143C,205,147
YGL144C,13,158
YGL145W,69,117
YGL146C,173,160
YGL147C,16,1865
YGL148W,139,155
YGL149W,NA,NA
YGL150C,NA,NA
YGL151W,54,84
YGL152C,NA,NA
YGL153W,61,84
YGL154C,15,122
YGL155W,155,413
YGL156W,NA,NA
YGL157W,130,91
YGL158W,387,124
YGL159W,15,375
YGL160W,107,155
YGL161C,108,154
YGL162W,707,173
YGL163C,133,134
YGL164C,64,123
YGL165C,NA,NA
YGL166W,39,206
YGL167C,406,201
YGL168W,NA,NA
YGL169W,55,222
YGL170C,NA,NA
YGL171W,15,298
YGL172W,43,112
YGL173C,NA,NA
YGL174W,15,195
YGL175C,41,239
YGL176C,881,102
YGL177W,NA,NA
YGL178W,NA,NA
YGL179C,87,50
YGL180W,562,349
YGL181W,376,76
YGL182C,NA,NA
YGL183C,NA,NA
YGL184C,47,110
YGL185C,22,381
YGL186C,51,162
YGL187C,169,302
YGL188C,NA,NA
YGL188C-A,457,211
YGL189C,113,68
YGL190C,544,460
YGL191W,106,273
YGL192W,45,777
YGL193C,117,44
YGL194C,65,210
YGL194C-A,283,195
YGL195W,NA,NA
YGL196W,408,99
YGL197W,NA,NA
YGL198W,21,374
YGL199C,NA,NA
YGL200C,76,233
YGL201C,66,200
YGL202W,63,634
YGL203C,66,401
YGL204C,114,511
YGL205W,NA,NA
YGL206C,NA,NA
YGL207W,105,133
YGL208W,49,155
YGL209W,51,284
YGL210W,491,105
YGL211W,736,709
YGL212W,33,94
YGL213C,35,259
YGL214W,NA,NA
YGL215W,471,581
YGL216W,NA,NA
YGL217C,NA,NA
YGL218W,NA,NA
YGL219C,65,83
YGL220W,611,175
YGL221C,18,252
YGL222C,NA,NA
YGL223C,12,63
YGL224C,126,100
YGL225W,1979,122
YGL226C-A,48,571
YGL226W,4,106
YGL227W,41,204
YGL228W,179,166
YGL229C,240,274
YGL230C,41,72
YGL231C,11,372
YGL232W,62,68
YGL233W,77,64
YGL234W,646,86
YGL235W,NA,NA
YGL236C,250,69
YGL237C,93,252
YGL238W,44,169
YGL239C,NA,NA
YGL240W,18,1153
YGL241W,16,107
YGL242C,71,205
YGL243W,23,133
YGL244W,74,91
YGL245W,14,229
YGL246C,70,147
YGL247W,19,150
YGL248W,121,390
YGL249W,NA,NA
YGL250W,34,301
YGL251C,NA,NA
YGL252C,30,222
YGL253W,121,185
YGL254W,14,744
YGL255W,315,103
YGL256W,692,192
YGL257C,163,206
YGL258W,666,273
YGL258W-A,NA,NA
YGL259W,NA,NA
YGL260W,NA,NA
YGL261C,NA,NA
YGL262W,NA,NA
YGL263W,11,148
YGR001C,64,71
YGR002C,8,307
YGR003W,28,244
YGR004W,73,327
YGR005C,40,176
YGR006W,34,592
YGR007W,514,138
YGR008C,44,777
YGR009C,70,138
YGR010W,NA,NA
YGR011W,593,99
YGR012W,16,128
YGR013W,41,279
YGR014W,274,126
YGR015C,22,227
YGR016W,326,465
YGR017W,573,113
YGR018C,61,651
YGR019W,53,272
YGR020C,50,360
YGR021W,50,92
YGR022C,NA,NA
YGR023W,185,270
YGR024C,NA,NA
YGR025W,NA,NA
YGR026W,126,269
YGR027C,111,187
YGR028W,154,182
YGR029W,40,232
YGR030C,324,86
YGR031C-A,NA,NA
YGR031W,108,562
YGR032W,NA,NA
YGR033C,129,309
YGR034W,357,98
YGR035C,95,186
YGR035W-A,759,1410
YGR036C,441,629
YGR037C,1063,180
YGR038W,350,167
YGR039W,132,53
YGR040W,392,610
YGR041W,503,134
YGR042W,476,83
YGR043C,NA,NA
YGR044C,91,264
YGR045C,261,158
YGR046W,121,340
YGR047C,28,108
YGR048W,49,163
YGR049W,82,327
YGR050C,94,189
YGR051C,NA,NA
YGR052W,NA,NA
YGR053C,124,119
YGR054W,189,189
YGR055W,129,114
YGR056W,NA,NA
YGR057C,72,1177
YGR058W,21,408
YGR059W,NA,NA
YGR060W,90,322
YGR061C,118,75
YGR062C,34,344
YGR063C,16,641
YGR064W,1586,143
YGR065C,109,141
YGR066C,NA,NA
YGR067C,NA,NA
YGR068C,72,397
YGR068W-A,NA,NA
YGR069W,NA,NA
YGR070W,NA,NA
YGR071C,NA,NA
YGR072W,48,106
YGR073C,534,32
YGR074W,50,299
YGR075C,39,488
YGR076C,71,128
YGR077C,39,71
YGR078C,30,133
YGR079W,NA,NA
YGR080W,41,153
YGR081C,3,367
YGR082W,196,149
YGR083C,NA,NA
YGR084C,213,46
YGR085C,916,86
YGR086C,317,261
YGR087C,NA,NA
YGR088W,1071,64
YGR089W,279,65
YGR090W,267,114
YGR091W,68,176
YGR092W,74,98
YGR093W,85,123
YGR094W,NA,89
YGR095C,772,50
YGR096W,5,191
YGR097W,269,148
YGR098C,NA,NA
YGR099W,79,62
YGR100W,139,106
YGR101W,81,173
YGR102C,109,156
YGR103W,50,204
YGR104C,50,138
YGR105W,377,177
YGR106C,59,179
YGR107W,98,673
YGR108W,217,259
YGR109C,93,113
YGR110W,50,95
YGR111W,92,127
YGR112W,57,257
YGR113W,82,317
YGR114C,NA,NA
YGR115C,NA,NA
YGR116W,122,190
YGR117C,8,275
YGR118W,22,341
YGR119C,108,148
YGR120C,83,175
YGR121C,34,139
YGR121W-A,195,29
YGR122C-A,261,447
YGR122W,206,331
YGR123C,100,147
YGR124W,96,292
YGR125W,95,159
YGR126W,NA,NA
YGR127W,657,214
YGR128C,37,258
YGR129W,23,755
YGR130C,137,174
YGR131W,130,99
YGR132C,938,224
YGR133W,NA,NA
YGR134W,NA,NA
YGR135W,91,150
YGR136W,NA,NA
YGR137W,433,139
YGR138C,279,83
YGR139W,NA,NA
YGR140W,NA,NA
YGR141W,19,426
YGR142W,176,94
YGR143W,NA,NA
YGR144W,NA,NA
YGR145W,62,93
YGR146C,355,182
YGR146C-A,501,169
YGR147C,62,341
YGR148C,254,155
YGR149W,69,834
YGR150C,NA,NA
YGR151C,37,77
YGR152C,NA,NA
YGR153W,142,96
YGR154C,478,242
YGR155W,76,131
YGR156W,150,162
YGR157W,247,187
YGR158C,78,251
YGR159C,145,143
YGR160W,NA,NA
YGR161C,97,210
YGR161W-C,236,283
YGR162W,NA,NA
YGR163W,150,60
YGR164W,NA,NA
YGR165W,126,140
YGR166W,106,55
YGR167W,49,545
YGR168C,119,81
YGR169C,66,119
YGR169C-A,120,397
YGR170W,NA,NA
YGR171C,36,113
YGR172C,36,240
YGR173W,50,289
YGR174C,NA,NA
YGR174W-A,819,95
YGR175C,97,209
YGR176W,NA,NA
YGR177C,396,201
YGR178C,232,135
YGR179C,58,151
YGR180C,205,134
YGR181W,90,222
YGR182C,NA,NA
YGR183C,76,456
YGR184C,NA,NA
YGR185C,31,135
YGR186W,9,214
YGR187C,84,206
YGR188C,55,186
YGR189C,131,117
YGR190C,2043,2047
YGR191W,179,559
YGR192C,1233,105
YGR193C,88,1244
YGR194C,NA,NA
YGR195W,98,410
YGR196C,73,113
YGR197C,205,90
YGR198W,99,137
YGR199W,24,327
YGR200C,21,376
YGR201C,21,49
YGR202C,104,126
YGR203W,489,184
YGR204C-A,1062,31
YGR204W,76,97
YGR205W,129,234
YGR206W,184,88
YGR207C,44,598
YGR208W,44,247
YGR209C,90,1180
YGR210C,124,208
YGR211W,123,198
YGR212W,NA,NA
YGR213C,3,142
YGR214W,109,169
YGR215W,64,211
YGR216C,22,253
YGR217W,NA,NA
YGR218W,298,202
YGR219W,NA,NA
YGR220C,9,383
YGR221C,169,75
YGR222W,98,84
YGR223C,58,81
YGR224W,NA,NA
YGR225W,NA,NA
YGR226C,NA,NA
YGR227C-A,NA,NA
YGR227W,67,218
YGR228W,NA,NA
YGR229C,343,201
YGR230W,144,176
YGR231C,95,236
YGR232W,107,89
YGR233C,NA,NA
YGR234W,107,278
YGR235C,270,86
YGR236C,471,192
YGR237C,59,168
YGR238C,NA,NA
YGR239C,103,451
YGR240C,233,256
YGR240C-A,NA,NA
YGR241C,166,167
YGR242W,NA,NA
YGR243W,NA,NA
YGR244C,137,121
YGR245C,81,432
YGR246C,169,161
YGR247W,138,221
YGR248W,17,207
YGR249W,NA,NA
YGR250C,250,114
YGR251W,44,541
YGR252W,60,207
YGR253C,59,834
YGR254W,36,274
YGR255C,92,239
YGR256W,6,111
YGR257C,117,100
YGR258C,28,60
YGR259C,344,274
YGR260W,235,124
YGR261C,62,120
YGR262C,44,186
YGR263C,71,77
YGR264C,519,88
YGR265W,NA,NA
YGR266W,55,150
YGR267C,871,238
YGR268C,37,283
YGR269W,NA,NA
YGR270C-A,NA,NA
YGR270W,NA,NA
YGR271C-A,137,123
YGR271W,NA,NA
YGR273C,NA,NA
YGR274C,7,84
YGR275W,NA,NA
YGR276C,NA,NA
YGR277C,12,166
YGR278W,9,160
YGR279C,102,461
YGR280C,38,300
YGR281W,NA,NA
YGR282C,23,540
YGR283C,48,141
YGR284C,50,233
YGR285C,31,173
YGR286C,273,159
YGR287C,28,181
YGR288W,87,589
YGR289C,NA,NA
YGR290W,NA,NA
YGR291C,NA,NA
YGR292W,NA,NA
YGR293C,NA,NA
YGR294W,NA,NA
YGR295C,NA,NA
YGR296C-A,NA,NA
YGR296C-B,NA,NA
YGR296W,NA,NA
YHL001W,20,286
YHL002C-A,15,242
YHL002W,46,93
YHL003C,177,256
YHL004W,79,178
YHL005C,NA,NA
YHL006C,66,399
YHL006W-A,495,43
YHL007C,143,140
YHL008C,167,174
YHL009C,123,352
YHL010C,NA,NA
YHL011C,99,273
YHL012W,NA,NA
YHL013C,39,130
YHL014C,30,59
YHL015W,18,277
YHL015W-A,NA,NA
YHL016C,304,81
YHL017W,111,107
YHL018W,30,116
YHL019C,35,87
YHL019W-A,NA,NA
YHL020C,88,125
YHL021C,77,130
YHL022C,NA,NA
YHL023C,31,108
YHL024W,NA,NA
YHL025W,201,102
YHL026C,104,121
YHL027W,141,206
YHL028W,85,79
YHL029C,19,104
YHL030W,NA,NA
YHL030W-A,NA,NA
YHL031C,299,59
YHL032C,111,56
YHL033C,11,747
YHL034C,193,151
YHL034W-A,NA,NA
YHL035C,NA,NA
YHL036W,64,66
YHL037C,326,10
YHL038C,34,145
YHL039W,66,67
YHL040C,NA,NA
YHL041W,NA,NA
YHL042W,238,120
YHL043W,8,440
YHL044W,32,296
YHL045W,NA,NA
YHL046C,NA,NA
YHL046W-A,NA,NA
YHL047C,275,149
YHL048C-A,NA,NA
YHL048W,6,103
YHL049C,NA,NA
YHL050C,NA,NA
YHL050W-A,NA,NA
YHR001W,91,242
YHR001W-A,63,397
YHR002W,147,137
YHR003C,10,1049
YHR004C,NA,NA
YHR005C,125,94
YHR005C-A,39,570
YHR006W,49,135
YHR007C,225,269
YHR007C-A,256,658
YHR008C,132,187
YHR009C,234,154
YHR010W,9,377
YHR011W,4,229
YHR012W,20,358
YHR013C,36,411
YHR014W,NA,NA
YHR015W,NA,NA
YHR016C,34,196
YHR017W,25,109
YHR018C,48,568
YHR019C,41,163
YHR020W,135,110
YHR021C,274,77
YHR021W-A,NA,NA
YHR022C,809,406
YHR022C-A,11,794
YHR023W,NA,NA
YHR024C,79,297
YHR025W,44,202
YHR026W,146,229
YHR027C,56,145
YHR028C,126,101
YHR028W-A,184,24
YHR029C,48,81
YHR030C,155,294
YHR031C,40,208
YHR032C-A,NA,NA
YHR032W,NA,NA
YHR032W-A,1725,127
YHR033W,NA,NA
YHR034C,40,97
YHR035W,NA,NA
YHR036W,127,325
YHR037W,63,168
YHR038W,54,99
YHR039C,122,136
YHR039C-A,65,112
YHR040W,40,102
YHR041C,10,285
YHR042W,77,222
YHR043C,101,135
YHR044C,222,249
YHR045W,129,134
YHR046C,112,247
YHR047C,68,250
YHR048W,95,319
YHR049C-A,NA,NA
YHR049W,34,281
YHR050W,182,229
YHR050W-A,578,72
YHR051W,194,453
YHR052C-B,NA,NA
YHR052W,47,144
YHR052W-A,NA,NA
YHR053C,NA,NA
YHR054C,NA,NA
YHR054C-B,NA,NA
YHR054W-A,NA,NA
YHR055C,NA,NA
YHR056C,NA,NA
YHR056W-A,206,402
YHR057C,872,71
YHR058C,43,74
YHR059W,306,100
YHR060W,29,111
YHR061C,161,272
YHR062C,126,80
YHR063C,80,127
YHR063W-A,NA,NA
YHR064C,51,182
YHR065C,65,127
YHR066W,53,172
YHR067W,1240,335
YHR068W,78,300
YHR069C,13,243
YHR069C-A,803,194
YHR070C-A,NA,NA
YHR070W,61,546
YHR071C-A,14,567
YHR071W,NA,NA
YHR072W,65,113
YHR072W-A,40,316
YHR073C-B,437,8
YHR073W,NA,NA
YHR073W-A,NA,NA
YHR074W,234,112
YHR075C,58,65
YHR076W,568,138
YHR077C,60,129
YHR078W,248,132
YHR079C,255,222
YHR079C-A,NA,NA
YHR080C,NA,NA
YHR081W,287,122
YHR082C,863,214
YHR083W,20,240
YHR084W,314,329
YHR085W,50,146
YHR086W,231,443
YHR086W-A,NA,NA
YHR087W,349,183
YHR088W,31,200
YHR089C,56,328
YHR090C,194,248
YHR091C,40,138
YHR092C,106,133
YHR093W,NA,NA
YHR094C,630,84
YHR095W,NA,NA
YHR096C,NA,NA
YHR097C,122,99
YHR098C,79,158
YHR099W,NA,NA
YHR100C,55,287
YHR101C,40,300
YHR102W,183,85
YHR103W,240,195
YHR104W,148,186
YHR105W,122,209
YHR106W,461,117
YHR107C,115,162
YHR108W,72,206
YHR109W,35,72
YHR110W,62,174
YHR111W,12,1668
YHR112C,499,296
YHR113W,185,150
YHR114W,NA,NA
YHR115C,NA,NA
YHR116W,903,234
YHR117W,31,219
YHR118C,102,52
YHR119W,NA,NA
YHR120W,NA,NA
YHR121W,79,216
YHR122W,3,524
YHR123W,87,139
YHR124W,NA,NA
YHR125W,NA,NA
YHR126C,NA,NA
YHR127W,26,448
YHR128W,38,318
YHR129C,296,101
YHR130C,1189,64
YHR131C,82,275
YHR131W-A,262,524
YHR132C,41,184
YHR132W-A,68,159
YHR133C,246,19
YHR134W,NA,804
YHR135C,125,126
YHR136C,192,93
YHR137C-A,NA,NA
YHR137W,310,143
YHR138C,295,103
YHR139C,NA,NA
YHR139C-A,NA,NA
YHR140W,58,235
YHR141C,2048,104
YHR142W,140,714
YHR143W,277,266
YHR143W-A,80,365
YHR144C,5,175
YHR145C,NA,NA
YHR146W,38,54
YHR147C,19,244
YHR148W,22,399
YHR149C,174,144
YHR150W,59,222
YHR151C,165,253
YHR152W,118,115
YHR153C,22,532
YHR154W,51,81
YHR155W,NA,NA
YHR156C,40,514
YHR157W,NA,NA
YHR158C,NA,NA
YHR159W,74,1062
YHR160C,NA,NA
YHR161C,241,149
YHR162W,402,113
YHR163W,7,418
YHR164C,NA,NA
YHR165C,NA,NA
YHR165W-A,NA,NA
YHR166C,101,156
YHR167W,63,515
YHR168W,105,218
YHR169W,70,223
YHR170W,17,197
YHR171W,17,122
YHR172W,NA,NA
YHR173C,NA,NA
YHR174W,29,310
YHR175W,NA,255
YHR175W-A,636,187
YHR176W,78,64
YHR177W,NA,NA
YHR178W,NA,NA
YHR179W,407,102
YHR180C-B,NA,NA
YHR180W,NA,NA
YHR180W-A,NA,NA
YHR181W,48,165
YHR182C-A,120,86
YHR182W,26,55
YHR183W,88,165
YHR184W,NA,NA
YHR185C,NA,NA
YHR186C,NA,NA
YHR187W,59,91
YHR188C,14,165
YHR189W,NA,NA
YHR190W,48,161
YHR191C,59,311
YHR192W,328,79
YHR193C,31,423
YHR193C-A,54,260
YHR194W,68,88
YHR195W,173,233
YHR196W,61,73
YHR197W,16,142
YHR198C,NA,141
YHR199C,176,91
YHR199C-A,NA,NA
YHR200W,23,512
YHR201C,636,62
YHR202W,49,61
YHR203C,74,287
YHR204W,46,90
YHR205W,477,210
YHR206W,NA,NA
YHR207C,NA,NA
YHR208W,40,217
YHR209W,419,413
YHR210C,18,406
YHR211W,NA,NA
YHR212C,NA,NA
YHR212W-A,NA,NA
YHR213W,NA,NA
YHR213W-A,NA,NA
YHR213W-B,NA,NA
YHR214C-D,NA,NA
YHR214C-E,NA,NA
YHR214W,NA,NA
YHR214W-A,NA,NA
YHR215W,NA,NA
YHR216W,105,195
YHR217C,NA,NA
YHR218W,NA,NA
YHR218W-A,NA,NA
YHR219C-A,NA,NA
YHR219W,NA,NA
YIL001W,73,124
YIL002C,211,155
YIL002W-A,15,313
YIL003W,438,102
YIL004C,364,172
YIL005W,147,186
YIL006W,176,212
YIL007C,204,152
YIL008W,45,754
YIL009C-A,8,257
YIL009W,561,219
YIL010W,115,186
YIL011W,193,129
YIL012W,NA,NA
YIL013C,NA,NA
YIL014C-A,87,206
YIL014W,184,122
YIL015W,NA,NA
YIL016W,244,58
YIL017C,NA,NA
YIL018W,1329,99
YIL019W,34,612
YIL020C,50,136
YIL020C-A,NA,NA
YIL021C-A,NA,NA
YIL021W,61,257
YIL022W,117,332
YIL023C,157,59
YIL024C,1243,110
YIL025C,NA,NA
YIL026C,54,145
YIL027C,36,220
YIL028W,533,1169
YIL029C,119,391
YIL029W-A,NA,NA
YIL030C,64,139
YIL030W-A,472,22
YIL031W,169,109
YIL032C,NA,NA
YIL033C,292,190
YIL034C,52,380
YIL035C,112,635
YIL036W,167,168
YIL037C,NA,NA
YIL038C,NA,NA
YIL039W,176,229
YIL040W,8,138
YIL041W,21,212
YIL042C,73,132
YIL043C,60,152
YIL044C,86,173
YIL045W,85,142
YIL046W,75,149
YIL046W-A,496,NA
YIL047C,NA,NA
YIL047C-A,2298,165
YIL048W,247,124
YIL049W,14,106
YIL050W,288,124
YIL051C,41,278
YIL052C,36,287
YIL053W,18,373
YIL054W,NA,NA
YIL055C,840,77
YIL056W,337,55
YIL057C,NA,NA
YIL058W,NA,NA
YIL059C,547,565
YIL060W,NA,NA
YIL061C,29,41
YIL062C,37,224
YIL063C,47,137
YIL064W,NA,NA
YIL065C,38,214
YIL066C,NA,NA
YIL066W-A,NA,NA
YIL067C,58,117
YIL068C,58,111
YIL068W-A,NA,NA
YIL069C,230,178
YIL070C,94,141
YIL071C,8,308
YIL071W-A,NA,NA
YIL072W,NA,NA
YIL073C,NA,NA
YIL074C,133,109
YIL075C,61,96
YIL076W,404,162
YIL077C,536,132
YIL078W,47,281
YIL079C,221,115
YIL082W,NA,NA
YIL083C,98,398
YIL084C,31,1151
YIL085C,669,50
YIL086C,NA,NA
YIL087C,231,93
YIL088C,72,132
YIL089W,29,470
YIL090W,176,327
YIL091C,54,83
YIL092W,94,98
YIL093C,108,134
YIL094C,64,547
YIL095W,168,128
YIL096C,37,151
YIL097W,25,146
YIL098C,80,93
YIL099W,NA,NA
YIL100C-A,NA,NA
YIL100W,NA,NA
YIL101C,NA,NA
YIL102C,NA,NA
YIL102C-A,54,1185
YIL103W,72,134
YIL104C,56,98
YIL105C,131,160
YIL105W-A,NA,NA
YIL106W,113,170
YIL107C,177,251
YIL108W,169,184
YIL109C,81,178
YIL110W,30,281
YIL111W,407,33
YIL112W,40,129
YIL113W,31,348
YIL114C,56,164
YIL115C,131,60
YIL115W-A,NA,NA
YIL116W,33,23
YIL117C,184,95
YIL118W,160,170
YIL119C,217,294
YIL120W,NA,NA
YIL121W,18,476
YIL122W,286,155
YIL123W,234,336
YIL124W,41,386
YIL125W,NA,NA
YIL126W,69,136
YIL127C,23,663
YIL128W,NA,NA
YIL129C,NA,NA
YIL130W,NA,NA
YIL131C,54,234
YIL132C,209,392
YIL133C,60,227
YIL134C-A,419,170
YIL134W,284,70
YIL135C,221,154
YIL136W,62,98
YIL137C,48,102
YIL138C,18,777
YIL139C,220,121
YIL140W,220,123
YIL141W,NA,NA
YIL142C-A,NA,NA
YIL142W,26,183
YIL143C,NA,NA
YIL144W,NA,NA
YIL145C,43,544
YIL146C,365,214
YIL147C,NA,NA
YIL148W,564,66
YIL149C,NA,NA
YIL150C,NA,NA
YIL151C,NA,NA
YIL152W,72,152
YIL153W,32,54
YIL154C,24,286
YIL155C,52,339
YIL156W,NA,NA
YIL156W-A,NA,NA
YIL156W-B,16,216
YIL157C,33,251
YIL158W,57,108
YIL159W,NA,NA
YIL160C,NA,NA
YIL161W,9,91
YIL162W,38,219
YIL163C,NA,NA
YIL164C,NA,NA
YIL165C,202,266
YIL166C,NA,NA
YIL169C,39,275
YIL171W-A,NA,NA
YIL172C,NA,NA
YIL173W,NA,NA
YIL176C,NA,NA
YIL177C,NA,NA
YIL177W-A,NA,NA
YIR001C,64,332
YIR002C,NA,NA
YIR003W,137,69
YIR004W,39,160
YIR005W,238,75
YIR006C,NA,NA
YIR007W,1,107
YIR008C,26,392
YIR009W,617,449
YIR010W,90,106
YIR011C,33,109
YIR012W,21,153
YIR013C,456,221
YIR014W,NA,NA
YIR015W,NA,NA
YIR016W,449,75
YIR017C,257,207
YIR017W-A,NA,NA
YIR018C-A,783,218
YIR018W,16,519
YIR019C,NA,NA
YIR020C,2422,646
YIR020C-B,NA,NA
YIR020W-A,NA,NA
YIR021W,72,99
YIR021W-A,NA,NA
YIR022W,7,356
YIR023C-A,NA,NA
YIR023W,NA,NA
YIR024C,51,195
YIR025W,43,149
YIR026C,28,255
YIR027C,NA,NA
YIR028W,NA,NA
YIR029W,153,207
YIR030C,51,53
YIR030W-A,NA,NA
YIR031C,140,64
YIR032C,61,146
YIR033W,55,99
YIR034C,37,170
YIR035C,528,79
YIR036C,46,263
YIR036W-A,NA,NA
YIR037W,78,230
YIR038C,751,121
YIR039C,252,158
YIR040C,NA,NA
YIR041W,1417,132
YIR042C,269,378
YJL001W,364,113
YJL002C,79,110
YJL003W,226,277
YJL004C,27,305
YJL005W,NA,NA
YJL006C,74,52
YJL007C,NA,NA
YJL008C,42,238
YJL009W,NA,NA
YJL010C,33,140
YJL011C,50,409
YJL012C,92,70
YJL013C,NA,NA
YJL014W,41,308
YJL015C,NA,NA
YJL016W,273,115
YJL019W,115,577
YJL020C,NA,NA
YJL020W-A,NA,NA
YJL022W,153,465
YJL023C,16,156
YJL024C,28,391
YJL025W,79,289
YJL026C-A,NA,NA
YJL026W,193,139
YJL027C,475,65
YJL028W,NA,NA
YJL029C,78,99
YJL030W,259,12
YJL031C,75,103
YJL032W,NA,NA
YJL033W,35,80
YJL034W,37,388
YJL035C,52,150
YJL036W,126,269
YJL037W,NA,NA
YJL038C,85,157
YJL039C,NA,NA
YJL041W,60,122
YJL042W,67,152
YJL043W,69,335
YJL044C,48,407
YJL045W,NA,NA
YJL046W,2,289
YJL047C,NA,NA
YJL047C-A,193,470
YJL048C,91,252
YJL049W,22,88
YJL050W,47,92
YJL051W,74,214
YJL052C-A,NA,NA
YJL052W,113,136
YJL053W,69,176
YJL054W,42,179
YJL055W,402,52
YJL056C,NA,NA
YJL057C,74,56
YJL058C,32,29
YJL059W,54,84
YJL060W,58,127
YJL061W,47,283
YJL062W,48,88
YJL062W-A,40,291
YJL063C,351,78
YJL064W,NA,NA
YJL065C,768,114
YJL066C,37,281
YJL067W,NA,NA
YJL068C,63,241
YJL069C,40,88
YJL070C,45,81
YJL071W,92,118
YJL072C,52,593
YJL073W,119,86
YJL074C,NA,NA
YJL075C,NA,NA
YJL076W,36,170
YJL077C,NA,NA
YJL077W-A,656,165
YJL077W-B,2002,174
YJL078C,80,365
YJL079C,281,183
YJL080C,185,108
YJL081C,22,404
YJL082W,115,217
YJL083W,503,453
YJL084C,112,144
YJL085W,NA,NA
YJL086C,NA,NA
YJL087C,124,206
YJL088W,21,231
YJL089W,NA,NA
YJL090C,44,82
YJL091C,16,402
YJL092W,183,162
YJL093C,NA,NA
YJL094C,44,162
YJL095W,NA,NA
YJL096W,79,90
YJL097W,100,94
YJL098W,707,57
YJL099W,NA,NA
YJL100W,342,80
YJL101C,137,317
YJL102W,41,114
YJL103C,203,193
YJL104W,406,160
YJL105W,NA,NA
YJL106W,625,187
YJL107C,NA,NA
YJL108C,327,230
YJL109C,NA,NA
YJL110C,97,128
YJL111W,75,189
YJL112W,47,150
YJL115W,657,101
YJL116C,212,313
YJL117W,89,341
YJL118W,14,167
YJL119C,447,412
YJL120W,698,352
YJL121C,455,65
YJL122W,47,154
YJL123C,867,173
YJL124C,632,214
YJL125C,51,133
YJL126W,855,120
YJL127C,NA,NA
YJL127C-B,764,275
YJL127W-A,NA,NA
YJL128C,220,230
YJL129C,NA,NA
YJL130C,NA,NA
YJL131C,25,393
YJL132W,21,137
YJL133C-A,28,212
YJL133W,243,140
YJL134W,269,89
YJL135W,NA,NA
YJL136C,13,370
YJL136W-A,NA,NA
YJL137C,93,311
YJL138C,108,257
YJL139C,85,838
YJL140W,98,169
YJL141C,NA,NA
YJL142C,2160,8
YJL143W,45,398
YJL144W,80,231
YJL145W,75,112
YJL146W,125,221
YJL147C,74,229
YJL148W,56,551
YJL149W,35,63
YJL150W,NA,NA
YJL151C,32,460
YJL152W,NA,NA
YJL153C,NA,NA
YJL154C,NA,NA
YJL155C,160,157
YJL156C,51,389
YJL156W-A,NA,NA
YJL157C,NA,NA
YJL158C,41,400
YJL159W,186,307
YJL160C,NA,155
YJL161W,547,153
YJL162C,83,110
YJL163C,79,71
YJL164C,243,171
YJL165C,NA,NA
YJL166W,101,232
YJL167W,119,128
YJL168C,108,210
YJL169W,NA,NA
YJL170C,93,26
YJL171C,27,224
YJL172W,38,144
YJL173C,12,195
YJL174W,150,298
YJL175W,2285,414
YJL176C,62,226
YJL177W,90,257
YJL178C,44,122
YJL179W,56,217
YJL180C,66,101
YJL181W,43,83
YJL182C,NA,NA
YJL183W,277,88
YJL184W,237,87
YJL185C,62,191
YJL186W,424,117
YJL187C,92,102
YJL188C,NA,NA
YJL189W,34,138
YJL190C,15,277
YJL191W,50,241
YJL192C,33,147
YJL193W,18,152
YJL194W,25,136
YJL195C,NA,NA
YJL196C,193,134
YJL197C-A,NA,NA
YJL197W,38,58
YJL198W,21,165
YJL199C,366,258
YJL200C,125,152
YJL201W,84,180
YJL202C,NA,NA
YJL203W,245,281
YJL204C,NA,NA
YJL205C,892,74
YJL206C,NA,NA
YJL207C,NA,NA
YJL208C,67,283
YJL209W,65,97
YJL210W,228,82
YJL211C,223,519
YJL212C,31,239
YJL213W,294,337
YJL214W,NA,NA
YJL215C,1469,327
YJL216C,NA,NA
YJL217W,100,181
YJL218W,106,147
YJL219W,NA,NA
YJL220W,NA,NA
YJL221C,NA,NA
YJL222W,NA,NA
YJL222W-A,NA,NA
YJL222W-B,NA,NA
YJL223C,NA,NA
YJL225C,NA,NA
YJL225W-A,NA,NA
YJR001W,74,130
YJR002W,29,371
YJR003C,NA,133
YJR004C,NA,NA
YJR005C-A,22,310
YJR005W,47,283
YJR006W,NA,103
YJR007W,137,178
YJR008W,112,213
YJR009C,266,137
YJR010C-A,230,3346
YJR010W,83,128
YJR011C,227,75
YJR012C,NA,NA
YJR013W,397,87
YJR014W,430,349
YJR015W,179,133
YJR016C,63,162
YJR017C,74,241
YJR018W,297,68
YJR019C,34,79
YJR020W,745,222
YJR021C,64,97
YJR022W,NA,NA
YJR023C,NA,NA
YJR024C,15,76
YJR025C,187,151
YJR030C,NA,NA
YJR031C,98,116
YJR032W,22,228
YJR033C,NA,NA
YJR034W,102,212
YJR035W,NA,NA
YJR036C,NA,NA
YJR037W,NA,NA
YJR038C,NA,NA
YJR039W,NA,NA
YJR040W,38,68
YJR041C,NA,NA
YJR042W,24,179
YJR043C,67,168
YJR044C,149,176
YJR045C,138,267
YJR046W,84,41
YJR047C,122,109
YJR048W,307,173
YJR049C,21,269
YJR050W,58,274
YJR051W,65,96
YJR052W,61,65
YJR053W,NA,NA
YJR054W,101,28
YJR055W,9,437
YJR056C,200,139
YJR057W,6,154
YJR058C,288,56
YJR059W,74,123
YJR060W,114,777
YJR061W,NA,NA
YJR062C,13,630
YJR063W,46,224
YJR064W,35,147
YJR065C,51,298
YJR066W,NA,NA
YJR067C,32,936
YJR068W,47,101
YJR069C,50,216
YJR070C,224,129
YJR071W,NA,NA
YJR072C,40,300
YJR073C,799,53
YJR074W,15,96
YJR075W,61,272
YJR076C,88,133
YJR077C,60,212
YJR078W,NA,NA
YJR079W,NA,NA
YJR080C,82,166
YJR082C,682,204
YJR083C,41,304
YJR084W,42,165
YJR085C,43,173
YJR086W,NA,NA
YJR087W,NA,NA
YJR088C,328,272
YJR089W,NA,NA
YJR090C,NA,NA
YJR091C,69,282
YJR092W,NA,NA
YJR093C,57,159
YJR094C,196,171
YJR094W-A,31,231
YJR095W,NA,NA
YJR096W,170,80
YJR097W,62,235
YJR098C,NA,NA
YJR099W,81,1452
YJR100C,236,71
YJR101W,119,151
YJR102C,288,102
YJR103W,75,77
YJR104C,974,76
YJR105W,411,45
YJR106W,NA,NA
YJR107C-A,NA,NA
YJR107W,532,109
YJR108W,NA,NA
YJR109C,76,102
YJR110W,125,141
YJR111C,129,116
YJR112W,33,152
YJR112W-A,36,232
YJR113C,417,73
YJR114W,NA,NA
YJR115W,651,297
YJR116W,159,191
YJR117W,38,165
YJR118C,37,185
YJR119C,8,80
YJR120W,NA,NA
YJR121W,235,360
YJR122W,404,765
YJR123W,129,198
YJR124C,244,194
YJR125C,59,169
YJR126C,NA,NA
YJR127C,NA,NA
YJR128W,NA,NA
YJR129C,63,306
YJR130C,89,168
YJR131W,35,903
YJR132W,60,174
YJR133W,148,105
YJR134C,70,106
YJR135C,60,229
YJR135W-A,19,404
YJR136C,21,85
YJR137C,NA,NA
YJR138W,NA,NA
YJR139C,111,134
YJR140C,NA,NA
YJR140W-A,NA,NA
YJR141W,32,139
YJR142W,76,193
YJR143C,70,157
YJR144W,195,71
YJR145C,494,96
YJR146W,NA,NA
YJR147W,145,441
YJR148W,151,312
YJR149W,NA,NA
YJR150C,177,106
YJR151C,NA,NA
YJR151W-A,NA,NA
YJR152W,280,93
YJR153W,194,798
YJR154W,NA,NA
YJR155W,378,60
YJR156C,NA,NA
YJR157W,NA,NA
YJR158W,NA,NA
YJR159W,NA,NA
YJR160C,NA,NA
YJR161C,NA,NA
YJR162C,NA,NA
YKL001C,150,108
YKL002W,477,91
YKL003C,1086,132
YKL004W,365,179
YKL005C,142,172
YKL006C-A,670,68
YKL006W,193,89
YKL007W,356,137
YKL008C,208,155
YKL009W,76,131
YKL010C,NA,NA
YKL011C,125,88
YKL012W,46,241
YKL013C,52,275
YKL014C,NA,NA
YKL015W,NA,NA
YKL016C,95,194
YKL017C,6,110
YKL018C-A,55,569
YKL018W,39,159
YKL019W,210,75
YKL020C,NA,NA
YKL021C,NA,NA
YKL022C,NA,NA
YKL023C-A,36,266
YKL023W,139,152
YKL024C,224,160
YKL025C,33,68
YKL026C,110,194
YKL027W,162,103
YKL028W,43,334
YKL029C,121,111
YKL030W,NA,NA
YKL031W,NA,NA
YKL032C,NA,NA
YKL033W,NA,NA
YKL033W-A,121,146
YKL034W,143,132
YKL035W,132,165
YKL036C,98,326
YKL037W,NA,NA
YKL038W,NA,NA
YKL039W,173,258
YKL040C,61,937
YKL041W,93,330
YKL042W,137,255
YKL043W,305,165
YKL044W,303,70
YKL045W,72,138
YKL046C,265,235
YKL047W,47,173
YKL048C,84,180
YKL049C,78,111
YKL050C,NA,NA
YKL051W,139,400
YKL052C,432,39
YKL053C-A,80,207
YKL053W,NA,NA
YKL054C,109,217
YKL055C,44,438
YKL056C,1212,128
YKL057C,54,56
YKL058W,267,163
YKL059C,69,120
YKL060C,21,429
YKL061W,29,281
YKL062W,145,420
YKL063C,694,158
YKL064W,NA,NA
YKL065C,245,137
YKL065W-A,NA,NA
YKL066W,NA,NA
YKL067W,69,294
YKL068W,119,101
YKL068W-A,210,311
YKL069W,42,220
YKL070W,297,258
YKL071W,219,98
YKL072W,237,135
YKL073W,76,90
YKL074C,7,108
YKL075C,NA,NA
YKL076C,1038,80
YKL077W,112,333
YKL078W,32,103
YKL079W,76,72
YKL080W,128,127
YKL081W,78,239
YKL082C,46,176
YKL083W,NA,NA
YKL084W,94,163
YKL085W,391,391
YKL086W,25,174
YKL087C,102,216
YKL088W,60,209
YKL089W,18,228
YKL090W,39,187
YKL091C,38,98
YKL092C,86,215
YKL093W,65,160
YKL094W,1033,88
YKL095W,NA,NA
YKL096C-B,NA,NA
YKL096W,1831,93
YKL096W-A,47,275
YKL097C,NA,NA
YKL098W,33,216
YKL099C,80,188
YKL100C,72,248
YKL100W-A,NA,NA
YKL101W,NA,NA
YKL102C,NA,NA
YKL103C,454,190
YKL104C,201,279
YKL104W-A,NA,NA
YKL105C,NA,NA
YKL106C-A,2,894
YKL106W,99,174
YKL107W,33,140
YKL108W,193,66
YKL109W,270,359
YKL110C,489,141
YKL111C,NA,NA
YKL112W,180,141
YKL113C,61,125
YKL114C,70,108
YKL115C,NA,NA
YKL116C,229,276
YKL117W,30,291
YKL118W,NA,NA
YKL119C,117,140
YKL120W,162,189
YKL121W,261,131
YKL122C,51,162
YKL123W,1130,86
YKL124W,NA,NA
YKL125W,90,163
YKL126W,207,69
YKL127W,364,143
YKL128C,25,387
YKL129C,23,105
YKL130C,90,175
YKL131W,NA,NA
YKL132C,164,359
YKL133C,10,169
YKL134C,51,282
YKL135C,149,73
YKL136W,NA,NA
YKL137W,408,151
YKL138C,524,70
YKL138C-A,500,239
YKL139W,176,62
YKL140W,267,225
YKL141W,249,128
YKL142W,96,160
YKL143W,53,368
YKL144C,87,242
YKL145W,53,208
YKL145W-A,356,756
YKL146W,174,83
YKL147C,NA,NA
YKL148C,176,232
YKL149C,74,154
YKL150W,138,119
YKL151C,4,1108
YKL152C,23,635
YKL153W,NA,NA
YKL154W,98,116
YKL155C,54,90
YKL156C-A,NA,NA
YKL156W,53,236
YKL157W,11,110
YKL159C,8,681
YKL160W,4,1237
YKL161C,277,314
YKL162C,108,146
YKL162C-A,NA,NA
YKL163W,43,402
YKL164C,359,257
YKL165C,56,156
YKL165C-A,NA,NA
YKL166C,215,219
YKL167C,19,244
YKL168C,9,302
YKL169C,1609,360
YKL170W,112,183
YKL171W,NA,NA
YKL172W,33,153
YKL173W,24,102
YKL174C,99,124
YKL175W,242,162
YKL176C,345,42
YKL177W,NA,NA
YKL178C,43,272
YKL179C,NA,NA
YKL180W,178,108
YKL181W,148,308
YKL182W,NA,NA
YKL183C-A,NA,NA
YKL183W,169,708
YKL184W,212,305
YKL185W,365,122
YKL186C,294,99
YKL187C,NA,NA
YKL188C,NA,NA
YKL189W,271,217
YKL190W,45,393
YKL191W,50,92
YKL192C,83,142
YKL193C,41,109
YKL194C,78,226
YKL195W,33,269
YKL196C,117,159
YKL197C,NA,NA
YKL198C,225,144
YKL201C,NA,NA
YKL202W,NA,NA
YKL203C,NA,NA
YKL204W,42,173
YKL205W,30,125
YKL206C,98,65
YKL207W,33,179
YKL208W,8,203
YKL209C,NA,NA
YKL210W,NA,NA
YKL211C,76,157
YKL212W,200,93
YKL213C,74,70
YKL214C,67,161
YKL215C,NA,NA
YKL216W,41,400
YKL217W,NA,NA
YKL218C,481,198
YKL219W,NA,NA
YKL220C,NA,NA
YKL221W,NA,NA
YKL222C,NA,NA
YKL223W,NA,NA
YKL224C,NA,NA
YKL225W,NA,NA
YKR001C,67,141
YKR002W,250,96
YKR003W,516,88
YKR004C,46,595
YKR005C,NA,NA
YKR006C,52,90
YKR007W,48,83
YKR008W,31,124
YKR009C,NA,NA
YKR010C,88,140
YKR011C,118,110
YKR012C,907,78
YKR013W,39,220
YKR014C,142,139
YKR015C,NA,NA
YKR016W,50,275
YKR017C,114,179
YKR018C,21,340
YKR019C,110,155
YKR020W,31,353
YKR021W,68,190
YKR022C,86,130
YKR023W,60,93
YKR024C,41,130
YKR025W,59,137
YKR026C,143,184
YKR027W,6,484
YKR028W,NA,NA
YKR029C,4,92
YKR030W,221,115
YKR031C,NA,NA
YKR032W,NA,NA
YKR033C,NA,NA
YKR034W,NA,NA
YKR035C,NA,NA
YKR035W-A,12,186
YKR036C,23,154
YKR037C,61,165
YKR038C,17,176
YKR039W,102,149
YKR040C,NA,NA
YKR041W,18,416
YKR042W,372,206
YKR043C,21,258
YKR044W,59,248
YKR045C,27,1546
YKR046C,37,163
YKR047W,NA,NA
YKR048C,18,164
YKR049C,419,52
YKR050W,954,127
YKR051W,126,75
YKR052C,365,367
YKR053C,808,90
YKR054C,NA,NA
YKR055W,50,391
YKR056W,NA,NA
YKR057W,29,290
YKR058W,171,109
YKR059W,115,281
YKR060W,23,344
YKR061W,134,69
YKR062W,20,654
YKR063C,10,192
YKR064W,48,157
YKR065C,28,210
YKR066C,37,126
YKR067W,125,179
YKR068C,237,118
YKR069W,180,52
YKR070W,19,252
YKR071C,57,336
YKR072C,188,218
YKR073C,NA,NA
YKR074W,45,170
YKR075C,175,139
YKR075W-A,994,342
YKR076W,294,147
YKR077W,90,103
YKR078W,16,42
YKR079C,304,191
YKR080W,180,147
YKR081C,66,131
YKR082W,57,79
YKR083C,67,218
YKR084C,92,107
YKR085C,22,167
YKR086W,NA,NA
YKR087C,19,159
YKR088C,28,124
YKR089C,78,81
YKR090W,172,196
YKR091W,33,134
YKR092C,244,125
YKR093W,197,208
YKR094C,39,302
YKR095W,NA,NA
YKR095W-A,136,69
YKR096W,73,105
YKR097W,NA,NA
YKR098C,80,120
YKR099W,271,125
YKR100C,347,462
YKR101W,27,226
YKR102W,NA,NA
YKR103W,NA,NA
YKR104W,6,294
YKR105C,NA,NA
YKR106W,NA,NA
YLL001W,66,229
YLL002W,53,73
YLL003W,13,59
YLL004W,16,93
YLL005C,NA,NA
YLL006W,28,1631
YLL006W-A,NA,NA
YLL007C,86,284
YLL008W,31,110
YLL009C,74,167
YLL010C,60,349
YLL011W,10,124
YLL012W,88,102
YLL013C,NA,NA
YLL014W,17,344
YLL015W,NA,NA
YLL018C,32,363
YLL018C-A,54,1316
YLL019C,NA,NA
YLL019W-A,NA,NA
YLL020C,890,52
YLL021W,NA,NA
YLL022C,29,137
YLL023C,62,178
YLL024C,51,349
YLL025W,34,235
YLL026W,180,89
YLL027W,325,105
YLL028W,305,384
YLL029W,151,111
YLL030C,NA,NA
YLL031C,79,92
YLL032C,NA,NA
YLL033W,NA,575
YLL034C,40,154
YLL035W,126,163
YLL036C,33,86
YLL037W,NA,NA
YLL038C,33,539
YLL039C,603,116
YLL040C,NA,NA
YLL041C,84,370
YLL042C,22,30
YLL043W,37,165
YLL044W,NA,NA
YLL045C,22,273
YLL046C,NA,NA
YLL047W,NA,NA
YLL048C,NA,NA
YLL049W,NA,NA
YLL050C,32,165
YLL051C,NA,NA
YLL052C,NA,NA
YLL053C,375,226
YLL054C,NA,NA
YLL055W,497,62
YLL056C,1229,120
YLL057C,NA,NA
YLL058W,187,86
YLL059C,NA,NA
YLL060C,844,220
YLL061W,15,201
YLL062C,118,136
YLL063C,303,158
YLL064C,NA,NA
YLL065W,NA,NA
YLL066C,NA,NA
YLL066W-A,NA,NA
YLL066W-B,NA,NA
YLL067C,NA,NA
YLL067W-A,NA,NA
YLR001C,NA,143
YLR002C,49,120
YLR003C,49,128
YLR004C,53,65
YLR005W,36,290
YLR006C,NA,NA
YLR007W,6,164
YLR008C,100,327
YLR009W,189,133
YLR010C,10,203
YLR011W,221,276
YLR012C,99,251
YLR013W,NA,NA
YLR014C,NA,NA
YLR015W,52,401
YLR016C,46,324
YLR017W,7,88
YLR018C,81,134
YLR019W,305,253
YLR020C,49,176
YLR021W,8,477
YLR022C,37,289
YLR023C,212,469
YLR024C,NA,NA
YLR025W,63,284
YLR026C,91,231
YLR027C,27,344
YLR028C,205,138
YLR029C,22,377
YLR030W,NA,NA
YLR031W,NA,NA
YLR032W,NA,NA
YLR033W,107,197
YLR034C,164,434
YLR035C,21,365
YLR036C,278,172
YLR037C,1516,150
YLR038C,525,50
YLR039C,NA,NA
YLR040C,293,143
YLR041W,459,958
YLR042C,97,116
YLR043C,26,340
YLR044C,207,76
YLR045C,NA,117
YLR046C,2163,51
YLR047C,NA,NA
YLR048W,301,218
YLR049C,211,102
YLR050C,196,91
YLR051C,33,150
YLR052W,45,687
YLR053C,11,99
YLR054C,NA,NA
YLR055C,NA,NA
YLR056W,210,126
YLR057W,64,113
YLR058C,113,149
YLR059C,257,183
YLR060W,52,157
YLR061W,84,104
YLR062C,NA,NA
YLR063W,NA,NA
YLR064W,1222,83
YLR065C,57,777
YLR066W,75,284
YLR067C,NA,NA
YLR068W,78,98
YLR069C,51,154
YLR070C,NA,NA
YLR071C,NA,NA
YLR072W,65,52
YLR073C,113,255
YLR074C,331,66
YLR075W,308,140
YLR076C,NA,NA
YLR077W,133,170
YLR078C,718,91
YLR079W,51,165
YLR080W,17,79
YLR081W,60,87
YLR082C,84,348
YLR083C,176,229
YLR084C,NA,NA
YLR085C,26,155
YLR086W,NA,NA
YLR087C,NA,NA
YLR088W,161,177
YLR089C,303,207
YLR090W,88,97
YLR091W,42,384
YLR092W,NA,NA
YLR093C,73,270
YLR094C,79,118
YLR095C,36,60
YLR096W,NA,NA
YLR097C,51,172
YLR098C,191,142
YLR099C,98,123
YLR099W-A,1634,60
YLR100W,26,211
YLR101C,NA,NA
YLR102C,39,150
YLR103C,92,77
YLR104W,418,60
YLR105C,159,83
YLR106C,NA,NA
YLR107W,47,113
YLR108C,59,145
YLR109W,36,839
YLR110C,46,955
YLR111W,NA,NA
YLR112W,51,452
YLR113W,343,137
YLR114C,82,437
YLR115W,NA,NA
YLR116W,NA,468
YLR117C,37,151
YLR118C,403,102
YLR119W,NA,NA
YLR120C,112,403
YLR120W-A,510,9
YLR121C,34,142
YLR122C,NA,NA
YLR123C,614,14
YLR124W,NA,NA
YLR125W,11,895
YLR126C,97,230
YLR127C,72,155
YLR128W,381,200
YLR129W,68,116
YLR130C,144,253
YLR131C,265,73
YLR132C,84,438
YLR133W,29,579
YLR134W,42,130
YLR135W,63,152
YLR136C,100,250
YLR137W,6,269
YLR138W,98,71
YLR139C,50,173
YLR140W,NA,NA
YLR141W,38,422
YLR142W,NA,NA
YLR143W,32,208
YLR144C,NA,NA
YLR145W,383,50
YLR146C,225,82
YLR146W-A,20,228
YLR147C,30,224
YLR148W,NA,NA
YLR149C,NA,NA
YLR149C-A,NA,NA
YLR150W,235,227
YLR151C,40,396
YLR152C,168,101
YLR153C,112,260
YLR154C,86,365
YLR154C-G,NA,NA
YLR154C-H,NA,NA
YLR154W-A,NA,NA
YLR154W-B,NA,NA
YLR154W-C,NA,NA
YLR154W-E,NA,NA
YLR154W-F,NA,NA
YLR155C,NA,NA
YLR156C-A,NA,NA
YLR156W,NA,NA
YLR157C,NA,NA
YLR157C-C,NA,NA
YLR157W-D,NA,NA
YLR157W-E,NA,NA
YLR158C,NA,NA
YLR159C-A,NA,NA
YLR159W,NA,NA
YLR160C,NA,NA
YLR161W,NA,NA
YLR162W,NA,NA
YLR162W-A,NA,NA
YLR163C,50,164
YLR163W-A,NA,NA
YLR164W,362,143
YLR165C,40,122
YLR166C,35,44
YLR167W,758,47
YLR168C,425,124
YLR169W,NA,NA
YLR170C,46,320
YLR171W,NA,NA
YLR172C,36,411
YLR173W,60,394
YLR174W,286,82
YLR175W,97,162
YLR176C,NA,NA
YLR177W,NA,NA
YLR178C,561,51
YLR179C,76,330
YLR180W,55,408
YLR181C,305,130
YLR182W,46,179
YLR183C,128,149
YLR184W,NA,NA
YLR185W,269,96
YLR186W,140,193
YLR187W,NA,NA
YLR188W,72,331
YLR189C,59,128
YLR190W,426,408
YLR191W,43,267
YLR192C,48,376
YLR193C,70,184
YLR194C,258,66
YLR195C,17,382
YLR196W,77,214
YLR197W,80,185
YLR198C,NA,NA
YLR199C,182,200
YLR200W,40,350
YLR201C,9,396
YLR202C,NA,NA
YLR203C,65,367
YLR204W,62,161
YLR205C,139,63
YLR206W,NA,NA
YLR207W,59,75
YLR208W,520,363
YLR209C,101,184
YLR210W,67,179
YLR211C,111,338
YLR212C,44,164
YLR213C,512,118
YLR214W,96,143
YLR215C,60,126
YLR216C,100,111
YLR217W,71,242
YLR218C,80,103
YLR219W,194,343
YLR220W,160,577
YLR221C,107,234
YLR222C,44,97
YLR222C-A,NA,NA
YLR223C,NA,NA
YLR224W,596,84
YLR225C,67,128
YLR226W,48,610
YLR227C,NA,NA
YLR228C,191,215
YLR229C,101,1128
YLR230W,NA,NA
YLR231C,141,81
YLR232W,NA,NA
YLR233C,NA,NA
YLR234W,66,530
YLR235C,NA,NA
YLR236C,NA,NA
YLR237W,134,185
YLR238W,77,155
YLR239C,29,195
YLR240W,32,164
YLR241W,40,153
YLR242C,79,144
YLR243W,91,168
YLR244C,583,55
YLR245C,63,186
YLR246W,347,69
YLR247C,NA,NA
YLR248W,664,131
YLR249W,65,169
YLR250W,52,289
YLR251W,12,142
YLR252W,448,44
YLR253W,111,93
YLR254C,597,74
YLR255C,28,491
YLR256W,NA,NA
YLR257W,268,150
YLR258W,80,367
YLR259C,45,218
YLR260W,135,215
YLR261C,279,306
YLR262C,NA,NA
YLR262C-A,402,99
YLR263W,NA,NA
YLR264C-A,NA,NA
YLR264W,55,1024
YLR265C,NA,NA
YLR266C,28,28
YLR267W,NA,NA
YLR268W,71,301
YLR269C,NA,NA
YLR270W,159,195
YLR271W,352,102
YLR272C,51,80
YLR273C,NA,NA
YLR274W,38,131
YLR275W,210,257
YLR276C,151,65
YLR277C,157,82
YLR278C,NA,NA
YLR279W,NA,NA
YLR280C,NA,NA
YLR281C,NA,NA
YLR282C,NA,NA
YLR283W,338,92
YLR284C,102,84
YLR285C-A,264,6
YLR285W,5,259
YLR286C,239,196
YLR286W-A,105,1518
YLR287C,69,641
YLR287C-A,65,219
YLR288C,17,160
YLR289W,NA,NA
YLR290C,22,184
YLR291C,64,178
YLR292C,71,183
YLR293C,66,258
YLR294C,NA,NA
YLR295C,124,278
YLR296W,NA,NA
YLR297W,209,294
YLR298C,26,742
YLR299C-A,NA,NA
YLR299W,178,110
YLR300W,133,303
YLR301W,29,211
YLR302C,NA,NA
YLR303W,40,495
YLR304C,110,177
YLR305C,NA,NA
YLR306W,66,272
YLR307C-A,NA,NA
YLR307W,76,97
YLR308W,NA,NA
YLR309C,NA,NA
YLR310C,NA,NA
YLR311C,1,9
YLR312C,193,213
YLR312W-A,11,283
YLR313C,38,509
YLR314C,69,137
YLR315W,49,688
YLR316C,59,155
YLR317W,471,142
YLR318W,NA,NA
YLR319C,NA,NA
YLR320W,NA,NA
YLR321C,66,326
YLR322W,38,134
YLR323C,1949,285
YLR324W,66,147
YLR325C,495,240
YLR326W,161,140
YLR327C,246,180
YLR328W,210,350
YLR329W,NA,NA
YLR330W,54,149
YLR331C,NA,NA
YLR332W,450,214
YLR333C,160,175
YLR334C,NA,NA
YLR335W,29,184
YLR336C,40,168
YLR337C,64,135
YLR338W,NA,NA
YLR339C,NA,NA
YLR340W,59,347
YLR341W,NA,NA
YLR342W,NA,NA
YLR342W-A,1129,510
YLR343W,NA,NA
YLR344W,462,99
YLR345W,145,63
YLR346C,169,152
YLR347C,201,480
YLR347W-A,NA,NA
YLR348C,91,110
YLR349W,NA,NA
YLR350W,123,137
YLR351C,37,187
YLR352W,124,96
YLR353W,480,165
YLR354C,71,168
YLR355C,78,303
YLR356W,83,208
YLR357W,55,190
YLR358C,NA,NA
YLR359W,115,144
YLR360W,99,137
YLR361C,20,479
YLR361C-A,16,284
YLR362W,64,115
YLR363C,78,544
YLR363W-A,27,389
YLR364C-A,NA,NA
YLR364W,108,408
YLR365W,NA,NA
YLR366W,NA,NA
YLR367W,40,226
YLR368W,53,43
YLR369W,22,142
YLR370C,42,247
YLR371W,NA,NA
YLR372W,216,258
YLR373C,30,78
YLR374C,NA,NA
YLR375W,89,98
YLR376C,67,94
YLR377C,NA,NA
YLR378C,270,173
YLR379W,NA,NA
YLR379W-A,NA,NA
YLR380W,630,134
YLR381W,NA,NA
YLR382C,81,80
YLR383W,NA,NA
YLR384C,NA,NA
YLR385C,129,2514
YLR386W,56,159
YLR387C,96,416
YLR388W,151,140
YLR389C,27,220
YLR390W,4166,270
YLR390W-A,38,606
YLR392C,387,91
YLR393W,55,1131
YLR394W,627,92
YLR395C,634,270
YLR396C,53,221
YLR397C,121,142
YLR398C,29,204
YLR399C,49,315
YLR399W-A,NA,NA
YLR400W,NA,NA
YLR401C,44,2294
YLR402W,NA,NA
YLR403W,NA,NA
YLR404W,36,207
YLR405W,738,147
YLR406C,252,182
YLR406C-A,NA,NA
YLR407W,247,237
YLR408C,18,103
YLR409C,46,107
YLR410W,NA,NA
YLR411W,85,153
YLR412C-A,107,844
YLR412W,NA,1046
YLR413W,49,170
YLR414C,198,101
YLR415C,NA,NA
YLR416C,NA,NA
YLR417W,100,130
YLR418C,99,313
YLR419W,NA,NA
YLR420W,107,131
YLR421C,32,343
YLR422W,NA,NA
YLR423C,128,226
YLR424W,NA,NA
YLR425W,NA,NA
YLR426W,24,93
YLR427W,133,171
YLR428C,72,131
YLR429W,46,189
YLR430W,NA,NA
YLR431C,143,207
YLR432W,117,330
YLR433C,113,295
YLR434C,NA,NA
YLR435W,78,329
YLR436C,83,19
YLR437C,72,231
YLR437C-A,NA,NA
YLR438C-A,1868,105
YLR438W,49,114
YLR439W,613,138
YLR440C,226,1326
YLR441C,43,326
YLR442C,37,144
YLR443W,170,100
YLR444C,16,299
YLR445W,NA,NA
YLR446W,85,285
YLR447C,53,498
YLR448W,65,506
YLR449W,75,90
YLR450W,NA,NA
YLR451W,83,188
YLR452C,171,186
YLR453C,NA,NA
YLR454W,NA,NA
YLR455W,282,469
YLR456W,11,164
YLR457C,354,177
YLR458W,NA,NA
YLR459W,11,305
YLR460C,45,257
YLR461W,NA,NA
YLR462W,NA,NA
YLR463C,NA,NA
YLR464W,NA,NA
YLR465C,NA,NA
YLR466C-A,NA,NA
YLR466C-B,NA,NA
YLR466W,NA,NA
YLR467C-A,NA,NA
YLR467W,NA,NA
YML001W,232,129
YML002W,NA,NA
YML003W,NA,NA
YML004C,196,135
YML005W,6,83
YML006C,213,73
YML007C-A,358,161
YML007W,187,234
YML008C,274,87
YML009C,48,287
YML009C-A,NA,NA
YML009W-B,1838,299
YML010W,NA,NA
YML011C,52,167
YML012C-A,NA,NA
YML012W,1428,112
YML013W,28,237
YML014W,46,95
YML015C,62,120
YML016C,NA,NA
YML017W,NA,NA
YML018C,130,200
YML019W,47,294
YML020W,175,168
YML021C,14,195
YML022W,21,497
YML023C,54,83
YML024W,41,248
YML025C,41,145
YML026C,21,419
YML027W,70,169
YML028W,1061,104
YML029W,79,325
YML030W,84,246
YML031C-A,NA,NA
YML031W,72,72
YML032C,39,298
YML034C-A,NA,NA
YML034W,125,173
YML035C,128,238
YML036W,655,51
YML037C,NA,NA
YML038C,174,220
YML041C,74,82
YML042W,NA,NA
YML043C,161,163
YML046W,NA,NA
YML047C,NA,NA
YML047W-A,NA,NA
YML048W,44,346
YML049C,NA,NA
YML050W,17,125
YML051W,118,142
YML052W,38,163
YML053C,234,44
YML054C,NA,NA
YML054C-A,NA,NA
YML055W,190,95
YML056C,202,78
YML057C-A,NA,NA
YML057W,90,117
YML058W,21,370
YML058W-A,51,131
YML059C,NA,NA
YML060W,71,218
YML061C,152,49
YML062C,45,134
YML063W,243,64
YML064C,82,277
YML065W,93,90
YML066C,NA,NA
YML067C,10,285
YML068W,95,163
YML069W,84,73
YML070W,257,69
YML071C,127,43
YML072C,NA,NA
YML073C,36,2664
YML074C,62,144
YML075C,170,106
YML076C,NA,NA
YML077W,66,125
YML078W,30,319
YML079W,28,170
YML080W,107,145
YML081C-A,245,107
YML081W,NA,NA
YML082W,63,185
YML083C,2776,360
YML084W,NA,NA
YML085C,62,174
YML086C,171,111
YML087C,88,108
YML088W,20,162
YML089C,NA,NA
YML090W,NA,NA
YML091C,NA,NA
YML092C,132,107
YML093W,30,153
YML094C-A,NA,NA
YML094W,649,94
YML095C,29,994
YML096W,23,226
YML097C,55,86
YML098W,57,559
YML099C,42,172
YML099W-A,NA,NA
YML100W,398,114
YML100W-A,1316,241
YML101C,59,106
YML101C-A,25,1197
YML102W,269,52
YML103C,NA,NA
YML104C,53,59
YML105C,78,106
YML106W,1480,64
YML107C,12,128
YML108W,59,651
YML109W,NA,NA
YML110C,21,748
YML111W,NA,NA
YML112W,53,108
YML113W,338,143
YML114C,175,78
YML115C,70,254
YML116W,80,287
YML116W-A,2141,37
YML117W,NA,NA
YML118W,112,222
YML119W,463,59
YML120C,157,400
YML121W,134,271
YML122C,59,164
YML123C,118,145
YML124C,37,153
YML125C,36,227
YML126C,NA,NA
YML127W,79,176
YML128C,163,178
YML129C,30,329
YML130C,120,93
YML131W,93,266
YML132W,NA,NA
YML133C,NA,NA
YML133W-A,NA,NA
YML133W-B,NA,NA
YMR001C,358,206
YMR001C-A,NA,NA
YMR002W,304,242
YMR003W,42,83
YMR004W,96,147
YMR005W,70,142
YMR006C,75,104
YMR007W,17,185
YMR008C,873,338
YMR008C-A,NA,NA
YMR009W,42,1021
YMR010W,264,447
YMR011W,29,237
YMR012W,127,134
YMR013C,55,82
YMR013C-A,98,1351
YMR013W-A,804,233
YMR014W,47,122
YMR015C,168,188
YMR016C,223,142
YMR017W,NA,NA
YMR018W,NA,NA
YMR019W,NA,NA
YMR020W,127,94
YMR021C,61,284
YMR022W,547,119
YMR023C,21,55
YMR024W,8,194
YMR025W,21,85
YMR026C,180,76
YMR027W,98,125
YMR028W,47,101
YMR029C,38,263
YMR030W,184,107
YMR030W-A,NA,NA
YMR031C,NA,NA
YMR031W-A,NA,NA
YMR032W,103,153
YMR033W,42,223
YMR034C,222,106
YMR035W,68,287
YMR036C,59,137
YMR037C,NA,NA
YMR038C,37,418
YMR039C,186,197
YMR040W,414,77
YMR041C,192,120
YMR042W,126,521
YMR043W,398,329
YMR044W,69,183
YMR046W-A,285,115
YMR047C,86,79
YMR048W,24,119
YMR049C,68,177
YMR052C-A,370,16
YMR052W,19,762
YMR053C,NA,NA
YMR054W,211,117
YMR055C,43,78
YMR056C,117,128
YMR057C,NA,NA
YMR058W,43,248
YMR059W,40,813
YMR060C,39,40
YMR061W,15,165
YMR062C,15,285
YMR063W,NA,NA
YMR064W,NA,NA
YMR065W,NA,NA
YMR066W,12,67
YMR067C,36,111
YMR068W,39,93
YMR069W,NA,NA
YMR070W,196,149
YMR071C,92,80
YMR072W,76,156
YMR073C,39,509
YMR074C,295,63
YMR075C-A,NA,NA
YMR075W,68,113
YMR076C,NA,NA
YMR077C,42,234
YMR078C,6,181
YMR079W,94,329
YMR080C,86,441
YMR081C,146,249
YMR082C,NA,NA
YMR083W,604,96
YMR084W,NA,NA
YMR085W,288,44
YMR086C-A,NA,NA
YMR086W,NA,NA
YMR087W,1771,33
YMR088C,116,147
YMR089C,200,178
YMR090W,770,130
YMR091C,56,174
YMR092C,78,108
YMR093W,73,111
YMR094W,NA,NA
YMR095C,NA,NA
YMR096W,1858,239
YMR097C,52,101
YMR098C,104,73
YMR099C,22,291
YMR100W,NA,NA
YMR101C,NA,NA
YMR102C,337,118
YMR103C,1055,53
YMR104C,NA,NA
YMR105C,788,128
YMR105W-A,678,62
YMR106C,5,587
YMR107W,NA,NA
YMR108W,269,190
YMR109W,40,81
YMR110C,18,151
YMR111C,109,144
YMR112C,143,120
YMR113W,91,61
YMR114C,53,101
YMR115W,53,124
YMR116C,109,223
YMR117C,19,204
YMR118C,NA,NA
YMR119W,184,133
YMR119W-A,609,664
YMR120C,109,166
YMR121C,51,65
YMR122C,678,16
YMR122W-A,725,244
YMR123W,19,318
YMR124W,NA,NA
YMR125W,88,160
YMR126C,266,95
YMR127C,102,258
YMR128W,NA,NA
YMR129W,42,129
YMR130W,92,144
YMR131C,74,173
YMR132C,86,413
YMR133W,NA,NA
YMR134W,86,321
YMR135C,55,43
YMR135W-A,NA,NA
YMR136W,97,71
YMR137C,79,126
YMR138W,NA,463
YMR139W,939,115
YMR140W,51,840
YMR141C,25,1264
YMR141W-A,NA,NA
YMR142C,1700,97
YMR143W,128,148
YMR144W,107,295
YMR145C,222,348
YMR146C,116,98
YMR147W,NA,NA
YMR148W,883,171
YMR149W,NA,NA
YMR150C,NA,NA
YMR151W,NA,NA
YMR152W,13,168
YMR153C-A,1578,1367
YMR153W,28,796
YMR154C,20,200
YMR155W,2884,158
YMR156C,198,55
YMR157C,45,160
YMR158C-A,1562,79
YMR158W,239,82
YMR158W-B,NA,NA
YMR159C,NA,NA
YMR160W,NA,NA
YMR161W,177,379
YMR162C,NA,NA
YMR163C,144,55
YMR164C,NA,NA
YMR165C,NA,NA
YMR166C,269,245
YMR167W,NA,NA
YMR168C,NA,NA
YMR169C,258,54
YMR170C,260,137
YMR171C,221,246
YMR172C-A,NA,NA
YMR172W,NA,NA
YMR173W,84,78
YMR173W-A,NA,NA
YMR174C,317,170
YMR175W,NA,NA
YMR175W-A,NA,NA
YMR176W,NA,NA
YMR177W,163,234
YMR178W,46,259
YMR179W,NA,NA
YMR180C,24,143
YMR181C,996,287
YMR182C,136,441
YMR182W-A,1302,702
YMR183C,74,358
YMR184W,6,2358
YMR185W,NA,NA
YMR186W,138,80
YMR187C,315,221
YMR188C,111,128
YMR189W,161,99
YMR190C,170,131
YMR191W,NA,NA
YMR192W,92,164
YMR193C-A,NA,NA
YMR193W,7,500
YMR194C-A,228,108
YMR194C-B,197,268
YMR194W,522,99
YMR195W,91,543
YMR196W,16,123
YMR197C,56,220
YMR198W,285,125
YMR199W,212,134
YMR200W,140,456
YMR201C,64,271
YMR202W,70,83
YMR203W,64,356
YMR204C,44,358
YMR205C,157,328
YMR206W,NA,NA
YMR207C,NA,NA
YMR208W,79,108
YMR209C,32,189
YMR210W,58,97
YMR211W,53,138
YMR212C,141,146
YMR213W,66,59
YMR214W,29,255
YMR215W,62,222
YMR216C,177,398
YMR217W,33,231
YMR218C,NA,NA
YMR219W,NA,NA
YMR220W,76,248
YMR221C,38,144
YMR222C,56,105
YMR223W,219,441
YMR224C,49,236
YMR225C,34,237
YMR226C,931,60
YMR227C,52,111
YMR228W,43,131
YMR229C,NA,NA
YMR230W,52,300
YMR230W-A,NA,NA
YMR231W,51,187
YMR232W,NA,NA
YMR233W,56,204
YMR234W,91,162
YMR235C,41,223
YMR236W,19,452
YMR237W,107,183
YMR238W,133,130
YMR239C,92,148
YMR240C,411,51
YMR241W,212,280
YMR242C,262,103
YMR242W-A,NA,NA
YMR243C,2161,592
YMR244C-A,487,187
YMR244W,NA,NA
YMR245W,NA,NA
YMR246W,607,184
YMR247C,NA,NA
YMR247W-A,NA,NA
YMR250W,NA,NA
YMR251W,NA,NA
YMR251W-A,683,290
YMR252C,1428,181
YMR253C,50,25
YMR254C,NA,NA
YMR255W,432,275
YMR256C,37,340
YMR257C,387,201
YMR258C,66,87
YMR259C,58,73
YMR260C,24,311
YMR261C,169,144
YMR262W,39,270
YMR263W,49,169
YMR264W,45,1012
YMR265C,2,295
YMR266W,NA,NA
YMR267W,63,260
YMR268C,41,206
YMR269W,241,54
YMR270C,140,256
YMR271C,538,156
YMR272C,110,174
YMR272W-A,NA,NA
YMR272W-B,NA,NA
YMR273C,183,93
YMR274C,87,59
YMR275C,50,130
YMR276W,55,125
YMR277W,135,128
YMR278W,39,120
YMR279C,NA,NA
YMR280C,NA,NA
YMR281W,117,94
YMR282C,46,145
YMR283C,NA,NA
YMR284W,25,175
YMR285C,66,157
YMR286W,16,288
YMR287C,74,109
YMR288W,20,53
YMR289W,11,502
YMR290C,73,247
YMR290W-A,NA,NA
YMR291W,82,181
YMR292W,44,100
YMR293C,131,92
YMR294W,26,138
YMR294W-A,NA,NA
YMR295C,10,720
YMR296C,215,83
YMR297W,42,252
YMR298W,21,1235
YMR299C,23,881
YMR300C,240,116
YMR301C,80,77
YMR302C,26,146
YMR303C,49,122
YMR304C-A,NA,NA
YMR304W,NA,NA
YMR305C,244,187
YMR306C-A,NA,NA
YMR306W,NA,NA
YMR307C-A,NA,NA
YMR307W,96,206
YMR308C,146,71
YMR309C,75,310
YMR310C,36,397
YMR311C,53,287
YMR312W,23,953
YMR313C,46,184
YMR314W,88,292
YMR315W,121,132
YMR315W-A,NA,NA
YMR316C-A,NA,NA
YMR316C-B,922,140
YMR316W,341,56
YMR317W,NA,NA
YMR318C,152,297
YMR319C,118,349
YMR320W,1039,513
YMR321C,NA,NA
YMR322C,NA,NA
YMR323W,NA,NA
YMR324C,NA,NA
YMR325W,NA,NA
YMR326C,NA,NA
YNL001W,62,125
YNL002C,25,251
YNL003C,31,761
YNL004W,26,269
YNL005C,70,294
YNL006W,69,568
YNL007C,126,422
YNL008C,19,38
YNL009W,29,133
YNL010W,47,232
YNL011C,33,80
YNL012W,NA,NA
YNL013C,NA,NA
YNL014W,NA,NA
YNL015W,NA,NA
YNL016W,57,777
YNL017C,NA,NA
YNL018C,NA,NA
YNL019C,NA,NA
YNL020C,127,280
YNL021W,69,233
YNL022C,36,155
YNL023C,43,205
YNL024C,52,181
YNL024C-A,81,453
YNL025C,26,1432
YNL026W,55,111
YNL027W,104,104
YNL028W,NA,NA
YNL029C,76,68
YNL030W,883,157
YNL031C,15,433
YNL032W,139,1323
YNL033W,NA,NA
YNL034W,NA,NA
YNL035C,80,213
YNL036W,147,157
YNL037C,112,249
YNL038W,25,124
YNL039W,NA,184
YNL040W,23,388
YNL041C,NA,NA
YNL042W,764,110
YNL042W-B,NA,NA
YNL043C,135,611
YNL044W,70,232
YNL045W,41,189
YNL046W,241,164
YNL047C,37,89
YNL048W,30,116
YNL049C,4,188
YNL050C,23,150
YNL051W,NA,168
YNL052W,33,356
YNL053W,158,126
YNL054W,NA,NA
YNL055C,203,132
YNL056W,215,173
YNL057W,NA,NA
YNL058C,28,578
YNL059C,25,149
YNL061W,39,148
YNL062C,28,382
YNL063W,123,319
YNL064C,250,264
YNL065W,92,326
YNL066W,194,422
YNL067W,56,409
YNL067W-A,NA,NA
YNL067W-B,NA,NA
YNL068C,252,168
YNL069C,10,380
YNL070W,52,362
YNL071W,133,154
YNL072W,80,89
YNL073W,41,110
YNL074C,45,309
YNL075W,90,281
YNL076W,NA,NA
YNL077W,NA,NA
YNL078W,267,261
YNL079C,52,475
YNL080C,199,125
YNL081C,254,171
YNL082W,54,90
YNL083W,29,338
YNL084C,53,248
YNL085W,280,294
YNL086W,96,477
YNL087W,1235,204
YNL088W,NA,NA
YNL089C,NA,NA
YNL090W,172,428
YNL091W,140,71
YNL092W,83,96
YNL093W,NA,NA
YNL094W,265,202
YNL095C,192,293
YNL096C,98,214
YNL097C,138,130
YNL097C-B,NA,NA
YNL097W-A,74,268
YNL098C,312,116
YNL099C,23,347
YNL100W,103,115
YNL101W,212,282
YNL102W,NA,NA
YNL103W,194,76
YNL103W-A,648,301
YNL104C,186,147
YNL105W,NA,NA
YNL106C,NA,NA
YNL107W,232,173
YNL108C,68,160
YNL109W,94,375
YNL110C,48,473
YNL111C,245,305
YNL112W,40,511
YNL113W,3162,178
YNL114C,206,407
YNL115C,43,603
YNL116W,60,162
YNL117W,NA,NA
YNL118C,52,166
YNL119W,79,131
YNL120C,NA,NA
YNL121C,47,242
YNL122C,NA,NA
YNL123W,22,114
YNL124W,3,309
YNL125C,197,116
YNL126W,NA,NA
YNL127W,97,158
YNL128W,NA,NA
YNL129W,136,319
YNL130C,380,94
YNL130C-A,NA,NA
YNL131W,79,327
YNL132W,90,134
YNL133C,41,119
YNL134C,350,52
YNL135C,3,1046
YNL136W,56,183
YNL137C,105,274
YNL138W,30,197
YNL138W-A,82,242
YNL139C,NA,NA
YNL140C,1133,498
YNL141W,84,117
YNL142W,334,88
YNL143C,NA,NA
YNL144C,NA,NA
YNL144W-A,NA,NA
YNL145W,52,171
YNL146C-A,NA,NA
YNL146W,151,309
YNL147W,366,17
YNL148C,801,155
YNL149C,645,104
YNL150W,NA,NA
YNL151C,66,221
YNL152W,540,67
YNL153C,586,230
YNL154C,221,263
YNL155W,103,209
YNL156C,217,177
YNL157W,732,79
YNL158W,NA,NA
YNL159C,18,790
YNL160W,54,539
YNL161W,139,465
YNL162W,26,140
YNL162W-A,16,474
YNL163C,105,129
YNL164C,169,342
YNL165W,125,221
YNL166C,73,96
YNL167C,382,224
YNL168C,391,155
YNL169C,308,112
YNL170W,NA,NA
YNL171C,NA,NA
YNL172W,NA,NA
YNL173C,47,222
YNL174W,NA,NA
YNL175C,35,204
YNL176C,178,259
YNL177C,52,321
YNL178W,17,1261
YNL179C,NA,NA
YNL180C,264,90
YNL181W,95,122
YNL182C,508,84
YNL183C,196,121
YNL184C,NA,NA
YNL185C,102,283
YNL186W,215,276
YNL187W,208,378
YNL188W,136,16
YNL189W,193,268
YNL190W,241,776
YNL191W,92,120
YNL192W,NA,NA
YNL193W,52,117
YNL194C,NA,NA
YNL195C,NA,NA
YNL196C,NA,NA
YNL197C,363,691
YNL198C,NA,NA
YNL199C,127,176
YNL200C,136,136
YNL201C,NA,NA
YNL202W,42,244
YNL203C,NA,NA
YNL204C,NA,NA
YNL205C,NA,NA
YNL206C,36,241
YNL207W,117,671
YNL208W,144,110
YNL209W,63,142
YNL210W,NA,NA
YNL211C,1417,156
YNL212W,82,159
YNL213C,87,184
YNL214W,232,258
YNL215W,91,379
YNL216W,119,135
YNL217W,135,138
YNL218W,8,444
YNL219C,167,166
YNL220W,105,210
YNL221C,57,138
YNL222W,36,229
YNL223W,6,91
YNL224C,235,174
YNL225C,49,108
YNL226W,144,38
YNL227C,87,69
YNL228W,NA,NA
YNL229C,NA,NA
YNL230C,62,378
YNL231C,196,76
YNL232W,86,174
YNL233W,184,81
YNL234W,32,130
YNL235C,NA,NA
YNL236W,46,90
YNL237W,54,190
YNL238W,313,120
YNL239W,378,103
YNL240C,47,105
YNL241C,187,244
YNL242W,NA,NA
YNL243W,66,77
YNL244C,97,148
YNL245C,19,1065
YNL246W,NA,778
YNL247W,32,170
YNL248C,56,288
YNL249C,21,552
YNL250W,NA,NA
YNL251C,271,165
YNL252C,19,164
YNL253W,29,171
YNL254C,47,226
YNL255C,1451,237
YNL256W,84,65
YNL257C,NA,NA
YNL258C,26,107
YNL259C,1223,86
YNL260C,NA,NA
YNL261W,45,663
YNL262W,NA,NA
YNL263C,142,225
YNL264C,28,351
YNL265C,23,282
YNL266W,NA,NA
YNL267W,78,130
YNL268W,54,277
YNL269W,NA,NA
YNL270C,NA,NA
YNL271C,NA,NA
YNL272C,95,117
YNL273W,NA,NA
YNL274C,66,164
YNL275W,253,88
YNL276C,71,1367
YNL277W,94,119
YNL277W-A,1,317
YNL278W,115,198
YNL279W,NA,NA
YNL280C,217,104
YNL281W,771,159
YNL282W,38,66
YNL283C,1440,117
YNL284C,NA,NA
YNL285W,NA,NA
YNL286W,156,87
YNL287W,200,231
YNL288W,144,172
YNL289W,82,135
YNL290W,3,244
YNL291C,233,157
YNL292W,59,284
YNL293W,63,95
YNL294C,188,717
YNL295W,148,136
YNL296W,NA,NA
YNL297C,NA,NA
YNL298W,188,105
YNL299W,100,67
YNL300W,712,238
YNL301C,273,164
YNL302C,203,210
YNL303W,NA,NA
YNL304W,34,198
YNL305C,211,82
YNL306W,69,110
YNL307C,162,388
YNL308C,34,159
YNL309W,64,233
YNL310C,52,195
YNL311C,22,58
YNL312W,38,193
YNL313C,35,86
YNL314W,55,102
YNL315C,29,106
YNL316C,55,87
YNL317W,29,209
YNL318C,NA,NA
YNL319W,NA,NA
YNL320W,153,136
YNL321W,NA,NA
YNL322C,17,577
YNL323W,66,190
YNL324W,NA,NA
YNL325C,26,57
YNL326C,52,171
YNL327W,36,117
YNL328C,7,2036
YNL329C,NA,NA
YNL330C,38,332
YNL331C,503,219
YNL332W,NA,NA
YNL333W,NA,NA
YNL334C,NA,NA
YNL335W,NA,NA
YNL336W,NA,NA
YNL337W,NA,NA
YNL338W,NA,NA
YNL339C,NA,NA
YNL339W-A,NA,NA
YNL339W-B,NA,NA
YNR001C,206,205
YNR001W-A,56,324
YNR002C,147,147
YNR003C,51,471
YNR003W-A,NA,NA
YNR004W,476,413
YNR005C,NA,NA
YNR006W,61,146
YNR007C,85,302
YNR008W,54,293
YNR009W,543,80
YNR010W,85,116
YNR011C,17,188
YNR012W,127,78
YNR013C,96,97
YNR014W,81,168
YNR015W,33,111
YNR016C,NA,NA
YNR017W,599,246
YNR018W,392,125
YNR019W,NA,NA
YNR020C,NA,NA
YNR021W,26,484
YNR022C,179,104
YNR023W,24,122
YNR024W,44,194
YNR025C,NA,NA
YNR026C,43,342
YNR027W,193,260
YNR028W,70,151
YNR029C,31,183
YNR030W,66,236
YNR031C,NA,NA
YNR032C-A,31,692
YNR032W,143,136
YNR033W,267,68
YNR034W,126,267
YNR034W-A,184,109
YNR035C,40,161
YNR036C,9,319
YNR037C,56,190
YNR038W,44,147
YNR039C,NA,NA
YNR040W,NA,157
YNR041C,89,57
YNR042W,NA,NA
YNR043W,35,523
YNR044W,116,74
YNR045W,53,106
YNR046W,890,141
YNR047W,64,258
YNR048W,54,236
YNR049C,985,98
YNR050C,546,111
YNR051C,740,454
YNR052C,131,78
YNR053C,53,229
YNR054C,26,263
YNR055C,457,215
YNR056C,NA,NA
YNR057C,116,88
YNR058W,NA,NA
YNR059W,106,95
YNR060W,NA,NA
YNR061C,91,392
YNR062C,NA,NA
YNR063W,NA,NA
YNR064C,10,228
YNR065C,NA,NA
YNR066C,NA,NA
YNR067C,45,97
YNR068C,160,259
YNR069C,NA,NA
YNR070W,NA,NA
YNR071C,NA,NA
YNR072W,NA,NA
YNR073C,NA,NA
YNR074C,150,82
YNR075C-A,NA,NA
YNR075W,NA,NA
YNR076W,1340,135
YNR077C,NA,NA
YOL001W,395,137
YOL002C,285,64
YOL003C,20,179
YOL004W,NA,NA
YOL005C,285,109
YOL006C,162,158
YOL007C,87,485
YOL008W,38,202
YOL009C,66,309
YOL010W,54,209
YOL011W,755,279
YOL012C,822,159
YOL013C,150,114
YOL013W-A,NA,NA
YOL013W-B,NA,NA
YOL014W,220,584
YOL015W,NA,NA
YOL016C,100,263
YOL017W,86,113
YOL018C,69,262
YOL019W,154,220
YOL019W-A,NA,NA
YOL020W,146,134
YOL021C,46,118
YOL022C,29,169
YOL023W,181,179
YOL024W,17,42
YOL025W,72,132
YOL026C,23,300
YOL027C,22,229
YOL028C,NA,NA
YOL029C,601,108
YOL030W,273,155
YOL031C,51,141
YOL032W,121,84
YOL033W,53,153
YOL034W,26,78
YOL035C,NA,NA
YOL036W,NA,NA
YOL037C,NA,NA
YOL038C-A,86,212
YOL038W,33,571
YOL039W,1233,193
YOL040C,51,337
YOL041C,58,205
YOL042W,226,219
YOL043C,103,100
YOL044W,71,176
YOL045W,NA,NA
YOL046C,NA,NA
YOL047C,NA,NA
YOL048C,78,130
YOL049W,78,130
YOL050C,135,137
YOL051W,NA,NA
YOL052C,154,129
YOL052C-A,44,275
YOL053W,15,118
YOL054W,101,169
YOL055C,272,58
YOL056W,124,169
YOL057W,63,195
YOL058W,71,210
YOL059W,43,280
YOL060C,56,286
YOL061W,35,211
YOL062C,19,84
YOL063C,70,57
YOL064C,91,106
YOL065C,52,309
YOL066C,335,63
YOL067C,51,1051
YOL068C,629,4
YOL069W,16,165
YOL070C,15,211
YOL071W,126,161
YOL072W,NA,NA
YOL073C,35,89
YOL075C,NA,NA
YOL076W,30,808
YOL077C,37,269
YOL077W-A,49,242
YOL078W,NA,NA
YOL079W,NA,NA
YOL080C,43,272
YOL081W,NA,NA
YOL082W,305,105
YOL083C-A,404,194
YOL083W,138,84
YOL084W,NA,NA
YOL085C,NA,NA
YOL085W-A,793,446
YOL086C,423,88
YOL086W-A,56,150
YOL087C,280,134
YOL088C,71,197
YOL089C,61,171
YOL090W,37,81
YOL091W,NA,NA
YOL092W,19,188
YOL093W,459,62
YOL094C,35,226
YOL095C,32,83
YOL096C,58,153
YOL097C,34,215
YOL097W-A,382,94
YOL098C,92,262
YOL099C,NA,NA
YOL100W,NA,NA
YOL101C,62,107
YOL102C,18,117
YOL103W,206,191
YOL104C,NA,NA
YOL105C,317,126
YOL106W,NA,NA
YOL107W,56,423
YOL108C,53,231
YOL109W,120,153
YOL110W,47,321
YOL111C,188,81
YOL112W,188,78
YOL113W,285,95
YOL114C,350,38
YOL115W,69,125
YOL116W,130,296
YOL117W,NA,NA
YOL118C,NA,NA
YOL119C,141,145
YOL120C,19,352
YOL121C,83,189
YOL122C,137,202
YOL123W,379,140
YOL124C,46,152
YOL125W,313,31
YOL126C,176,238
YOL127W,36,214
YOL128C,363,152
YOL129W,54,183
YOL130W,246,371
YOL131W,NA,NA
YOL132W,NA,NA
YOL133W,83,368
YOL134C,NA,NA
YOL135C,59,157
YOL136C,269,351
YOL137W,63,301
YOL138C,NA,NA
YOL139C,122,144
YOL140W,1110,93
YOL141W,NA,NA
YOL142W,144,68
YOL143C,246,72
YOL144W,60,60
YOL145C,NA,NA
YOL146W,13,107
YOL147C,31,197
YOL148C,NA,NA
YOL149W,NA,NA
YOL150C,NA,NA
YOL151W,22,145
YOL152W,NA,NA
YOL154W,274,91
YOL155C,53,122
YOL155W-A,NA,NA
YOL156W,NA,NA
YOL157C,NA,NA
YOL158C,342,400
YOL159C,17,561
YOL159C-A,118,614
YOL160W,NA,NA
YOL161C,NA,NA
YOL162W,NA,NA
YOL163W,NA,NA
YOL164W,250,89
YOL164W-A,NA,NA
YOL165C,NA,NA
YOL166C,NA,NA
YOL166W-A,NA,NA
YOR001W,44,135
YOR002W,39,422
YOR003W,58,212
YOR004W,30,219
YOR005C,NA,NA
YOR006C,66,176
YOR007C,78,252
YOR008C,296,317
YOR008C-A,NA,NA
YOR008W-B,NA,NA
YOR009W,NA,NA
YOR010C,410,91
YOR011W,NA,NA
YOR011W-A,NA,NA
YOR012W,NA,NA
YOR013W,202,71
YOR014W,258,306
YOR015W,2030,47
YOR016C,87,734
YOR017W,NA,NA
YOR018W,NA,NA
YOR019W,NA,NA
YOR020C,37,904
YOR020W-A,320,178
YOR021C,1358,131
YOR022C,NA,NA
YOR023C,169,51
YOR024W,NA,NA
YOR025W,75,149
YOR026W,24,201
YOR027W,34,390
YOR028C,274,324
YOR029W,NA,NA
YOR030W,75,870
YOR032C,NA,NA
YOR032W-A,1337,157
YOR033C,127,96
YOR034C,237,104
YOR034C-A,505,319
YOR035C,NA,NA
YOR036W,56,68
YOR037W,74,162
YOR038C,50,106
YOR039W,158,330
YOR040W,NA,42
YOR041C,1219,433
YOR042W,110,199
YOR043W,711,155
YOR044W,298,219
YOR045W,47,459
YOR046C,19,344
YOR047C,588,163
YOR048C,23,230
YOR049C,184,217
YOR050C,1379,268
YOR051C,206,178
YOR052C,212,274
YOR053W,NA,NA
YOR054C,150,83
YOR055W,NA,NA
YOR056C,124,50
YOR057W,79,80
YOR058C,134,260
YOR059C,32,54
YOR060C,26,1048
YOR061W,162,249
YOR062C,677,76
YOR063W,580,117
YOR064C,57,113
YOR065W,354,529
YOR066W,15,273
YOR067C,104,84
YOR068C,NA,NA
YOR069W,74,191
YOR070C,144,127
YOR071C,124,226
YOR072W,NA,NA
YOR072W-A,NA,NA
YOR072W-B,NA,NA
YOR073W,76,118
YOR073W-A,NA,NA
YOR074C,398,105
YOR075W,45,57
YOR076C,12,82
YOR077W,37,562
YOR078W,820,38
YOR079C,244,75
YOR080W,7,386
YOR081C,47,126
YOR082C,NA,NA
YOR083W,34,840
YOR084W,921,68
YOR085W,114,106
YOR086C,176,111
YOR087W,80,122
YOR089C,710,200
YOR090C,307,82
YOR091W,66,457
YOR092W,237,201
YOR093C,NA,NA
YOR094W,97,367
YOR095C,69,655
YOR096W,767,89
YOR097C,115,251
YOR098C,51,121
YOR099W,204,94
YOR100C,148,258
YOR101W,81,316
YOR102W,NA,NA
YOR103C,602,90
YOR104W,NA,NA
YOR105W,502,462
YOR106W,93,108
YOR107W,290,340
YOR108C-A,NA,NA
YOR108W,100,186
YOR109W,NA,NA
YOR110W,76,131
YOR111W,39,323
YOR112W,75,66
YOR113W,NA,NA
YOR114W,227,219
YOR115C,65,266
YOR116C,233,97
YOR117W,75,206
YOR118W,205,187
YOR119C,44,1026
YOR120W,626,185
YOR121C,NA,NA
YOR122C,16,365
YOR123C,98,61
YOR124C,122,76
YOR125C,48,248
YOR126C,275,84
YOR127W,262,158
YOR128C,34,76
YOR129C,77,221
YOR130C,22,327
YOR131C,101,91
YOR132W,79,114
YOR133W,74,236
YOR134W,NA,NA
YOR135C,NA,NA
YOR136W,117,309
YOR137C,NA,NA
YOR138C,78,71
YOR139C,NA,NA
YOR140W,356,468
YOR141C,28,300
YOR142W,218,283
YOR143C,73,367
YOR144C,NA,NA
YOR145C,33,187
YOR146W,79,262
YOR147W,36,187
YOR148C,40,178
YOR149C,60,431
YOR150W,52,111
YOR151C,288,345
YOR152C,597,160
YOR153W,NA,NA
YOR154W,46,158
YOR155C,20,85
YOR156C,170,254
YOR157C,61,218
YOR158W,70,153
YOR159C,70,743
YOR160W,98,94
YOR161C,136,118
YOR161C-C,NA,NA
YOR161W-A,NA,NA
YOR161W-B,NA,NA
YOR162C,NA,NA
YOR163W,338,72
YOR164C,49,270
YOR165W,32,260
YOR166C,54,172
YOR167C,11,226
YOR168W,41,116
YOR169C,NA,NA
YOR170W,NA,NA
YOR171C,70,217
YOR172W,59,201
YOR173W,55,153
YOR174W,287,34
YOR175C,468,161
YOR176W,110,173
YOR177C,NA,NA
YOR178C,NA,NA
YOR179C,47,475
YOR180C,500,256
YOR181W,64,129
YOR182C,379,65
YOR183W,NA,NA
YOR184W,121,136
YOR185C,63,172
YOR186C-A,122,352
YOR186W,680,108
YOR187W,115,219
YOR188W,95,129
YOR189W,12,873
YOR190W,362,266
YOR191W,NA,NA
YOR192C,NA,NA
YOR192C-C,NA,NA
YOR193W,68,113
YOR194C,76,372
YOR195W,69,223
YOR196C,23,399
YOR197W,15,188
YOR198C,232,225
YOR199W,NA,NA
YOR200W,NA,NA
YOR201C,62,125
YOR202W,22,199
YOR203W,NA,NA
YOR204W,18,781
YOR205C,489,79
YOR206W,37,86
YOR207C,64,128
YOR208W,NA,NA
YOR209C,150,217
YOR210W,221,314
YOR211C,206,123
YOR212W,222,147
YOR213C,117,369
YOR214C,NA,NA
YOR215C,29,395
YOR216C,59,158
YOR217W,91,404
YOR218C,NA,NA
YOR219C,NA,NA
YOR220W,394,164
YOR221C,118,207
YOR222W,508,33
YOR223W,135,200
YOR224C,35,1073
YOR225W,NA,NA
YOR226C,301,156
YOR227W,NA,NA
YOR228C,271,235
YOR229W,87,272
YOR230W,147,188
YOR231C-A,NA,NA
YOR231W,174,247
YOR232W,62,326
YOR233W,177,66
YOR234C,20,325
YOR235W,NA,NA
YOR236W,5,468
YOR237W,NA,NA
YOR238W,28,240
YOR239W,62,228
YOR241W,NA,NA
YOR242C,NA,NA
YOR243C,16,372
YOR244W,57,174
YOR245C,227,167
YOR246C,65,162
YOR247W,NA,NA
YOR248W,322,213
YOR249C,43,62
YOR250C,43,123
YOR251C,222,93
YOR252W,31,162
YOR253W,31,195
YOR254C,43,125
YOR255W,NA,NA
YOR256C,171,68
YOR257W,214,59
YOR258W,17,1068
YOR259C,48,229
YOR260W,59,217
YOR261C,92,221
YOR262W,67,111
YOR263C,NA,NA
YOR264W,204,175
YOR265W,70,251
YOR266W,103,74
YOR267C,178,179
YOR268C,NA,NA
YOR269W,110,176
YOR270C,181,158
YOR271C,116,142
YOR272W,54,230
YOR273C,200,134
YOR274W,8,282
YOR275C,7,239
YOR276W,92,153
YOR277C,NA,NA
YOR278W,172,167
YOR279C,122,126
YOR280C,56,122
YOR281C,85,98
YOR282W,NA,NA
YOR283W,165,175
YOR284W,46,374
YOR285W,19,195
YOR286W,35,249
YOR287C,85,72
YOR288C,988,90
YOR289W,30,80
YOR290C,NA,NA
YOR291W,140,111
YOR292C,55,77
YOR293C-A,70,118
YOR293W,26,343
YOR294W,92,160
YOR295W,76,230
YOR296W,NA,NA
YOR297C,25,477
YOR298C-A,43,624
YOR298W,NA,NA
YOR299W,139,58
YOR300W,NA,NA
YOR301W,9,454
YOR302W,1538,13
YOR303W,131,77
YOR304C-A,35,654
YOR304W,41,81
YOR305W,62,1741
YOR306C,1617,105
YOR307C,196,301
YOR308C,NA,NA
YOR309C,1255,149
YOR310C,32,115
YOR311C,234,1958
YOR312C,164,137
YOR313C,530,221
YOR314W,NA,NA
YOR314W-A,NA,NA
YOR315W,156,425
YOR316C,210,141
YOR316C-A,258,1200
YOR317W,103,248
YOR318C,119,168
YOR319W,473,177
YOR320C,119,112
YOR321W,77,140
YOR322C,NA,NA
YOR323C,34,476
YOR324C,156,134
YOR325W,648,21
YOR326W,NA,NA
YOR327C,133,231
YOR328W,NA,NA
YOR329C,NA,NA
YOR329W-A,377,141
YOR330C,NA,NA
YOR331C,NA,NA
YOR332W,30,120
YOR333C,83,42
YOR334W,58,96
YOR335C,116,209
YOR335W-A,NA,NA
YOR336W,24,175
YOR337W,74,257
YOR338W,62,260
YOR339C,727,223
YOR340C,17,260
YOR341W,NA,NA
YOR342C,295,193
YOR343C,83,649
YOR344C,133,486
YOR345C,NA,NA
YOR346W,195,169
YOR347C,98,1390
YOR348C,NA,NA
YOR349W,NA,NA
YOR350C,NA,NA
YOR351C,NA,NA
YOR352W,110,69
YOR353C,NA,NA
YOR354C,36,130
YOR355W,588,189
YOR356W,94,112
YOR357C,16,238
YOR358W,188,332
YOR359W,141,308
YOR360C,244,124
YOR361C,NA,NA
YOR362C,851,135
YOR363C,NA,NA
YOR364W,NA,NA
YOR365C,NA,NA
YOR366W,1776,32
YOR367W,14,180
YOR368W,55,109
YOR369C,67,597
YOR370C,1020,178
YOR371C,45,83
YOR372C,91,340
YOR373W,NA,NA
YOR374W,66,143
YOR375C,179,139
YOR376W,NA,NA
YOR376W-A,489,1054
YOR377W,50,338
YOR378W,121,68
YOR379C,NA,NA
YOR380W,212,83
YOR381W,466,115
YOR381W-A,392,799
YOR382W,316,97
YOR383C,1033,199
YOR384W,NA,NA
YOR385W,7,543
YOR386W,NA,NA
YOR387C,NA,NA
YOR388C,NA,NA
YOR389W,NA,NA
YOR390W,71,271
YOR391C,NA,NA
YOR392W,NA,NA
YOR393W,NA,NA
YOR394C-A,NA,NA
YOR394W,NA,NA
YOR396C-A,NA,NA
YOR396W,NA,NA
YPL001W,55,53
YPL002C,64,367
YPL003W,11,101
YPL004C,48,323
YPL005W,8,105
YPL006W,35,220
YPL007C,43,118
YPL008W,235,77
YPL009C,18,216
YPL010W,85,224
YPL011C,56,253
YPL012W,119,123
YPL013C,51,328
YPL014W,115,255
YPL015C,606,308
YPL016W,NA,NA
YPL017C,NA,NA
YPL018W,12,1161
YPL019C,246,124
YPL020C,129,96
YPL021W,NA,NA
YPL022W,91,531
YPL023C,131,185
YPL024W,369,152
YPL025C,239,212
YPL026C,83,253
YPL027W,NA,NA
YPL028W,150,99
YPL029W,45,70
YPL030W,55,96
YPL031C,35,366
YPL032C,201,357
YPL033C,NA,153
YPL034W,365,187
YPL035C,NA,NA
YPL036W,345,590
YPL037C,1003,109
YPL038W,190,111
YPL038W-A,NA,NA
YPL039W,56,136
YPL040C,NA,NA
YPL041C,1431,159
YPL042C,293,107
YPL043W,59,104
YPL044C,39,110
YPL045W,79,246
YPL046C,7,857
YPL047W,133,510
YPL048W,119,279
YPL049C,309,174
YPL050C,216,155
YPL051W,51,166
YPL052W,56,218
YPL053C,86,127
YPL054W,NA,NA
YPL055C,18,546
YPL056C,1043,215
YPL057C,257,448
YPL058C,NA,NA
YPL059W,56,269
YPL060W,238,52
YPL061W,120,145
YPL062W,NA,NA
YPL063W,129,214
YPL064C,41,126
YPL065W,28,133
YPL066W,170,185
YPL067C,56,536
YPL068C,76,84
YPL069C,42,216
YPL070W,206,221
YPL071C,105,215
YPL072W,192,51
YPL073C,NA,NA
YPL074W,52,137
YPL075W,NA,NA
YPL076W,158,782
YPL077C,27,435
YPL078C,102,259
YPL079W,25,311
YPL080C,170,135
YPL081W,40,671
YPL082C,NA,NA
YPL083C,77,628
YPL084W,40,149
YPL085W,NA,NA
YPL086C,73,118
YPL087W,261,136
YPL088W,59,87
YPL089C,263,120
YPL090C,55,297
YPL091W,33,274
YPL092W,131,342
YPL093W,95,236
YPL094C,70,390
YPL095C,32,108
YPL096C-A,810,52
YPL096W,15,1648
YPL097W,82,109
YPL098C,285,126
YPL099C,25,368
YPL100W,52,160
YPL101W,50,241
YPL102C,NA,NA
YPL103C,18,618
YPL104W,NA,NA
YPL105C,42,128
YPL106C,72,238
YPL107W,82,245
YPL108W,25,108
YPL109C,81,17
YPL110C,NA,NA
YPL111W,339,103
YPL112C,92,65
YPL113C,35,94
YPL114W,15,1104
YPL115C,NA,NA
YPL116W,5,128
YPL117C,204,183
YPL118W,81,140
YPL119C,NA,NA
YPL119C-A,1293,245
YPL120W,15,342
YPL121C,NA,NA
YPL122C,65,98
YPL123C,82,156
YPL124W,76,97
YPL125W,NA,NA
YPL126W,NA,NA
YPL127C,26,454
YPL128C,86,277
YPL129W,60,224
YPL130W,NA,NA
YPL131W,18,297
YPL132W,229,47
YPL133C,169,145
YPL134C,759,101
YPL135C-A,NA,NA
YPL135W,554,391
YPL136W,12,121
YPL137C,NA,NA
YPL138C,203,212
YPL139C,34,146
YPL140C,228,228
YPL141C,NA,NA
YPL142C,NA,NA
YPL143W,30,341
YPL144W,206,73
YPL145C,255,743
YPL146C,64,142
YPL147W,NA,NA
YPL148C,136,489
YPL149W,76,111
YPL150W,NA,NA
YPL151C,478,67
YPL152W,62,154
YPL152W-A,30,855
YPL153C,187,179
YPL154C,275,223
YPL155C,40,418
YPL156C,59,351
YPL157W,254,400
YPL158C,116,58
YPL159C,247,303
YPL160W,85,259
YPL161C,NA,NA
YPL162C,57,721
YPL163C,1145,256
YPL164C,28,111
YPL165C,43,320
YPL166W,40,1201
YPL167C,NA,NA
YPL168W,144,87
YPL169C,49,205
YPL170W,155,164
YPL171C,30,164
YPL172C,137,138
YPL173W,65,164
YPL174C,NA,NA
YPL175W,20,471
YPL176C,33,297
YPL177C,184,126
YPL178W,47,171
YPL179W,218,257
YPL180W,49,201
YPL181W,246,107
YPL182C,NA,NA
YPL183C,61,87
YPL183W-A,462,151
YPL184C,671,422
YPL185W,38,337
YPL186C,NA,NA
YPL187W,49,226
YPL188W,24,292
YPL189C-A,125,250
YPL189W,122,661
YPL190C,85,474
YPL191C,47,534
YPL192C,NA,NA
YPL193W,38,622
YPL194W,49,232
YPL195W,26,105
YPL196W,76,183
YPL197C,NA,NA
YPL198W,36,240
YPL199C,11,839
YPL200W,NA,NA
YPL201C,NA,NA
YPL202C,123,382
YPL203W,161,384
YPL204W,187,189
YPL205C,NA,NA
YPL206C,73,308
YPL207W,76,88
YPL208W,45,71
YPL209C,83,578
YPL210C,18,199
YPL211W,28,333
YPL212C,58,177
YPL213W,35,148
YPL214C,100,165
YPL215W,590,180
YPL216W,NA,NA
YPL217C,33,97
YPL218W,61,252
YPL219W,107,117
YPL220W,19,289
YPL221W,245,176
YPL222C-A,90,126
YPL222W,122,89
YPL223C,NA,NA
YPL224C,244,193
YPL225W,7,213
YPL226W,28,268
YPL227C,296,73
YPL228W,142,206
YPL229W,200,287
YPL230W,149,81
YPL231W,NA,NA
YPL232W,841,78
YPL233W,118,120
YPL234C,50,459
YPL235W,48,251
YPL236C,70,843
YPL237W,141,127
YPL238C,NA,NA
YPL239W,579,165
YPL240C,121,118
YPL241C,7,148
YPL242C,NA,NA
YPL243W,89,677
YPL244C,284,80
YPL245W,57,68
YPL246C,39,263
YPL247C,91,99
YPL248C,NA,NA
YPL249C,NA,NA
YPL249C-A,60,249
YPL250C,66,368
YPL250W-A,NA,NA
YPL251W,NA,NA
YPL252C,92,134
YPL253C,54,134
YPL254W,255,66
YPL255W,56,235
YPL256C,177,241
YPL257W,64,922
YPL258C,608,76
YPL259C,56,201
YPL260W,105,357
YPL261C,NA,NA
YPL262W,67,239
YPL263C,18,158
YPL264C,21,262
YPL265W,125,320
YPL266W,46,262
YPL267W,14,140
YPL268W,63,145
YPL269W,NA,147
YPL270W,42,103
YPL271W,590,116
YPL272C,NA,NA
YPL273W,198,112
YPL274W,67,360
YPL277C,NA,NA
YPL278C,NA,NA
YPL279C,NA,NA
YPL280W,NA,NA
YPL281C,NA,NA
YPL282C,NA,NA
YPL283C,NA,NA
YPL283W-A,NA,NA
YPL283W-B,NA,NA
YPR001W,NA,NA
YPR002C-A,NA,NA
YPR002W,6,201
YPR003C,NA,NA
YPR004C,50,130
YPR005C,210,311
YPR006C,NA,NA
YPR007C,NA,NA
YPR008W,387,125
YPR009W,259,81
YPR010C,56,363
YPR010C-A,1302,62
YPR011C,68,329
YPR012W,12,41
YPR013C,701,226
YPR014C,NA,NA
YPR015C,NA,NA
YPR016C,91,652
YPR016W-A,NA,NA
YPR017C,257,254
YPR018W,72,396
YPR019W,NA,NA
YPR020W,48,226
YPR021C,NA,NA
YPR022C,NA,NA
YPR023C,11,437
YPR024W,183,534
YPR025C,537,128
YPR026W,NA,NA
YPR027C,NA,NA
YPR028W,717,148
YPR029C,60,247
YPR030W,NA,NA
YPR031W,NA,NA
YPR032W,NA,NA
YPR033C,44,123
YPR034W,295,256
YPR035W,192,217
YPR036W,208,99
YPR036W-A,342,264
YPR037C,1363,78
YPR038W,NA,NA
YPR039W,NA,NA
YPR040W,29,133
YPR041W,106,244
YPR042C,NA,NA
YPR043W,4247,68
YPR044C,NA,NA
YPR045C,57,114
YPR046W,405,91
YPR047W,59,103
YPR048W,24,188
YPR049C,47,84
YPR050C,NA,NA
YPR051W,29,268
YPR052C,63,255
YPR053C,NA,NA
YPR054W,695,45
YPR055W,NA,NA
YPR056W,30,1192
YPR057W,480,56
YPR058W,86,267
YPR059C,NA,NA
YPR060C,92,212
YPR061C,70,116
YPR062W,28,244
YPR063C,375,248
YPR064W,420,200
YPR065W,163,335
YPR066W,6,359
YPR067W,611,148
YPR068C,47,183
YPR069C,257,63
YPR070W,274,325
YPR071W,26,630
YPR072W,106,173
YPR073C,47,418
YPR074C,124,146
YPR074W-A,NA,NA
YPR075C,NA,NA
YPR076W,NA,NA
YPR077C,NA,NA
YPR078C,NA,NA
YPR079W,96,102
YPR080W,134,120
YPR081C,NA,NA
YPR082C,69,150
YPR083W,46,120
YPR084W,114,166
YPR085C,87,211
YPR086W,80,288
YPR087W,NA,NA
YPR088C,32,141
YPR089W,38,139
YPR091C,30,313
YPR092W,183,135
YPR093C,65,949
YPR094W,182,70
YPR095C,NA,NA
YPR096C,NA,NA
YPR097W,233,166
YPR098C,19,454
YPR099C,90,438
YPR100W,27,135
YPR101W,76,213
YPR102C,278,90
YPR103W,67,302
YPR104C,286,311
YPR105C,220,70
YPR106W,11,143
YPR107C,83,214
YPR108W,79,292
YPR108W-A,NA,NA
YPR109W,230,114
YPR110C,38,289
YPR111W,233,236
YPR112C,51,109
YPR113W,24,216
YPR114W,493,81
YPR115W,206,271
YPR116W,9,1543
YPR117W,NA,NA
YPR118W,50,127
YPR119W,348,689
YPR120C,126,212
YPR121W,379,62
YPR122W,NA,NA
YPR123C,NA,NA
YPR124W,184,242
YPR125W,95,314
YPR126C,NA,NA
YPR127W,327,79
YPR128C,52,166
YPR129W,56,78
YPR130C,NA,NA
YPR131C,81,190
YPR132W,23,260
YPR133C,90,173
YPR133W-A,128,158
YPR134W,38,138
YPR135W,61,48
YPR136C,NA,NA
YPR137W,976,174
YPR138C,313,138
YPR139C,74,135
YPR140W,99,163
YPR141C,157,166
YPR142C,NA,NA
YPR143W,46,308
YPR144C,22,115
YPR145C-A,137,131
YPR145W,123,153
YPR146C,NA,NA
YPR147C,60,286
YPR148C,24,202
YPR149W,182,621
YPR150W,NA,NA
YPR151C,NA,NA
YPR152C,35,404
YPR153W,NA,NA
YPR154W,639,315
YPR155C,65,149
YPR156C,387,233
YPR157W,324,115
YPR158W,97,157
YPR159C-A,NA,NA
YPR159W,320,299
YPR160C-A,1020,153
YPR160W,122,149
YPR160W-A,NA,NA
YPR161C,70,130
YPR162C,27,52
YPR163C,158,175
YPR164W,NA,NA
YPR165W,460,227
YPR166C,145,113
YPR167C,147,78
YPR168W,644,1597
YPR169W,474,75
YPR169W-A,37,78
YPR170C,372,380
YPR170W-A,132,268
YPR170W-B,27,276
YPR171W,65,92
YPR172W,20,276
YPR173C,31,1013
YPR174C,34,156
YPR175W,49,32
YPR176C,58,160
YPR177C,NA,NA
YPR178W,29,90
YPR179C,38,95
YPR180W,31,75
YPR181C,95,216
YPR182W,237,81
YPR183W,50,534
YPR184W,NA,NA
YPR185W,309,306
YPR186C,20,130
YPR187W,15,796
YPR188C,44,171
YPR189W,NA,NA
YPR190C,29,102
YPR191W,59,493
YPR192W,16,150
YPR193C,612,33
YPR194C,NA,NA
YPR195C,NA,NA
YPR196W,28,436
YPR197C,NA,NA
YPR198W,54,210
YPR199C,80,174
YPR200C,1515,77
YPR201W,248,96
YPR202W,NA,NA
YPR203W,NA,NA
YPR204C-A,NA,NA
YPR204W,NA,NA
