combo	min_reads	merge_window	effect_frac	expr_frac	retained	identical	ident_five	ident_three	within10	n_genes	mean_five	mean_three
1	5	10	0.025	0.01	1.0	0.7819757365684575	0.8305025996533796	0.9152512998266897	0.8533795493934142	6182	181.9187965059851	160.72662568747978
2	10	10	0.025	0.01	1.0	0.8235701906412478	0.8641247833622183	0.9337954939341421	0.8842287694974004	6024	173.54266268260292	158.68210491367861
3	20	10	0.025	0.01	1.0	0.9500866551126517	0.9629116117850953	0.9844020797227037	0.9665511265164645	5801	159.23909670746423	156.4083778658852
4	40	10	0.025	0.01	0.9325823223570191	0.7392677940903177	0.7890726630737781	0.9067087901876975	0.8385058539304961	5402	139.35209181784523	151.76915957052944
5	80	10	0.025	0.01	0.7847487001733102	0.573321554770318	0.6404593639575972	0.8438604240282686	0.7429328621908127	4539	117.10971579643093	144.07358448997576
6	5	20	0.025	0.01	1.0	0.7837088388214904	0.8311958405545927	0.917157712305026	0.8545927209705373	6181	181.75392331337972	160.4881087202718
7	10	20	0.025	0.01	1.0	0.825476603119584	0.8646447140381283	0.9360485268630849	0.8854419410745233	6023	173.45575294703636	158.48331396314128
8	20	20	0.025	0.01	1.0	0.9528596187175044	0.9639514731369151	0.9868284228769497	0.968630849220104	5801	159.08429581106705	156.2608171004999
9	40	20	0.025	0.01	0.9322357019064125	0.7401003904071388	0.788622420524261	0.9081613682840677	0.8395612567391708	5399	139.5171328023708	151.6903130209298
10	80	20	0.025	0.01	0.7844020797227036	0.573353954927088	0.6398585947856827	0.8444542642509942	0.7428192664604507	4537	117.18955256777606	144.01498787745206
11	5	40	0.025	0.01	1.0	0.7863084922010398	0.8327556325823223	0.9188908145580589	0.8563258232235702	6178	181.73454192295242	160.49838135318873
12	10	40	0.025	0.01	1.0	0.8285961871750434	0.8665511265164645	0.9377816291161178	0.8871750433275564	6019	173.44874563881044	158.48463199867086
13	20	40	0.025	0.01	1.0	0.9564991334488735	0.9660311958405546	0.988734835355286	0.9701906412478336	5795	159.03330457290767	156.3264883520276
14	40	40	0.025	0.01	0.9320623916811092	0.7419114912606917	0.7895128300483452	0.9092599479360357	0.8397173670509483	5394	139.57897664071191	151.67890248424175
15	80	40	0.025	0.01	0.7838821490467938	0.57395533937652	0.6400619058147248	0.8452354631881495	0.7430908688923281	4531	117.32134186713749	144.1209446038402
16	5	80	0.025	0.01	0.9968804159445407	0.7748609179415855	0.8244089012517385	0.911682892906815	0.8487482614742698	6150	181.52	159.83105691056912
17	10	80	0.025	0.01	0.9965337954939342	0.8158260869565217	0.8580869565217392	0.9304347826086956	0.8793043478260869	5988	173.20975283901134	157.86406145624582
18	20	80	0.025	0.01	0.9948006932409013	0.9423344947735192	0.9566202090592334	0.9813588850174216	0.9613240418118467	5762	159.13068379035056	155.63241929885456
19	40	80	0.025	0.01	0.9261698440207973	0.7335329341317365	0.7831212574850299	0.9045658682634731	0.8338323353293413	5357	139.72615269740527	150.94810528280755
20	80	80	0.025	0.01	0.7781629116117851	0.5692650334075724	0.6369710467706013	0.8432071269487751	0.7412026726057906	4495	117.48209121245829	143.65895439377087
21	5	160	0.025	0.01	0.9798960138648181	0.7500884329678104	0.8054474708171206	0.8983020870180404	0.8312698974177574	6029	180.1361751534251	158.00199037983083
22	10	160	0.025	0.01	0.9771230502599654	0.7908832919474991	0.8384178786803831	0.9182334161050018	0.8614757006030507	5859	171.79348011606075	156.16555726233145
23	20	160	0.025	0.01	0.9712305025996534	0.9148822269807281	0.9362955032119914	0.9694860813704497	0.9439685938615274	5619	157.44705463605624	154.21978999822034
24	40	160	0.025	0.01	0.9006932409012132	0.7169520877429286	0.7696748123917645	0.8970559938426015	0.8241293053684818	5206	138.44160583941607	149.5238186707645
25	80	160	0.025	0.01	0.7566724436741767	0.5586349060925332	0.6278057718735685	0.8376087952359139	0.733623453962437	4370	116.47116704805492	141.92906178489702
26	5	10	0.05	0.01	1.0	0.7823223570190642	0.8310225303292894	0.9152512998266897	0.8540727902946273	6181	181.87526290244298	160.63161300760396
27	10	10	0.05	0.01	1.0	0.8240901213171578	0.8648180242634316	0.9337954939341421	0.8850953206239168	6023	173.4858044164038	158.53926614643865
28	20	10	0.05	0.01	0.9998266897746967	0.9505980239209568	0.9635985439417577	0.984399375975039	0.9674120298145259	5796	159.15993788819875	156.25983436853002
29	40	10	0.05	0.01	0.9324090121317158	0.7395910780669145	0.7894052044609665	0.9068773234200743	0.8392193308550185	5398	139.3695813264172	151.68006669136716
30	80	10	0.05	0.01	0.7847487001733102	0.573321554770318	0.6406802120141343	0.8438604240282686	0.743595406360424	4539	117.01454064771976	144.06587354042742
31	5	20	0.05	0.01	1.0	0.7844020797227036	0.8318890814558059	0.917157712305026	0.8554592720970537	6179	181.76840912769057	160.38177698656742
32	10	20	0.05	0.01	1.0	0.8263431542461005	0.8655112651646447	0.9360485268630849	0.8864818024263431	6021	173.45706693240325	158.32851685766485
33	20	20	0.05	0.01	0.9998266897746967	0.9537181487259491	0.9648119258103658	0.9868261397122552	0.969665453284798	5795	159.0629853321829	156.09939603106125
34	40	20	0.05	0.01	0.9320623916811092	0.740795834882856	0.7891409445890666	0.9083302342878393	0.8404611379695054	5395	139.58887859128822	151.58276181649677
35	80	20	0.05	0.01	0.7844020797227036	0.5737958462218294	0.6403004860804242	0.8444542642509942	0.7439239946973044	4536	117.17702821869489	143.99404761904762
36	5	40	0.05	0.01	1.0	0.7870017331022531	0.8334488734835356	0.9188908145580589	0.8571923743500867	6176	181.74805699481865	160.4914183937824
37	10	40	0.05	0.01	1.0	0.8296360485268631	0.8675909878682843	0.9377816291161178	0.8882149046793761	6017	173.44889479807213	158.47681568888152
38	20	40	0.05	0.01	1.0	0.9575389948006933	0.9670710571923743	0.988734835355286	0.9712305025996534	5793	159.0284826514759	156.31762471948903
39	40	40	0.05	0.01	0.9318890814558058	0.7426074018969686	0.7900316161428306	0.909429049655942	0.84061744467175	5392	139.6222181008902	151.65652818991097
40	80	40	0.05	0.01	0.7838821490467938	0.5741764315719655	0.6402829980101702	0.8452354631881495	0.7439752376741101	4530	117.29116997792495	144.10772626931566
41	5	80	0.05	0.01	0.9965337954939342	0.7758260869565218	0.8252173913043478	0.912	0.8499130434782609	6147	181.51049292337726	159.86920448999513
42	10	80	0.05	0.01	0.9961871750433275	0.8171537926235213	0.8592553931802366	0.9307585247042449	0.8806541405706333	5985	173.18479532163744	157.90225563909775
43	20	80	0.05	0.01	0.9942807625649913	0.9436987972808087	0.957817674742897	0.9816977514380338	0.9626982743594213	5758	159.12382771795762	155.68461271274748
44	40	80	0.05	0.01	0.925996533795494	0.7344188658057271	0.7838293093767547	0.9047351675088902	0.8349241998877035	5355	139.72791783380018	150.9391223155929
45	80	80	0.05	0.01	0.7781629116117851	0.5699331848552338	0.6376391982182628	0.8432071269487751	0.7423162583518931	4495	117.45917686318131	143.66496106785317
46	5	160	0.05	0.01	0.9795493934142114	0.7503538570417552	0.8057324840764332	0.8982661004953999	0.8317409766454352	6027	180.18649410983906	157.98788783806205
47	10	160	0.05	0.01	0.9767764298093587	0.7911639460610362	0.8387154009936125	0.9182044002838893	0.8617814052519518	5857	171.8220932217859	156.15041830288544
48	20	160	0.05	0.01	0.9703639514731369	0.91516342203965	0.9365958206822647	0.969458831934274	0.9440971602071798	5614	157.5712504453153	154.16262914143212
49	40	160	0.05	0.01	0.9005199306759099	0.7172825250192456	0.7702078521939953	0.8968437259430331	0.8244803695150116	5205	138.52199807877042	149.4743515850144
50	80	160	0.05	0.01	0.7564991334488734	0.5589919816723941	0.6279495990836197	0.8375715922107675	0.734020618556701	4369	116.4891279468986	141.91851682307163
51	5	10	0.1	0.01	0.9987868284228769	0.7770258545896235	0.8290820753079993	0.911677945514489	0.8505986465382613	6164	180.9524659312135	158.77141466580142
52	10	10	0.1	0.01	0.9984402079722704	0.818781461551814	0.8630446103107099	0.9303940288144419	0.8814441937163687	5999	172.4864144024004	156.7516252708785
53	20	10	0.1	0.01	0.9979202772963605	0.9445988190343869	0.9610976033344911	0.9810698159083014	0.9647447030218826	5770	157.83986135181976	154.37694974003466
54	40	10	0.1	0.01	0.9285961871750433	0.7334826427771557	0.7874206793579694	0.9035087719298246	0.8366927958193355	5367	138.12222843301657	149.14048816843675
55	80	10	0.1	0.01	0.7790294627383015	0.5688542825361513	0.6364849833147942	0.8413793103448276	0.7412680756395995	4501	116.04110197733837	142.42546100866474
56	5	20	0.1	0.01	0.9993067590987869	0.7842525147415886	0.8328130419701699	0.9165799514394728	0.8546652792230316	6165	180.73933495539336	158.87591240875912
57	10	20	0.1	0.01	0.9989601386481802	0.8265093684941013	0.8667591950034698	0.9358084663428174	0.8856696738376127	5998	172.40313437812605	156.92797599199733
58	20	20	0.1	0.01	0.9982668977469671	0.9552083333333333	0.9666666666666667	0.9869791666666666	0.9704861111111112	5769	157.79060495753163	154.61951811405788
59	40	20	0.1	0.01	0.9294627383015598	0.7406302442662689	0.7909752004475107	0.9078873764683946	0.8411336938280813	5368	138.22038002980625	149.96423248882266
60	80	20	0.1	0.01	0.7805892547660312	0.5739342806394316	0.6405417406749556	0.8432504440497336	0.7444493783303731	4507	116.15331706234745	142.475038828489
61	5	40	0.1	0.01	1.0	0.8022530329289428	0.8433275563258232	0.9261698440207973	0.8651646447140381	6164	180.91596365996105	159.2592472420506
62	10	40	0.1	0.01	1.0	0.845580589254766	0.8779896013864819	0.9454072790294628	0.8965337954939342	6000	172.59216666666666	157.23633333333333
63	20	40	0.1	0.01	1.0	0.975736568457539	0.9788561525129983	0.9968804159445407	0.9818024263431543	5770	158.1516464471404	155.04852686308493
64	40	40	0.1	0.01	0.9303292894280762	0.7565201192250373	0.8004843517138599	0.9163561847988078	0.8492921013412816	5368	138.57563338301043	150.50670640834576
65	80	40	0.1	0.01	0.7809358752166378	0.584110075454949	0.6482467820683533	0.8501997336884154	0.7507767421216156	4506	116.58988015978694	142.96537949400798
66	5	80	0.1	0.01	0.9956672443674177	0.7801566579634465	0.8276762402088773	0.9134899912967798	0.8520452567449956	6134	180.91441147701337	158.8625692859472
67	10	80	0.1	0.01	0.9951473136915078	0.8213166144200627	0.8618948101706723	0.9324277255311738	0.8826192964123999	5965	172.48566638725902	156.87342833193628
68	20	80	0.1	0.01	0.992894280762565	0.9479839413510212	0.9609006807470762	0.983068598359225	0.9656135451213126	5732	158.21231681786463	154.73796231681786
69	40	80	0.1	0.01	0.9239168110918544	0.7385105983867942	0.7870943537797787	0.90620896642281	0.8377415119114613	5332	138.88109527381846	150.32239309827457
70	80	80	0.1	0.01	0.7767764298093588	0.572289156626506	0.6398929049531459	0.8440428380187416	0.7440874609549308	4483	116.81820209681017	142.68837831809057
71	5	160	0.1	0.01	0.9779896013864818	0.7515505936558569	0.8063087010455432	0.898281056175793	0.8316498316498316	6011	179.67343204125768	157.4179005157212
72	10	160	0.1	0.01	0.9746967071057192	0.7928520625889047	0.8399715504978663	0.9185633001422475	0.8620199146514936	5834	171.23723003085362	155.7170037709976
73	20	160	0.1	0.01	0.9679376083188909	0.9163831692032229	0.9375111906893465	0.9692032229185318	0.9444941808415398	5595	156.89490616621984	153.8182305630027
74	40	160	0.1	0.01	0.8980935875216638	0.719027402547279	0.7715167888846005	0.8969509841759938	0.8253570050173679	5187	138.0133024869867	149.08945440524388
75	80	160	0.1	0.01	0.7554592720970538	0.5604496444138564	0.6292727689837119	0.8375774260151411	0.7345721495755907	4362	116.55731315910133	141.70541036221917
76	5	10	0.2	0.01	0.7123050259965338	0.3564476885644769	0.47153284671532847	0.6583941605839416	0.5520681265206813	4453	165.83898495396363	145.99865259375701
77	10	10	0.2	0.01	0.6842287694974003	0.3898176291793313	0.504305977710233	0.6884498480243161	0.5848530901722391	4134	155.2261731978713	145.10232220609578
78	20	10	0.2	0.01	0.6239168110918544	0.48444444444444446	0.5916666666666667	0.7538888888888889	0.6644444444444444	3604	141.4159267480577	145.93118756936738
79	40	10	0.2	0.01	0.5076256499133449	0.400136565380676	0.509730283373165	0.7405257767156026	0.6142027995903039	2932	130.39904502046386	145.26944065484312
80	80	10	0.2	0.01	0.3655112651646447	0.36036036036036034	0.4594594594594595	0.7382645803698435	0.586533902323376	2111	114.923259118901	142.9962103268593
81	5	20	0.2	0.01	0.764471403812825	0.37315801405576965	0.4935388800725459	0.6724098843799592	0.5737927907503967	4757	164.68929997897834	146.0496110994324
82	10	20	0.2	0.01	0.7409012131715771	0.4046783625730994	0.5242105263157895	0.6989473684210527	0.6056140350877193	4462	154.24966382787989	144.86844464365754
83	20	20	0.2	0.01	0.6842287694974003	0.5005065856129686	0.6106889564336373	0.7621580547112462	0.6841438703140831	3951	140.58972412047584	145.23867375348013
84	40	20	0.2	0.01	0.5590987868284228	0.4097954122752635	0.5192188468691878	0.7455052696838189	0.6258524488530688	3228	128.25805452292443	145.20848822800497
85	80	20	0.2	0.01	0.4027729636048527	0.367039586919105	0.46858864027538727	0.7413941480206541	0.5946643717728055	2325	113.12258064516129	142.6916129032258
86	5	40	0.2	0.01	0.823050259965338	0.4064013476521373	0.5272688987155191	0.6978311223415455	0.6049694672562644	5103	164.58651773466588	147.41093474426808
87	10	40	0.2	0.01	0.8055459272097054	0.4361015490533563	0.5550774526678142	0.7209552495697074	0.6331755593803786	4842	154.6629491945477	145.635687732342
88	20	40	0.2	0.01	0.7590987868284229	0.5280821917808219	0.6376712328767123	0.7787671232876713	0.7054794520547946	4380	140.0595890410959	145.26164383561644
89	40	40	0.2	0.01	0.6320623916811092	0.42665204277488344	0.5366054291198246	0.7482862626816561	0.6386070743076501	3647	127.22511653413764	144.17329311763092
90	80	40	0.2	0.01	0.4611785095320624	0.3742953776775648	0.47087561067267947	0.7444569710635099	0.6024051108605787	2661	113.02480270574972	141.1052236001503
91	5	80	0.2	0.01	0.8993067590987869	0.47022547697051453	0.5777606475236077	0.744074002698015	0.6567739448834072	5537	164.00397327072423	149.32671121545962
92	10	80	0.2	0.01	0.8863084922010399	0.49882675009777083	0.6046147829487681	0.7637856863511928	0.6838091513492374	5305	154.0271442035815	147.64090480678604
93	20	80	0.2	0.01	0.848526863084922	0.5896650326797386	0.6823937908496732	0.8169934640522876	0.7536764705882353	4897	140.04370022462732	146.97855830100062
94	40	80	0.2	0.01	0.7377816291161179	0.47404275311252053	0.5684754521963824	0.7787174066243834	0.6765327695560254	4257	125.8733850129199	144.05919661733614
95	80	80	0.2	0.01	0.5549393414211439	0.40630855715178016	0.48906933166770766	0.7720174890693317	0.6355402873204248	3202	110.17676452217364	141.07214241099314
96	5	160	0.2	0.01	0.9415944540727903	0.616602245536536	0.6959322657831769	0.8354500276090557	0.7566721884778207	5767	168.39431246748742	151.78047511704526
97	10	160	0.2	0.01	0.9337954939341421	0.6523756495916853	0.726800296956199	0.8541202672605791	0.7858203414996288	5572	159.3140703517588	150.01525484565687
98	20	160	0.2	0.01	0.9166377816291161	0.7479674796747967	0.8029873321989034	0.9001701644923426	0.8517678200037815	5291	145.54394254394253	148.48119448119448
99	40	160	0.2	0.01	0.8374350086655112	0.6012003311258278	0.671771523178808	0.8451986754966887	0.7588990066225165	4833	128.63831988412994	144.56859093730603
100	80	160	0.2	0.01	0.6847487001733102	0.49025563148569984	0.5644140723867376	0.8086560364464692	0.6932422171602126	3952	110.62044534412955	138.54832995951418
101	5	10	0.35	0.01	0.18232235701906413	0.3659695817490494	0.4866920152091255	0.6397338403041825	0.5085551330798479	1231	220.47441104792853	174.50203086921204
102	10	10	0.35	0.01	0.168630849220104	0.4193216855087359	0.539568345323741	0.6927029804727647	0.5601233299075026	1051	218.70599429115128	176.64985727878212
103	20	10	0.35	0.01	0.1464471403812825	0.5526627218934911	0.6662721893491125	0.7928994082840237	0.6792899408284023	845	208.5207100591716	186.0828402366864
104	40	10	0.35	0.01	0.11993067590987869	0.4523121387283237	0.5794797687861272	0.7341040462427746	0.6127167630057804	692	193.3771676300578	182.09248554913296
105	80	10	0.35	0.01	0.08665511265164645	0.396	0.504	0.714	0.576	500	169.054	173.484
106	5	20	0.35	0.01	0.20433275563258232	0.364715860899067	0.4851569126378287	0.642069550466497	0.5165394402035624	1370	214.85839416058394	169.814598540146
107	10	20	0.35	0.01	0.18769497400346621	0.41920590951061865	0.5401662049861495	0.7008310249307479	0.5650969529085873	1168	211.37842465753425	172.56078767123287
108	20	20	0.35	0.01	0.1655112651646447	0.5528795811518324	0.6596858638743456	0.7958115183246073	0.6816753926701571	955	199.67748691099476	177.11832460732984
109	40	20	0.35	0.01	0.13570190641247834	0.44316730523627074	0.561941251596424	0.7369093231162197	0.6104725415070242	783	183.2618135376756	174.4227330779055
110	80	20	0.35	0.01	0.09670710571923744	0.3888888888888889	0.48566308243727596	0.7222222222222222	0.5734767025089605	558	163.71146953405017	167.7437275985663
111	5	40	0.35	0.01	0.23015597920277298	0.36596385542168675	0.4947289156626506	0.6332831325301205	0.5120481927710844	1533	206.83496412263537	167.62622309197653
112	10	40	0.35	0.01	0.21039861351819758	0.4258649093904448	0.556013179571664	0.6952224052718287	0.5658978583196046	1310	201.57175572519083	170.84656488549618
113	20	40	0.35	0.01	0.18492201039861353	0.563261480787254	0.6822867853795689	0.7975632614807873	0.683223992502343	1067	191.86504217432054	174.9493908153702
114	40	40	0.35	0.01	0.1483535528596187	0.4567757009345794	0.5817757009345794	0.741822429906542	0.6098130841121495	856	178.98598130841123	172.78504672897196
115	80	40	0.35	0.01	0.10537261698440208	0.3963815789473684	0.5016447368421053	0.7335526315789473	0.569078947368421	608	158.09046052631578	165.76644736842104
116	5	80	0.35	0.01	0.27937608318890816	0.3349875930521092	0.4633995037220844	0.6129032258064516	0.48635235732009924	1837	193.37724550898204	164.0930865541644
117	10	80	0.35	0.01	0.25528596187175046	0.38832315003394435	0.517990495587237	0.6693822131704006	0.5342837746096402	1582	187.8906447534766	166.34134007585334
118	20	80	0.35	0.01	0.22045060658578855	0.5306603773584906	0.6438679245283019	0.7790880503144654	0.6509433962264151	1272	182.65959119496856	171.45833333333334
119	40	80	0.35	0.01	0.17504332755632582	0.42475247524752474	0.5475247524752476	0.7247524752475247	0.5782178217821782	1010	170.31386138613863	169.85247524752475
120	80	80	0.35	0.01	0.12305025996533796	0.3619718309859155	0.46901408450704224	0.7154929577464789	0.5394366197183098	710	150.2943661971831	162.65774647887324
121	5	160	0.35	0.01	0.4334488734835355	0.3074770091963215	0.42463014794082365	0.6021591363454618	0.48500599760095964	2747	166.4914452129596	155.25045504186386
122	10	160	0.35	0.01	0.40415944540727905	0.34777015437392794	0.4652658662092624	0.6466552315608919	0.5222984562607204	2460	160.26341463414633	155.75569105691056
123	20	160	0.35	0.01	0.34956672443674175	0.46504709965294994	0.5731284085275161	0.7397124442240952	0.6271690629647992	2017	151.59643034209222	159.82449181953396
124	40	160	0.35	0.01	0.27677642980935874	0.3938634940513463	0.5028177833437696	0.7169693174702567	0.5798371947401377	1597	142.07827175954915	159.65247338760176
125	80	160	0.35	0.01	0.20138648180242635	0.3442340791738382	0.4440619621342513	0.7142857142857143	0.5456110154905336	1162	127.80895008605852	157.0473321858864
126	5	10	0.025	0.025	1.0	0.7823223570190642	0.8294627383015598	0.9166377816291161	0.8547660311958406	6182	180.2376253639599	160.4411193788418
127	10	10	0.025	0.025	1.0	0.8240901213171578	0.8632582322357019	0.9351819757365685	0.88578856152513	6024	171.81059096945552	158.3891102257636
128	20	10	0.025	0.025	1.0	0.9499133448873484	0.9613518197573657	0.98578856152513	0.9672443674176776	5801	157.31408377865884	156.1041199793139
129	40	10	0.025	0.025	0.9325823223570191	0.7381527597100911	0.7862850771232113	0.9078238245679242	0.8385058539304961	5402	136.62347278785634	151.3482043687523
130	80	10	0.025	0.025	0.7847487001733102	0.575530035335689	0.6409010600706714	0.844743816254417	0.7449204946996466	4539	114.94734523022692	143.42101784534037
131	5	20	0.025	0.025	1.0	0.7826689774696707	0.8291161178509532	0.9180242634315424	0.8542461005199307	6181	179.91247370975572	160.20465944022004
132	10	20	0.025	0.025	1.0	0.8246100519930676	0.862738301559792	0.9369150779896014	0.8852686308492201	6023	171.55918977253862	158.19242902208202
133	20	20	0.025	0.025	1.0	0.9512998266897746	0.9613518197573657	0.9878682842287695	0.9677642980935875	5801	156.98879503533874	155.95673159800035
134	40	20	0.025	0.025	0.9322357019064125	0.7371258598252464	0.7845324409741588	0.9089050009295409	0.8375162669641197	5399	136.59974069272087	151.23430264863865
135	80	20	0.025	0.025	0.7844020797227036	0.5744586831639417	0.6394167034909413	0.8453380468404772	0.7434821034025629	4537	114.8320476085519	143.48908970685474
136	5	40	0.025	0.025	1.0	0.7842287694974004	0.830155979202773	0.9192374350086655	0.8556325823223571	6178	179.83149886694724	160.359339592101
137	10	40	0.025	0.025	1.0	0.8265164644714038	0.8639514731369151	0.9381282495667245	0.8864818024263431	6019	171.4744974248214	158.34191726200365
138	20	40	0.025	0.025	1.0	0.9537261698440208	0.962738301559792	0.9892547660311959	0.9688041594454073	5795	156.69387402933563	156.17618636755824
139	40	40	0.025	0.025	0.9320623916811092	0.7374488657493492	0.7844923763480848	0.9096318333953143	0.83674228337672	5394	136.40192806822395	151.4608824619948
140	80	40	0.025	0.025	0.7838821490467938	0.573070970594738	0.6380720760557153	0.8456776475790405	0.7417643157196551	4531	114.8090929154712	143.83668064444936
141	5	80	0.025	0.025	0.9968804159445407	0.769471488178025	0.8184979137691237	0.9122044506258693	0.8457927677329624	6150	179.41951219512194	159.71772357723577
142	10	80	0.025	0.025	0.9965337954939342	0.8102608695652174	0.852	0.9309565217391305	0.8761739130434782	5988	171.0382431529726	157.74766199064797
143	20	80	0.025	0.025	0.9948006932409013	0.9358885017421603	0.9496515679442509	0.9818815331010453	0.9571428571428572	5762	156.5801804928844	155.51145435612634
144	40	80	0.025	0.025	0.9261698440207973	0.7252994011976048	0.7743263473053892	0.9049401197604791	0.8278443113772455	5357	136.23725966025762	150.7717005786821
145	80	80	0.025	0.025	0.7781629116117851	0.5641425389755012	0.6309576837416481	0.8434298440979956	0.7367483296213808	4495	114.52057842046719	143.4035595105673
146	5	160	0.025	0.025	0.9798960138648181	0.7412451361867705	0.7962504421648391	0.8986558188892819	0.8257870534135126	6029	177.9688173826505	157.91441366727483
147	10	160	0.025	0.025	0.9771230502599654	0.7816601631784321	0.8288400141894289	0.918588151826889	0.8557999290528556	5859	169.54719235364396	156.07543949479432
148	20	160	0.025	0.025	0.9712305025996534	0.9050678087080657	0.9261241970021413	0.9698429693076374	0.9375446109921485	5619	154.8074390460936	154.12582310019576
149	40	160	0.025	0.025	0.9006932409012132	0.7052145468539542	0.7569751779873004	0.8972484125456994	0.8154704637290745	5206	134.83634268152133	149.37956204379563
150	80	160	0.025	0.025	0.7566724436741767	0.549015116811727	0.6170407695831425	0.8378378378378378	0.7256069628950985	4370	113.05675057208238	141.75102974828374
151	5	10	0.05	0.025	1.0	0.789948006932409	0.8372616984402079	0.9166377816291161	0.8601386481802427	6181	181.18928975893868	160.3460605080084
152	10	10	0.05	0.025	1.0	0.8317157712305026	0.8710571923743501	0.9351819757365685	0.891161178509532	6023	172.78183629420553	158.24622281255188
153	20	10	0.05	0.025	0.9998266897746967	0.9582249956664933	0.9698387935517421	0.985786098110591	0.9734789391575663	5796	158.38198757763976	155.95358868184954
154	40	10	0.05	0.025	0.9324090121317158	0.7475836431226766	0.7964684014869888	0.90817843866171	0.846096654275093	5398	138.25453871804373	151.20025935531677
155	80	10	0.05	0.025	0.7847487001733102	0.581934628975265	0.648851590106007	0.8449646643109541	0.7513250883392226	4539	115.78255122273629	143.4580304031725
156	5	20	0.05	0.025	1.0	0.7906412478336222	0.8370883882149047	0.9180242634315424	0.860311958405546	6179	180.98948049846254	160.12299724874575
157	10	20	0.05	0.025	1.0	0.832582322357019	0.8707105719237435	0.9369150779896014	0.8913344887348353	6021	172.6576980568012	158.06294635442617
158	20	20	0.05	0.025	0.9998266897746967	0.9597850580689894	0.9700121338186861	0.9876928410469752	0.9745189807592304	5795	158.18602243313202	155.82174288179465
159	40	20	0.05	0.025	0.9320623916811092	0.7473038304202305	0.7952770546671625	0.9090740052063965	0.8458534771290442	5395	138.36923076923077	151.09842446709916
160	80	20	0.05	0.025	0.7844020797227036	0.5817498895271763	0.6480335837384004	0.8453380468404772	0.7507733097657976	4536	115.8560405643739	143.43716931216932
161	5	40	0.05	0.025	1.0	0.7923743500866551	0.838474870017331	0.9190641247833622	0.8610051993067591	6176	181.01716321243524	160.39086787564767
162	10	40	0.05	0.025	1.0	0.8350086655112652	0.8726169844020797	0.9379549393414212	0.8920277296360485	6017	172.69868705334883	158.37360811035398
163	20	40	0.05	0.025	1.0	0.962738301559792	0.9720970537261698	0.9889081455805893	0.9750433275563258	5793	158.20283100293457	156.2087001553599
164	40	40	0.05	0.025	0.9318890814558058	0.7485586758415473	0.7959828900874093	0.90961502696671	0.844894922819416	5392	138.46198071216617	151.41913946587536
165	80	40	0.05	0.025	0.7838821490467938	0.5816935662171125	0.6475790404598718	0.845456555383595	0.7490603581693567	4530	116.02229580573952	143.8101545253863
166	5	80	0.05	0.025	0.9965337954939342	0.780695652173913	0.8297391304347826	0.9123478260869565	0.8532173913043478	6147	180.72116479583536	159.78330893118596
167	10	80	0.05	0.025	0.9961871750433275	0.8220250521920668	0.8637787056367432	0.9311064718162839	0.8839596381350034	5985	172.37410192147036	157.8140350877193
168	20	80	0.05	0.025	0.9942807625649913	0.9485793968973331	0.9623496601010981	0.982046365696357	0.9660101098134913	5758	158.23445640847515	155.59117749218478
169	40	80	0.05	0.025	0.925996533795494	0.7400336889387984	0.7892569717387236	0.9051094890510949	0.8388545760808535	5355	138.50065359477125	150.7281045751634
170	80	80	0.05	0.025	0.7781629116117851	0.5770601336302895	0.644543429844098	0.8434298440979956	0.7469933184855234	4495	116.10255839822024	143.3793103448276
171	5	160	0.05	0.025	0.9795493934142114	0.7544232130219392	0.809447983014862	0.898619957537155	0.835102618542109	6027	179.41596150655383	157.90028206404514
172	10	160	0.05	0.025	0.9767764298093587	0.7952448545067423	0.8424414478353442	0.9185592618878637	0.865152590489709	5857	171.02919583404474	156.06026976267714
173	20	160	0.05	0.025	0.9703639514731369	0.9192712984461511	0.9403464904447223	0.9698160385783176	0.9474906233255939	5614	156.6961168507303	154.06857855361596
174	40	160	0.05	0.025	0.9005199306759099	0.7215165511932256	0.7742494226327945	0.897036181678214	0.8281370284834488	5205	137.3008645533141	149.33006724303553
175	80	160	0.05	0.025	0.7564991334488734	0.5651775486827033	0.633906071019473	0.8378006872852234	0.7383734249713632	4369	115.10688944838635	141.63035019455253
176	5	10	0.1	0.025	0.9987868284228769	0.7851813291688357	0.836196425472844	0.9127190699288565	0.8570189137601943	6164	180.49659312134978	158.60756002595718
177	10	10	0.1	0.025	0.9984402079722704	0.8269397674014928	0.8701614303072384	0.9314355146675924	0.8878666898107967	5999	172.01800300050007	156.58326387731287
178	20	10	0.1	0.025	0.9979202772963605	0.9529350468912817	0.968391802709274	0.9821118443904133	0.9713442167419243	5770	157.3431542461005	154.2001733102253
179	40	10	0.1	0.025	0.9285961871750433	0.7426278462112729	0.796005972377753	0.9044419559537141	0.8445315416200074	5367	137.3392956959195	148.79858393888577
180	80	10	0.1	0.025	0.7790294627383015	0.5790878754171301	0.6467185761957731	0.8422691879866518	0.7506117908787542	4501	115.17662741612975	141.98866918462565
181	5	20	0.1	0.025	0.9993067590987869	0.7924037460978148	0.8399236906000693	0.9176205341657995	0.860908775580992	6165	180.3132197891322	158.70121654501216
182	10	20	0.1	0.025	0.9989601386481802	0.8346634281748786	0.8738723108952117	0.9368494101318529	0.8919153365718251	5998	171.9651550516839	156.7484161387129
183	20	20	0.1	0.025	0.9982668977469671	0.9635416666666666	0.9739583333333334	0.9880208333333333	0.9769097222222223	5769	157.32553302132087	154.43109724388975
184	40	20	0.1	0.025	0.9294627383015598	0.7499533842998322	0.7997389520790602	0.9088196904717509	0.8487786686556033	5368	137.47280178837556	149.57824143070044
185	80	20	0.1	0.025	0.7805892547660312	0.5845914742451155	0.6511989342806395	0.8443605683836589	0.7537744227353463	4507	115.32371865986244	141.92189926780563
186	5	40	0.1	0.025	1.0	0.810051993067591	0.8507798960138648	0.9265164644714038	0.8708838821490468	6164	180.48621025308242	159.1735885788449
187	10	40	0.1	0.025	1.0	0.8533795493934142	0.8854419410745233	0.9457538994800693	0.9022530329289428	6000	172.15066666666667	157.14833333333334
188	20	40	0.1	0.025	1.0	0.9837088388214905	0.9864818024263432	0.9972270363951473	0.9876949740034662	5770	157.68284228769497	154.95528596187174
189	40	40	0.1	0.025	0.9303292894280762	0.7656482861400894	0.809612518628912	0.9167287630402384	0.856371087928465	5368	137.8289865871833	150.2961997019374
190	80	40	0.1	0.025	0.7809358752166378	0.5945406125166445	0.6591211717709721	0.8504216600088771	0.758988015978695	4506	115.76542387927208	142.6804260985353
191	5	80	0.1	0.025	0.9956672443674177	0.7878154917319408	0.8349869451697128	0.9138381201044387	0.857615317667537	6134	180.5081512879035	158.77649168568635
192	10	80	0.1	0.025	0.9951473136915078	0.8289794496691049	0.8692093347265761	0.932776036224312	0.8881922675026124	5965	172.06789606035204	156.78491198658844
193	20	80	0.1	0.025	0.992894280762565	0.9558387153080817	0.9684063536393785	0.9834176994239833	0.9713737126898238	5732	157.76779483600836	154.6441032798325
194	40	80	0.1	0.025	0.9239168110918544	0.7475145376102045	0.7960982930031889	0.9065841305571187	0.8446820483961733	5332	138.16391597899474	150.11046511627907
195	80	80	0.1	0.025	0.7767764298093588	0.5825524319500223	0.6506024096385542	0.8442659526996876	0.752119589468987	4483	116.03055989292885	142.40196297122463
196	5	160	0.1	0.025	0.9779896013864818	0.759170653907496	0.8135743398901294	0.898635477582846	0.837143363459153	6011	179.2498752287473	157.330061553818
197	10	160	0.1	0.025	0.9746967071057192	0.80049786628734	0.8472617354196301	0.918918918918919	0.8675320056899004	5834	170.8008227631128	155.62649982859102
198	20	160	0.1	0.025	0.9679376083188909	0.9242614145031334	0.9450313339301701	0.9695613249776186	0.9502238137869293	5595	156.42984807864164	153.72386058981232
199	40	160	0.1	0.025	0.8980935875216638	0.7279042840602085	0.7803936703975299	0.8971439598610575	0.8321111539945967	5187	137.28455754771545	148.944669365722
200	80	160	0.1	0.025	0.7554592720970538	0.5710025235145676	0.6400550584996559	0.8378068364303739	0.7426015141087405	4362	115.71641448876662	141.41678129298487
201	5	10	0.2	0.025	0.7123050259965338	0.3669099756690998	0.48126520681265206	0.6591240875912409	0.5600973236009732	4453	165.27442173815405	145.80395239164608
202	10	10	0.2	0.025	0.6842287694974003	0.40070921985815605	0.5144376899696048	0.689209726443769	0.5932117527862208	4134	154.61804547653605	144.89259796806968
203	20	10	0.2	0.025	0.6239168110918544	0.49666666666666665	0.6030555555555556	0.7547222222222222	0.6738888888888889	3604	140.70283018867926	145.68784683684794
204	40	10	0.2	0.025	0.5076256499133449	0.41550017070672585	0.5244110617958347	0.7415500170706726	0.6271765107545237	2932	129.11084583901774	144.77694406548432
205	80	10	0.2	0.025	0.3655112651646447	0.3812233285917496	0.48079658605974396	0.7392128971076339	0.6036036036036037	2111	113.19848413074372	142.23922311700616
206	5	20	0.2	0.025	0.764471403812825	0.38245295851280886	0.5023804126048516	0.6728632963046928	0.5808206755837678	4757	164.1986546142527	145.93861677527855
207	10	20	0.2	0.025	0.7409012131715771	0.41426900584795323	0.5333333333333333	0.6994152046783626	0.6128654970760234	4462	153.7265800089646	144.75011205737337
208	20	20	0.2	0.025	0.6842287694974003	0.5111448834853091	0.6208206686930091	0.7626646403242148	0.6922492401215805	3951	139.98481397114654	145.10250569476082
209	40	20	0.2	0.025	0.5590987868284228	0.42343459392436456	0.532548047117173	0.7461252324860508	0.6370117792932424	3228	127.14560099132589	144.86617100371748
210	80	20	0.2	0.025	0.4027729636048527	0.3855421686746988	0.4879518072289157	0.7418244406196214	0.6092943201376936	2325	111.63655913978495	142.15010752688173
211	5	40	0.2	0.025	0.823050259965338	0.41524531480311644	0.5356917245735945	0.6982522636344494	0.6114971572962729	5103	164.10915147952184	147.30746619635508
212	10	40	0.2	0.025	0.8055459272097054	0.44513769363166955	0.5636833046471601	0.7213855421686747	0.6398450946643718	4842	154.15985130111525	145.5266418835192
213	20	40	0.2	0.025	0.7590987868284229	0.5378995433789955	0.6470319634703197	0.7792237442922374	0.7127853881278539	4380	139.4906392694064	145.13881278538813
214	40	40	0.2	0.025	0.6320623916811092	0.4387167534960241	0.5486701398409651	0.7488346586235262	0.6482040032903756	3647	126.21250342747463	143.86344941047437
215	80	40	0.2	0.025	0.4611785095320624	0.3904547162720782	0.4881623449830891	0.7448327696354754	0.6148064637354378	2661	111.6880871852687	140.62269823374672
216	5	80	0.2	0.025	0.8993067590987869	0.4781268067064945	0.5852765465407593	0.7444594334168433	0.6625554056658316	5537	163.5880440671844	149.23135271807837
217	10	80	0.2	0.025	0.8863084922010399	0.5068439577630035	0.6122409073132578	0.7641767696519358	0.6896754008603833	5305	153.59302544769085	147.54137606032046
218	20	80	0.2	0.025	0.848526863084922	0.5982434640522876	0.6905637254901961	0.8174019607843137	0.7600081699346405	4897	139.5619767204411	146.86869511946088
219	40	80	0.2	0.025	0.7377816291161179	0.48414376321353064	0.5785764622973926	0.7791872210476861	0.6845196147521729	4257	125.03711533944092	143.7937514681701
220	80	80	0.2	0.025	0.5549393414211439	0.4194253591505309	0.5031230480949407	0.7723297938788257	0.6455340412242349	3202	109.10743285446596	140.67114303560274
221	5	160	0.2	0.025	0.9415944540727903	0.6243327811522179	0.7032946806552549	0.8358181483526597	0.7623780600036812	5767	167.97624414773713	151.68891971562337
222	10	160	0.2	0.025	0.9337954939341421	0.6601707498144024	0.7342242019302153	0.8544914625092799	0.7915738678544915	5572	158.8813711414214	149.9204953338119
223	20	160	0.2	0.025	0.9166377816291161	0.7560975609756098	0.8107392701833995	0.9005483078086595	0.8578181130648516	5291	145.07767907767908	148.38140238140238
224	40	160	0.2	0.025	0.8374350086655112	0.6103062913907285	0.6808774834437086	0.8454056291390728	0.7661423841059603	4833	127.88330229671011	144.41320091040762
225	80	160	0.2	0.025	0.6847487001733102	0.5013920526449	0.5760566945077196	0.8089091369273602	0.7021007339913946	3952	109.73557692307692	138.22975708502025
226	5	10	0.35	0.025	0.18232235701906413	0.4011406844106464	0.5209125475285171	0.6416349809885932	0.5342205323193916	1231	218.80991064175467	174.0731112916328
227	10	10	0.35	0.025	0.168630849220104	0.4573484069886948	0.5765673175745119	0.6947584789311408	0.5878725590955807	1051	216.75642245480495	176.1474785918173
228	20	10	0.35	0.025	0.1464471403812825	0.5964497041420118	0.7088757396449704	0.7952662721893491	0.7112426035502959	845	206.09585798816568	185.45798816568046
229	40	10	0.35	0.025	0.11993067590987869	0.5072254335260116	0.6358381502890174	0.7369942196531792	0.6560693641618497	692	188.73121387283237	181.32947976878611
230	80	10	0.35	0.025	0.08665511265164645	0.472	0.588	0.718	0.634	500	163.01	172.428
231	5	20	0.35	0.025	0.20433275563258232	0.39609838846480067	0.5165394402035624	0.6437659033078881	0.539440203562341	1370	213.35839416058394	169.42919708029197
232	10	20	0.35	0.025	0.18769497400346621	0.4533702677746999	0.5743305632502308	0.7026777469990766	0.590027700831025	1168	209.61900684931507	172.10873287671234
233	20	20	0.35	0.025	0.1655112651646447	0.5916230366492147	0.6984293193717277	0.7979057591623037	0.7099476439790576	955	197.52565445026178	176.565445026178
234	40	20	0.35	0.025	0.13570190641247834	0.49169859514687103	0.6130268199233716	0.7394636015325671	0.648786717752235	783	179.14814814814815	173.74840357598978
235	80	20	0.35	0.025	0.09670710571923744	0.45878136200716846	0.5627240143369175	0.7258064516129032	0.6272401433691757	558	158.28494623655914	166.79749103942652
236	5	40	0.35	0.025	0.23015597920277298	0.3938253012048193	0.5218373493975904	0.634789156626506	0.5323795180722891	1533	205.5159817351598	167.28180039138942
237	10	40	0.35	0.025	0.21039861351819758	0.45634266886326197	0.585667215815486	0.6968698517298187	0.5881383855024712	1310	200.02824427480917	170.4435114503817
238	20	40	0.35	0.025	0.18492201039861353	0.598875351452671	0.7169634489222118	0.7994376757263355	0.7094657919400188	1067	189.91752577319588	174.45454545454547
239	40	40	0.35	0.025	0.1483535528596187	0.5023364485981309	0.6285046728971962	0.7441588785046729	0.6460280373831776	856	175.19626168224298	172.16822429906543
240	80	40	0.35	0.025	0.10537261698440208	0.4621710526315789	0.5723684210526315	0.7368421052631579	0.6200657894736842	608	153.07236842105263	164.89802631578948
241	5	80	0.35	0.025	0.27937608318890816	0.3579404466501241	0.4857320099255583	0.6141439205955335	0.5031017369727047	1837	192.27653783342407	163.8056614044638
242	10	80	0.35	0.025	0.25528596187175046	0.4134419551934827	0.5424304141208418	0.6707399864222675	0.5526137135098439	1582	186.6125158027813	166.00758533501897
243	20	80	0.35	0.025	0.22045060658578855	0.5605345911949685	0.6729559748427673	0.7806603773584906	0.6729559748427673	1272	181.0259433962264	171.0432389937107
244	40	80	0.35	0.025	0.17504332755632582	0.4633663366336634	0.5871287128712871	0.7267326732673267	0.6089108910891089	1010	167.09405940594058	169.32970297029703
245	80	80	0.35	0.025	0.12305025996533796	0.4183098591549296	0.5295774647887324	0.7183098591549296	0.5830985915492958	710	145.99718309859156	161.91408450704225
246	5	160	0.35	0.025	0.4334488734835355	0.3230707716913235	0.43942423030787686	0.6029588164734107	0.49660135945621753	2747	165.68329086275938	155.05824535857298
247	10	160	0.35	0.025	0.40415944540727905	0.3644939965694683	0.4811320754716981	0.6475128644939966	0.5347341337907375	2460	159.3609756097561	155.5410569105691
248	20	160	0.35	0.025	0.34956672443674175	0.4848785324739712	0.5919682697074864	0.7407040158651462	0.6420426375805652	2017	150.4680218145761	159.5627169062965
249	40	160	0.35	0.025	0.27677642980935874	0.419536631183469	0.5284909204758923	0.7175954915466499	0.6005009392611146	1597	139.97495303694427	159.18221665623042
250	80	160	0.35	0.025	0.20138648180242635	0.3803786574870912	0.4819277108433735	0.7151462994836488	0.5740103270223752	1162	125.09122203098107	155.98709122203098
251	5	10	0.025	0.05	1.0	0.7367417677642981	0.7842287694974004	0.9157712305025997	0.8194107452339688	6182	174.85085732772566	160.03396958912973
252	10	10	0.025	0.05	1.0	0.7776429809358752	0.8176776429809359	0.9341421143847487	0.8499133448873484	6024	166.21779548472776	157.97061752988049
253	20	10	0.025	0.05	1.0	0.8998266897746967	0.9123050259965338	0.9847487001733102	0.92842287694974	5801	150.97310808481296	155.5562833994139
254	40	10	0.025	0.05	0.9325823223570191	0.6941089016911355	0.7413120237874001	0.9068946292510686	0.8026389146998699	5402	131.0368382080711	150.82339874120697
255	80	10	0.025	0.05	0.7847487001733102	0.5408568904593639	0.6033568904593639	0.8445229681978799	0.7131183745583038	4539	109.11059704780789	143.07843137254903
256	5	20	0.025	0.05	1.0	0.7367417677642981	0.7830155979202773	0.9180242634315424	0.819584055459272	6181	174.30690826727067	159.86992396052418
257	10	20	0.025	0.05	1.0	0.7778162911611786	0.8162911611785095	0.9367417677642981	0.8500866551126517	6023	165.73501577287067	157.84824838120537
258	20	20	0.025	0.05	1.0	0.9015597920277296	0.9117850953206239	0.9876949740034662	0.9299826689774696	5801	150.4450956731598	155.4947422858128
259	40	20	0.025	0.05	0.9322357019064125	0.6928797174195948	0.7386131251161926	0.9087190927681725	0.8016359918200409	5399	130.82089275791813	150.81681792924616
260	80	20	0.025	0.05	0.7844020797227036	0.5388864339372514	0.6003093239063191	0.8457799381352188	0.7114449845338047	4537	108.77716552788186	143.12629490852987
261	5	40	0.025	0.05	1.0	0.737261698440208	0.7821490467937608	0.9202772963604853	0.819584055459272	6178	173.9684363871803	159.84525736484298
262	10	40	0.025	0.05	1.0	0.7790294627383015	0.8157712305025997	0.9391681109185442	0.8500866551126517	6019	165.3990696128925	157.81425485961122
263	20	40	0.025	0.05	1.0	0.9038128249566725	0.9117850953206239	0.9902946273830155	0.9299826689774696	5795	149.91527178602243	155.52338222605695
264	40	40	0.025	0.05	0.9320623916811092	0.6922647824470063	0.735961323912235	0.9105615470435106	0.7986240238006694	5394	130.18835743418614	150.79199110122357
265	80	40	0.025	0.05	0.7838821490467938	0.5350431129781119	0.5958434667256246	0.8467831085562679	0.7057262878620385	4531	108.15471198410947	143.1611123372324
266	5	80	0.025	0.05	0.9968804159445407	0.7234005563282336	0.7705146036161336	0.91394297635605	0.8075452016689847	6150	172.82130081300812	159.2921951219512
267	10	80	0.025	0.05	0.9965337954939342	0.7638260869565218	0.804	0.932695652173913	0.8377391304347827	5988	164.20958583834334	157.31062124248496
268	20	80	0.025	0.05	0.9948006932409013	0.8874564459930313	0.8991289198606272	0.9837979094076655	0.9165505226480837	5762	149.01718153418952	154.9958347795904
269	40	80	0.025	0.05	0.9261698440207973	0.6798278443113772	0.7249251497005988	0.906437125748503	0.7872380239520959	5357	129.235766287101	150.1777114056375
270	80	80	0.025	0.05	0.7781629116117851	0.5244988864142539	0.5864142538975501	0.8449888641425389	0.6962138084632516	4495	106.67719688542826	142.74705228031146
271	5	160	0.025	0.05	0.9798960138648181	0.6984435797665369	0.7509727626459144	0.9007782101167315	0.7888220728687655	6029	170.93597611544203	157.51202521147786
272	10	160	0.025	0.05	0.9771230502599654	0.738559772969138	0.7836112096488116	0.9207165661582122	0.8185526782547002	5859	162.25874722648916	155.66137566137567
273	20	160	0.025	0.05	0.9712305025996534	0.8599214846538187	0.8786581013561742	0.9719842969307637	0.8979300499643112	5619	146.66791243993592	153.69407367859048
274	40	160	0.025	0.05	0.9006932409012132	0.6605734077352319	0.7084856648066192	0.8989801808735809	0.7741004425630171	5206	127.00172877449097	148.89454475605072
275	80	160	0.025	0.05	0.7566724436741767	0.5080164910673385	0.5712322491983509	0.8394411360513055	0.6823179111314704	4370	104.12631578947368	141.05217391304348
276	5	10	0.05	0.05	1.0	0.78578856152513	0.8334488734835356	0.915944540727903	0.85684575389948	6181	178.83530173111146	159.97832066008738
277	10	10	0.05	0.05	1.0	0.8273830155979203	0.8674176776429809	0.934315424610052	0.8878682842287695	6023	170.33006807238917	157.86817200730533
278	20	10	0.05	0.05	0.9998266897746967	0.953891488992893	0.9661986479459178	0.9850927370428151	0.9698387935517421	5796	155.58781918564526	155.45479641131814
279	40	10	0.05	0.05	0.9324090121317158	0.7438661710037174	0.7933085501858737	0.9072490706319702	0.8434944237918216	5398	135.97776954427565	150.6830307521304
280	80	10	0.05	0.05	0.7847487001733102	0.5788427561837456	0.6459805653710248	0.844743816254417	0.7484540636042403	4539	113.71821987221855	143.00308437981934
281	5	20	0.05	0.05	1.0	0.7868284228769498	0.8329289428076256	0.918370883882149	0.8570190641247833	6179	178.50655445865027	159.82715649781517
282	10	20	0.05	0.05	1.0	0.8287694974003467	0.8667244367417678	0.937261698440208	0.8880415944540728	6021	170.06012290317224	157.7593423019432
283	20	20	0.05	0.05	0.9998266897746967	0.9559715721962212	0.9655052868781417	0.9883862021147513	0.9708788351534061	5795	155.17601380500432	155.40690250215704
284	40	20	0.05	0.05	0.9320623916811092	0.7435849758274451	0.79081442915582	0.9094458906656749	0.8425065079955374	5395	135.89805375347544	150.7690454124189
285	80	20	0.05	0.05	0.7844020797227036	0.5793194874060981	0.6449403446752099	0.8462218294299603	0.7483429076447194	4536	113.59744268077601	143.11882716049382
286	5	40	0.05	0.05	1.0	0.788214904679376	0.8329289428076256	0.9204506065857886	0.8582322357019064	6176	178.30165155440415	159.90349740932643
287	10	40	0.05	0.05	1.0	0.8306759098786829	0.8670710571923743	0.9393414211438474	0.8890814558058926	6017	169.84842944989197	157.87335881668605
288	20	40	0.05	0.05	1.0	0.958578856152513	0.9662045060658578	0.9906412478336222	0.9719237435008665	5793	154.92663559468323	155.61695149318143
289	40	40	0.05	0.05	0.9318890814558058	0.7439092430723452	0.7894736842105263	0.9109168681420866	0.8408034219825181	5392	135.49944362017803	150.80044510385756
290	80	40	0.05	0.05	0.7838821490467938	0.5781560910899846	0.6433782887464072	0.8467831085562679	0.7459650674331196	4530	113.0962472406181	143.13399558498895
291	5	80	0.05	0.05	0.9965337954939342	0.7707826086956522	0.8175652173913044	0.9144347826086957	0.8469565217391304	6147	177.5026842362128	159.36310395314788
292	10	80	0.05	0.05	0.9961871750433275	0.8117606123869172	0.8516005567153793	0.9331941544885177	0.8775226165622826	5985	169.0187134502924	157.38245614035088
293	20	80	0.05	0.05	0.9942807625649913	0.9379466620184765	0.9494509325431411	0.9843123583754576	0.959037824647028	5758	154.43174713442167	155.0828412643279
294	40	80	0.05	0.05	0.925996533795494	0.7288040426726559	0.7754070746771476	0.9067939359910163	0.8309938236945537	5355	134.93389355742298	150.21848739495798
295	80	80	0.05	0.05	0.7781629116117851	0.566815144766147	0.632293986636971	0.8449888641425389	0.7400890868596882	4495	112.5543937708565	142.7615127919911
296	5	160	0.05	0.05	0.9795493934142114	0.7344302901627743	0.7869780608634112	0.9009200283085633	0.8195329087048833	6027	174.8720756595321	157.49361207897795
297	10	160	0.05	0.05	0.9767764298093587	0.7748403122782115	0.8199077359829666	0.9208658623136976	0.8493612491128459	5857	166.30254396448694	155.6417961413693
298	20	160	0.05	0.05	0.9703639514731369	0.8978388998035364	0.9165922486158242	0.9721378817646008	0.9305233077335239	5614	151.3247239045244	153.63199144994655
299	40	160	0.05	0.05	0.9005199306759099	0.6984218629715165	0.7480754426481909	0.898960739030023	0.8083140877598153	5205	131.90547550432277	148.84015369836695
300	80	160	0.05	0.05	0.7564991334488734	0.5429553264604811	0.60893470790378	0.8396334478808706	0.7191294387170676	4369	109.54108491645685	141.03570611123828
301	5	10	0.1	0.05	0.9987868284228769	0.79316328301232	0.8438313378448724	0.9130661114003124	0.8629186187749436	6164	179.22582738481506	158.11404931862427
302	10	10	0.1	0.05	0.9984402079722704	0.8352716542266968	0.8781461551813922	0.9317826766186426	0.8939420239541747	5999	170.70495082513753	156.0761793632272
303	20	10	0.1	0.05	0.9979202772963605	0.9624869746439736	0.9772490448072247	0.9828065300451546	0.9784647447030219	5770	155.7363951473137	153.57053726169843
304	40	10	0.1	0.05	0.9285961871750433	0.74822695035461	0.8019783501306458	0.9044419559537141	0.8486375513251213	5367	135.95043786100243	148.1844605925098
305	80	10	0.1	0.05	0.7790294627383015	0.5828698553948832	0.6511679644048943	0.8424916573971079	0.7530589543937709	4501	113.73494778938014	141.35458786936238
306	5	20	0.1	0.05	0.9993067590987869	0.8033298647242456	0.8498092265001734	0.9190079778009018	0.8690600069372182	6165	179.08548256285482	158.29959448499594
307	10	20	0.1	0.05	0.9989601386481802	0.8459403192227619	0.8841082581540597	0.9382373351839001	0.9002428868841083	5998	170.69589863287763	156.33561187062355
308	20	20	0.1	0.05	0.9982668977469671	0.9769097222222223	0.9857638888888889	0.9897569444444444	0.9866319444444445	5769	155.78939157566302	153.91280984572717
309	40	20	0.1	0.05	0.9294627383015598	0.7592765243333955	0.8085027037106097	0.9099384672757784	0.85567779228044	5368	136.30048435171386	149.14828614008943
310	80	20	0.1	0.05	0.7805892547660312	0.5908081705150977	0.6576376554174067	0.8452486678507993	0.758214920071048	4507	114.10028844020412	141.52762369647215
311	5	40	0.1	0.05	1.0	0.8239168110918544	0.8623916811091854	0.92894280762565	0.881629116117851	6164	179.09198572355612	158.74805321219986
312	10	40	0.1	0.05	1.0	0.8675909878682843	0.8974003466204507	0.9481802426343154	0.9131715771230503	6000	170.711	156.71116666666666
313	20	40	0.1	0.05	1.0	1.0	1.0	1.0	1.0	5770	155.96932409012132	154.43899480069325
314	40	40	0.1	0.05	0.9303292894280762	0.7766393442622951	0.8192995529061102	0.918591654247392	0.8651266766020864	5368	136.32954545454547	149.7488822652757
315	80	40	0.1	0.05	0.7809358752166378	0.6020861074123391	0.666444740346205	0.8519751442521083	0.7652019529516201	4506	114.19618286728806	142.0133155792277
316	5	80	0.1	0.05	0.9956672443674177	0.8	0.845082680591819	0.916100957354221	0.8668407310704961	6134	179.12601891098794	158.33338767525268
317	10	80	0.1	0.05	0.9951473136915078	0.8413444792755138	0.8794845001741554	0.9350400557297109	0.8975966562173459	5965	170.63772003352892	156.3292539815591
318	20	80	0.1	0.05	0.992894280762565	0.9698027578984116	0.9799266887764008	0.985861406877291	0.981672194100192	5732	156.06315422191207	154.1099092812282
319	40	80	0.1	0.05	0.9239168110918544	0.7567060589007691	0.8039767398236729	0.9082723691615081	0.8518101669480398	5332	136.54313578394598	149.5986496624156
320	80	80	0.1	0.05	0.7767764298093588	0.5887996430165104	0.6566265060240963	0.8458277554663097	0.7572512271307452	4483	114.29199196966317	141.78251171090787
321	5	160	0.1	0.05	0.9779896013864818	0.7678539783802941	0.8199539252170831	0.9009392167286904	0.8435229487861067	6011	177.2314090833472	156.92230909998335
322	10	160	0.1	0.05	0.9746967071057192	0.8093883357041252	0.8538406827880513	0.9212304409672831	0.8741109530583214	5834	168.7120329105245	155.2063764141241
323	20	160	0.1	0.05	0.9679376083188909	0.9341092211280215	0.9525514771709938	0.971888988361683	0.9570277529095792	5595	153.99803395889188	153.2857908847185
324	40	160	0.1	0.05	0.8980935875216638	0.7336935546121188	0.7846391354689309	0.8990737167116943	0.8363566190659977	5187	134.98187777135146	148.4530557162136
325	80	160	0.1	0.05	0.7554592720970538	0.5737554484973618	0.6423491626519844	0.8396421197522368	0.7446662078458361	4362	113.26547455295736	140.82118294360384
326	5	10	0.2	0.05	0.7123050259965338	0.3788321167883212	0.49148418491484186	0.6613138686131387	0.5698296836982968	4453	163.56927913766	145.2450033685156
327	10	10	0.2	0.05	0.6842287694974003	0.4136271529888551	0.5255825734549139	0.6914893617021277	0.603596757852077	4134	152.77068214804063	144.29051765844218
328	20	10	0.2	0.05	0.6239168110918544	0.5119444444444444	0.6163888888888889	0.7575	0.6863888888888889	3604	138.261653718091	144.8365704772475
329	40	10	0.2	0.05	0.5076256499133449	0.4267668146124957	0.5353362922499146	0.7439399112325026	0.6367360874018436	2932	126.56446111869032	143.7605729877217
330	80	10	0.2	0.05	0.3655112651646447	0.3916548127074443	0.49122807017543857	0.7420578473210052	0.6121384542437174	2111	110.06679298910468	140.94789199431548
331	5	20	0.2	0.05	0.764471403812825	0.3958286102924507	0.5128088868737248	0.6758104738154613	0.591475855815008	4757	162.71053184780322	145.42337607735968
332	10	20	0.2	0.05	0.7409012131715771	0.42830409356725146	0.5445614035087719	0.7024561403508772	0.624093567251462	4462	152.13021066786195	144.2008068130883
333	20	20	0.2	0.05	0.6842287694974003	0.5276089159067883	0.6337386018237082	0.766210739614995	0.7051671732522796	3951	137.88534548215642	144.39508985067073
334	40	20	0.2	0.05	0.5590987868284228	0.43645381277123374	0.5437073775573465	0.7492250464972101	0.6478611283323	3228	125.14591078066914	144.07620817843866
335	80	20	0.2	0.05	0.4027729636048527	0.39759036144578314	0.49827882960413084	0.7452667814113597	0.6187607573149742	2325	109.06623655913978	141.032688172043
336	5	40	0.2	0.05	0.823050259965338	0.4285112655295852	0.5464308275426406	0.7009896820383239	0.6220256896188672	5103	162.80658436213992	146.82716049382717
337	10	40	0.2	0.05	0.8055459272097054	0.4591222030981067	0.5750860585197934	0.7241824440619621	0.6508175559380379	4842	152.77798430400662	145.02044609665427
338	20	40	0.2	0.05	0.7590987868284229	0.5536529680365296	0.6598173515981736	0.7824200913242009	0.7253424657534246	4380	137.69771689497716	144.50068493150684
339	40	40	0.2	0.05	0.6320623916811092	0.4510556621880998	0.5596380586783658	0.7513024403619413	0.6588977241568412	3647	124.56347683027145	143.10309843707157
340	80	40	0.2	0.05	0.4611785095320624	0.40172867343104096	0.4990605035700864	0.7474633596392334	0.6245772266065389	2661	109.70462232243517	139.56257046223223
341	5	80	0.2	0.05	0.8993067590987869	0.4902678743495857	0.5949123145114665	0.7469647330892272	0.6721911736365388	5537	162.38649087953766	148.78869423875744
342	10	80	0.2	0.05	0.8863084922010399	0.5195541650371529	0.6224090731325772	0.7667188111067658	0.6996480250293312	5305	152.3306314797361	147.0793590951932
343	20	80	0.2	0.05	0.848526863084922	0.6125408496732027	0.702001633986928	0.8202614379084967	0.7712418300653595	4897	137.9569123953441	146.29793751276293
344	40	80	0.2	0.05	0.7377816291161179	0.49471458773784355	0.5875029363401456	0.7813013859525487	0.693446088794926	4257	123.5219638242894	143.1526896875734
345	80	80	0.2	0.05	0.5549393414211439	0.4287945034353529	0.5121798875702686	0.7745159275452842	0.6536539662710805	3202	107.29262960649594	139.80387257963773
346	5	160	0.2	0.05	0.9415944540727903	0.6361126449475428	0.7128658199889564	0.8382109331860851	0.7712129578501749	5767	166.75255765562684	151.26391538061384
347	10	160	0.2	0.05	0.9337954939341421	0.6724201930215293	0.7442464736451373	0.8569042316258352	0.8006681514476615	5572	157.60696338837042	149.48061737257717
348	20	160	0.2	0.05	0.9166377816291161	0.7695216487048592	0.8218944980147476	0.9030062393647192	0.8676498392890906	5291	143.49366849366848	147.91816291816292
349	40	160	0.2	0.05	0.8374350086655112	0.6200331125827815	0.6893625827814569	0.8474751655629139	0.7735927152317881	4833	126.52431202151872	143.8855783157459
350	80	160	0.2	0.05	0.6847487001733102	0.5092381675525184	0.583649708934447	0.8109339407744874	0.7084282460136674	3952	108.2462044534413	137.57236842105263
351	5	10	0.35	0.05	0.18232235701906413	0.4467680608365019	0.5570342205323194	0.6511406844106464	0.5722433460076045	1231	213.2591389114541	171.96181965881397
352	10	10	0.35	0.05	0.168630849220104	0.5087358684480987	0.6176772867420349	0.7050359712230215	0.6300102774922919	1051	210.21313035204568	173.674595623216
353	20	10	0.35	0.05	0.1464471403812825	0.659171597633136	0.7597633136094675	0.8071005917159764	0.762130177514793	845	197.6094674556213	182.19526627218934
354	40	10	0.35	0.05	0.11993067590987869	0.5606936416184971	0.6835260115606936	0.7471098265895953	0.7023121387283237	692	179.85838150289018	177.3020231213873
355	80	10	0.35	0.05	0.08665511265164645	0.522	0.636	0.73	0.676	500	152.264	167.358
356	5	20	0.35	0.05	0.20433275563258232	0.4402035623409669	0.5504664970313825	0.6539440203562341	0.5759117896522477	1370	208.7138686131387	167.64379562043797
357	10	20	0.35	0.05	0.18769497400346621	0.5032317636195752	0.6131117266851339	0.7137580794090489	0.6306555863342567	1168	204.1335616438356	170.01455479452054
358	20	20	0.35	0.05	0.1655112651646447	0.6513089005235602	0.7455497382198953	0.8104712041884817	0.7581151832460733	955	190.50890052356021	174.00418848167538
359	40	20	0.35	0.05	0.13570190641247834	0.5427841634738186	0.6564495530012772	0.7509578544061303	0.6922094508301405	783	171.29246487867178	171.1060025542784
360	80	20	0.35	0.05	0.09670710571923744	0.507168458781362	0.6075268817204301	0.7383512544802867	0.6666666666666666	558	148.63620071684588	163.00358422939067
361	5	40	0.35	0.05	0.23015597920277298	0.43448795180722893	0.5534638554216867	0.6438253012048193	0.5662650602409639	1533	201.2426614481409	165.68623613829092
362	10	40	0.35	0.05	0.21039861351819758	0.5024711696869851	0.6219110378912686	0.7067545304777595	0.6260296540362438	1310	194.99389312977098	168.5763358778626
363	20	40	0.35	0.05	0.18492201039861353	0.6541705716963448	0.761012183692596	0.8106841611996252	0.7544517338331771	1067	183.46110590440486	172.16213683223992
364	40	40	0.35	0.05	0.1483535528596187	0.5502336448598131	0.669392523364486	0.7546728971962616	0.6869158878504673	856	167.7535046728972	169.75116822429908
365	80	40	0.35	0.05	0.10537261698440208	0.5082236842105263	0.6151315789473685	0.7483552631578947	0.6595394736842105	608	144.01973684210526	161.41611842105263
366	5	80	0.35	0.05	0.27937608318890816	0.3920595533498759	0.5124069478908189	0.6215880893300249	0.5316377171215881	1837	188.73816004354927	162.47414262384322
367	10	80	0.35	0.05	0.25528596187175046	0.45213849287169044	0.572980312287848	0.6788866259334692	0.5845213849287169	1582	182.47597977243996	164.46144121365361
368	20	80	0.35	0.05	0.22045060658578855	0.6084905660377359	0.7114779874213837	0.7900943396226415	0.7122641509433962	1272	174.90330188679246	169.12028301886792
369	40	80	0.35	0.05	0.17504332755632582	0.503960396039604	0.6217821782178218	0.7356435643564356	0.6435643564356436	1010	160.81584158415842	167.28118811881188
370	80	80	0.35	0.05	0.12305025996533796	0.45774647887323944	0.5661971830985916	0.7281690140845071	0.6169014084507042	710	138.2450704225352	158.93239436619717
371	5	160	0.35	0.05	0.4334488734835355	0.34466213514594163	0.45621751299480207	0.6073570571771292	0.5145941623350659	2747	163.1510738987987	154.19184564979977
372	10	160	0.35	0.05	0.40415944540727905	0.38807890222984565	0.5	0.652229845626072	0.5544596912521441	2460	156.51544715447153	154.57357723577235
373	20	160	0.35	0.05	0.34956672443674175	0.5141298958849777	0.615765989092712	0.7461576598909271	0.6663361427863164	2017	146.3807635101636	158.3827466534457
374	40	160	0.35	0.05	0.27677642980935874	0.4452097683155917	0.5504070131496556	0.7238572323105823	0.6230432060112712	1597	135.98497182216656	158.11709455228552
375	80	160	0.35	0.05	0.20138648180242635	0.4044750430292599	0.504302925989673	0.7220309810671256	0.5955249569707401	1162	120.32788296041308	154.48192771084337
376	5	10	0.025	0.1	1.0	0.6545927209705372	0.702946273830156	0.9119584055459272	0.7474870017331022	6182	164.30637334196052	159.082659333549
377	10	10	0.025	0.1	1.0	0.6922010398613518	0.7341421143847487	0.9303292894280762	0.776949740034662	6024	155.2534860557769	157.01460823373174
378	20	10	0.025	0.1	1.0	0.8025996533795494	0.8202772963604853	0.9793760831889081	0.8466204506065858	5801	140.75349077745216	154.53266678158937
379	40	10	0.025	0.1	0.9325823223570191	0.6091804497305333	0.6558260546366846	0.9037353651737595	0.7238431518305147	5402	120.3789337282488	150.06442058496853
380	80	10	0.025	0.1	0.7847487001733102	0.46797703180212014	0.5269434628975265	0.8423144876325088	0.633613074204947	4539	97.71491517955496	142.43401630315049
381	5	20	0.025	0.1	1.0	0.6558058925476603	0.7031195840554593	0.9138648180242634	0.7483535528596187	6181	164.04562368548778	158.96375990939978
382	10	20	0.025	0.1	1.0	0.6937608318890814	0.7341421143847487	0.9325823223570191	0.7778162911611786	6023	155.12983563008467	156.93856881952516
383	20	20	0.025	0.1	1.0	0.8055459272097054	0.8207972270363951	0.9824956672443674	0.8487001733102253	5801	140.41837614204448	154.5507671091191
384	40	20	0.025	0.1	0.9322357019064125	0.6095928611266035	0.6549544525004648	0.9055586540249116	0.7239263803680982	5399	120.33209853676607	150.142248564549
385	80	20	0.025	0.1	0.7844020797227036	0.4670790985417587	0.5249668581528943	0.8435704816615113	0.6319045514803359	4537	97.76746748953053	142.5069429138197
386	5	40	0.025	0.1	1.0	0.661005199306759	0.7069324090121317	0.9162911611785095	0.7509532062391681	6178	164.0097118808676	159.0487212690191
387	10	40	0.025	0.1	1.0	0.6998266897746968	0.7386481802426343	0.9350086655112652	0.7805892547660312	6019	155.13822894168467	157.0192723043695
388	20	40	0.025	0.1	1.0	0.8126516464471404	0.8256499133448874	0.9852686308492201	0.851473136915078	5795	140.29663503019844	154.67489214840379
389	40	40	0.025	0.1	0.9320623916811092	0.6139828932688732	0.6578653774637412	0.9074005206396429	0.7253625883227965	5394	120.08064516129032	150.1959584723767
390	80	40	0.025	0.1	0.7838821490467938	0.46827326995357066	0.5250939641830643	0.8447932787972584	0.6314393101923502	4531	97.50827631869345	142.65636724784815
391	5	80	0.025	0.1	0.9968804159445407	0.6510778859527121	0.7001043115438108	0.9090751043115438	0.7437413073713491	6150	163.72325203252032	158.2770731707317
392	10	80	0.025	0.1	0.9965337954939342	0.6888695652173913	0.7316521739130435	0.9278260869565217	0.7730434782608696	5988	154.81179024716099	156.3932865731463
393	20	80	0.025	0.1	0.9948006932409013	0.8010452961672474	0.8181184668989547	0.9782229965156795	0.8437282229965157	5762	140.26258243665393	153.90871225269004
394	40	80	0.025	0.1	0.9261698440207973	0.6068488023952096	0.6519461077844312	0.9032559880239521	0.7204341317365269	5357	119.80026134030241	149.4239313048348
395	80	80	0.025	0.1	0.7781629116117851	0.46347438752783965	0.5211581291759465	0.8432071269487751	0.6293986636971047	4495	97.05561735261402	142.18242491657398
396	5	160	0.025	0.1	0.9798960138648181	0.627874071453838	0.6821719136894234	0.8961796957905908	0.7260346657233817	6029	162.1907447337867	156.6181788024548
397	10	160	0.025	0.1	0.9771230502599654	0.6653068463994324	0.7126640652713728	0.9162823696346222	0.7545228804540617	5859	153.2068612391193	154.84109916367981
398	20	160	0.025	0.1	0.9712305025996534	0.7748037116345468	0.7983583154889364	0.9671663097787295	0.8263740185581727	5619	137.9078127780744	152.7622352731803
399	40	160	0.025	0.1	0.9006932409012132	0.5889936501827978	0.6367134885510871	0.8960939003271118	0.7082932461035213	5206	117.75355359200923	148.1732616212063
400	80	160	0.025	0.1	0.7566724436741767	0.4505267979844251	0.5096197892808062	0.8378378378378378	0.6204764086120018	4370	95.22173913043478	140.44050343249427
401	5	10	0.05	0.1	1.0	0.7183708838821491	0.7684575389948007	0.9121317157712305	0.8069324090121317	6181	171.4712829639217	159.00954538100632
402	10	10	0.05	0.1	1.0	0.7570190641247834	0.8001733102253032	0.9305025996533796	0.8369150779896014	6023	162.61215341192096	156.89423875145278
403	20	10	0.05	0.1	0.9998266897746967	0.8710348413936557	0.8885422083550009	0.9797191887675507	0.9098630611891142	5796	148.6456176673568	154.42805383022775
404	40	10	0.05	0.1	0.9324090121317158	0.6739776951672862	0.7224907063197026	0.903903345724907	0.787360594795539	5398	129.04705446461654	150.05520563171544
405	80	10	0.05	0.1	0.7847487001733102	0.5253975265017667	0.5892226148409894	0.8420936395759717	0.700530035335689	4539	106.81824190350298	142.36351619299404
406	5	20	0.05	0.1	1.0	0.7124783362218371	0.7611785095320623	0.91421143847487	0.8034662045060659	6179	170.63440686195176	158.9192425958893
407	10	20	0.05	0.1	1.0	0.7512998266897747	0.7925476603119584	0.9329289428076256	0.8334488734835356	6021	161.89569838897194	156.84720146155124
408	20	20	0.05	0.1	0.9998266897746967	0.8661813139192235	0.8809152366094644	0.9830126538394869	0.90708961691801	5795	147.672131147541	154.47592752372736
409	40	20	0.05	0.1	0.9320623916811092	0.6675343994049833	0.7142060245444403	0.9059129788025289	0.7833767199702492	5395	128.3979610750695	150.1607043558851
410	80	20	0.05	0.1	0.7844020797227036	0.5203269995581087	0.5819708351745471	0.8435704816615113	0.6961997348652231	4536	106.18055555555556	142.49007936507937
411	5	40	0.05	0.1	1.0	0.7072790294627384	0.7540727902946274	0.9166377816291161	0.7974003466204506	6176	169.9065738341969	159.0979598445596
412	10	40	0.05	0.1	1.0	0.7471403812824957	0.7863084922010398	0.9353552859618718	0.8275563258232236	6017	161.19744058500913	157.06913744390891
413	20	40	0.05	0.1	1.0	0.862738301559792	0.8753899480069324	0.9856152512998267	0.9013864818024263	5793	146.86949766960123	154.72587605731056
414	40	40	0.05	0.1	0.9318890814558058	0.6622652036451553	0.7074576901618003	0.9075692765482611	0.7762692951459922	5392	127.56175816023739	150.27021513353117
415	80	40	0.05	0.1	0.7838821490467938	0.5135971700198984	0.5732920627901835	0.8447932787972584	0.6875967278355074	4530	105.19977924944813	142.62980132450332
416	5	80	0.05	0.1	0.9965337954939342	0.6826086956521739	0.732	0.9097391304347826	0.7765217391304348	6147	168.1329103627786	158.35496990401822
417	10	80	0.05	0.1	0.9961871750433275	0.7211203897007655	0.7640918580375783	0.9284968684759917	0.8063674321503131	5985	159.3371762740184	156.47234753550543
418	20	80	0.05	0.1	0.9942807625649913	0.8356283772006275	0.8521875544709778	0.9790831445006101	0.8793794666201847	5758	145.25581799235846	154.0250086835707
419	40	80	0.05	0.1	0.925996533795494	0.6387797117724126	0.6850084222346996	0.9036122028822758	0.7557551937113981	5355	125.48664799253035	149.54248366013073
420	80	80	0.05	0.1	0.7781629116117851	0.49487750556792875	0.5552338530066815	0.8432071269487751	0.6706013363028953	4495	103.08698553948832	142.18309232480533
421	5	160	0.05	0.1	0.9795493934142114	0.6401273885350318	0.6949752300070772	0.8963198867657466	0.7397381457891012	6027	164.20126099220175	156.59946905591505
422	10	160	0.05	0.1	0.9767764298093587	0.6777856635911994	0.725514549325763	0.9164300922640171	0.768097941802697	5857	155.25234761823458	154.82123954242786
423	20	160	0.05	0.1	0.9703639514731369	0.7890694766922665	0.8124665118771209	0.9673155920700125	0.8410430434006072	5614	140.28054862842893	152.6993231207695
424	40	160	0.05	0.1	0.9005199306759099	0.6027713625866051	0.6514626635873749	0.8960739030023095	0.7244033872209392	5205	120.69721421709895	148.11873198847263
425	80	160	0.05	0.1	0.7564991334488734	0.4657502863688431	0.5255441008018328	0.8380297823596793	0.6394043528064146	4369	98.16708628976883	140.42389562829024
426	5	10	0.1	0.1	0.9987868284228769	0.7681762970674996	0.8219677251431546	0.9090751344785701	0.8433107756376887	6164	176.50405580791693	157.18689162881245
427	10	10	0.1	0.1	0.9984402079722704	0.8088873459468843	0.8554070473876063	0.9279638951570908	0.8739802117687901	5999	167.87747957993	155.21953658943158
428	20	10	0.1	0.1	0.9979202772963605	0.9300104202848212	0.9496352900312609	0.9779437304619659	0.9536297325460229	5770	153.06984402079723	152.6840554592721
429	40	10	0.1	0.1	0.9285961871750433	0.7241508025382606	0.7788353863381859	0.9012691302724898	0.8292273236282195	5367	133.34842556362958	147.47903856903298
430	80	10	0.1	0.1	0.7790294627383015	0.5657397107897664	0.6340378197997776	0.8400444938820912	0.7383759733036708	4501	111.3770273272606	140.86736280826483
431	5	20	0.1	0.1	0.9993067590987869	0.7736732570239334	0.8241415192507804	0.9139784946236559	0.8459937565036421	6165	175.82692619626926	157.25239253852394
432	10	20	0.1	0.1	0.9989601386481802	0.8147120055517002	0.8575641915336571	0.933206106870229	0.8768216516308119	5998	167.3777925975325	155.3837945981994
433	20	20	0.1	0.1	0.9982668977469671	0.9385416666666667	0.953125	0.9840277777777777	0.9576388888888889	5769	152.70116137978852	152.90483619344775
434	40	20	0.1	0.1	0.9294627383015598	0.7290695506246504	0.7797874324072348	0.9058362856610106	0.831064702591833	5368	133.10879284649778	148.29918032786884
435	80	20	0.1	0.1	0.7805892547660312	0.5683836589698046	0.6349911190053286	0.8423623445825933	0.7395648312611013	4507	111.28799644996671	140.8493454626137
436	5	40	0.1	0.1	1.0	0.7876949740034662	0.8299826689774696	0.9239168110918544	0.853899480069324	6164	175.34685269305646	157.95425048669696
437	10	40	0.1	0.1	1.0	0.8298093587521663	0.8641247833622183	0.9431542461005199	0.8850953206239168	6000	166.86783333333332	155.91966666666667
438	20	40	0.1	0.1	1.0	0.9549393414211439	0.9604852686308493	0.9944540727902946	0.9668977469670711	5770	152.33899480069323	153.54887348353552
439	40	40	0.1	0.1	0.9303292894280762	0.7416169895678092	0.7853949329359166	0.914865871833085	0.8375558867362146	5368	132.54992548435172	149.07805514157974
440	80	40	0.1	0.1	0.7809358752166378	0.5754549489569463	0.6378162450066578	0.8497558810474922	0.7430093209054593	4506	110.78650687971593	141.49933422103862
441	5	80	0.1	0.1	0.9956672443674177	0.7563098346388164	0.8046997389033943	0.9112271540469974	0.8335944299390775	6134	174.1953048581676	157.3813172481252
442	10	80	0.1	0.1	0.9951473136915078	0.7958899338209683	0.8378613723441309	0.9303378613723441	0.8638105189829328	5965	165.55020955574182	155.4479463537301
443	20	80	0.1	0.1	0.992894280762565	0.9162157444580206	0.9312270902426253	0.9807994414382963	0.942049223250131	5732	151.17707606420097	153.12700628053037
444	40	80	0.1	0.1	0.9239168110918544	0.7124366910523354	0.760645282311011	0.9048958919527293	0.8167323203901707	5332	131.59246061515378	148.79032258064515
445	80	80	0.1	0.1	0.7767764298093588	0.5542168674698795	0.6193663543061133	0.8440428380187416	0.7282463186077643	4483	109.52710238679455	141.2223957171537
446	5	160	0.1	0.1	0.9779896013864818	0.7047669679248627	0.7597022860180755	0.896508949140528	0.795498848130427	6011	170.7507902179338	156.0693728165031
447	10	160	0.1	0.1	0.9746967071057192	0.7439544807965861	0.7917852062588905	0.9169630156472262	0.8252133712660028	5834	161.99074391498115	154.42749400068564
448	20	160	0.1	0.1	0.9679376083188909	0.8592658907788719	0.8821844225604297	0.9674127126230976	0.9013428827215757	5595	147.1805183199285	152.42377122430742
449	40	160	0.1	0.1	0.8980935875216638	0.6694326514859128	0.7201852566576611	0.8961790814357391	0.7846391354689309	5187	128.10757663389242	147.748987854251
450	80	160	0.1	0.1	0.7554592720970538	0.5221381050699702	0.5863730213351687	0.8382656572608397	0.6997017664601973	4362	106.44910591471802	140.28312700596058
451	5	10	0.2	0.1	0.7123050259965338	0.35912408759124087	0.47639902676399026	0.6554744525547446	0.5535279805352799	4453	161.7208623399955	144.15584998877162
452	10	10	0.2	0.1	0.6842287694974003	0.39184397163120566	0.5086119554204661	0.6856636271529889	0.5858662613981763	4134	150.62820512820514	143.25568456700532
453	20	10	0.2	0.1	0.6239168110918544	0.48277777777777775	0.5930555555555556	0.7508333333333334	0.6633333333333333	3604	135.79578246392896	143.57380688124306
454	40	10	0.2	0.1	0.5076256499133449	0.40457494025264595	0.5148514851485149	0.7381358825537726	0.6172755206555138	2932	124.0075034106412	142.52796725784447
455	80	10	0.2	0.1	0.3655112651646447	0.3736367946894263	0.47368421052631576	0.7377904220009484	0.5983878615457563	2111	107.57366177167219	139.84462340123164
456	5	20	0.2	0.1	0.764471403812825	0.3745182498299705	0.495805939696214	0.6692360009068239	0.5742462026751304	4757	160.62055917595123	144.2392264031953
457	10	20	0.2	0.1	0.7409012131715771	0.40514619883040937	0.5258479532163742	0.695906432748538	0.6056140350877193	4462	149.83684446436575	143.06656207978486
458	20	20	0.2	0.1	0.6842287694974003	0.49721377912867276	0.6091691995947315	0.7588652482269503	0.6816109422492401	3951	135.2867628448494	142.98557327258922
459	40	20	0.2	0.1	0.5590987868284228	0.41196528208307504	0.5216986980781153	0.7427154370737755	0.6270923744575325	3228	122.31009913258984	142.60192069392812
460	80	20	0.2	0.1	0.4027729636048527	0.3769363166953528	0.4784853700516351	0.7401032702237521	0.6037005163511188	2325	106.40774193548387	139.54795698924733
461	5	40	0.2	0.1	0.823050259965338	0.4080859128237524	0.5289534638871342	0.6957254158770267	0.6051800379027164	5103	160.84656084656083	145.88144228884968
462	10	40	0.2	0.1	0.8055459272097054	0.4369621342512909	0.5561531841652324	0.7190189328743546	0.6327452667814114	4842	150.6489054109872	144.14188351920694
463	20	40	0.2	0.1	0.7590987868284229	0.5257990867579909	0.6365296803652968	0.7767123287671233	0.7031963470319634	4380	135.34383561643835	143.4134703196347
464	40	40	0.2	0.1	0.6320623916811092	0.4296682204551686	0.5393474088291746	0.7469152728269811	0.6399780641623252	3647	122.04442007129147	142.0891143405539
465	80	40	0.2	0.1	0.4611785095320624	0.38444193912063135	0.48064637354378054	0.7448327696354754	0.6110484780157835	2661	107.2912438932732	138.66328447951898
466	5	80	0.2	0.1	0.8993067590987869	0.47022547697051453	0.5773752168047793	0.7425322798227019	0.6565812295239931	5537	160.41701282282824	147.9864547588947
467	10	80	0.2	0.1	0.8863084922010399	0.4980445834962847	0.6036370746969104	0.7624168947985921	0.6832225263981228	5305	150.30442978322338	146.35193213949105
468	20	80	0.2	0.1	0.848526863084922	0.5857843137254902	0.6793300653594772	0.815359477124183	0.7508169934640523	4897	135.76475393097815	145.36430467633244
469	40	80	0.2	0.1	0.7377816291161179	0.47474747474747475	0.5684754521963824	0.7777777777777778	0.6770025839793282	4257	121.28729151984966	142.34225980737608
470	80	80	0.2	0.1	0.5549393414211439	0.41380387257963774	0.4962523422860712	0.7726420986883198	0.6420986883198001	3202	105.16177389131792	139.13397876327295
471	5	160	0.2	0.1	0.9415944540727903	0.6120007362414872	0.6913307564881281	0.8341616050064421	0.7526228602981778	5767	164.44390497659094	150.4940176868389
472	10	160	0.2	0.1	0.9337954939341421	0.646807720861173	0.7216035634743875	0.8530066815144766	0.781365998515219	5572	155.22666905958363	148.7884063173008
473	20	160	0.2	0.1	0.9166377816291161	0.7385138967668746	0.7952353942144073	0.8986575912270751	0.8449612403100775	5291	140.97467397467398	147.05726705726707
474	40	160	0.2	0.1	0.8374350086655112	0.5968543046357616	0.6670115894039735	0.8443708609271523	0.7547599337748344	4833	123.98572315332092	143.12993999586178
475	80	160	0.2	0.1	0.6847487001733102	0.4920273348519362	0.5649202733485194	0.809415337889142	0.6955201214882308	3952	106.20318825910931	136.978491902834
476	5	10	0.35	0.1	0.18232235701906413	0.40019011406844107	0.5180608365019012	0.6378326996197718	0.5285171102661597	1231	206.59951259138913	169.46466287571081
477	10	10	0.35	0.1	0.168630849220104	0.45426515930113054	0.5724563206577595	0.6916752312435765	0.5806783144912642	1051	202.1893434823977	171.32825880114177
478	20	10	0.35	0.1	0.1464471403812825	0.58698224852071	0.6982248520710059	0.7905325443786982	0.7005917159763314	845	188.4852071005917	179.30059171597634
479	40	10	0.35	0.1	0.11993067590987869	0.49710982658959535	0.6271676300578035	0.7297687861271677	0.638728323699422	692	169.85260115606937	173.40317919075144
480	80	10	0.35	0.1	0.08665511265164645	0.47	0.59	0.72	0.636	500	143.116	164.362
481	5	20	0.35	0.1	0.20433275563258232	0.3893129770992366	0.5097540288379983	0.6378286683630195	0.5301102629346904	1370	202.45693430656934	165.18175182481752
482	10	20	0.35	0.1	0.18769497400346621	0.4441366574330563	0.5660203139427517	0.6971375807940905	0.5780240073868883	1168	196.5402397260274	167.6472602739726
483	20	20	0.35	0.1	0.1655112651646447	0.5759162303664922	0.6837696335078534	0.7916230366492146	0.6952879581151833	955	181.76335078534032	170.19685863874346
484	40	20	0.35	0.1	0.13570190641247834	0.48020434227330777	0.6002554278416348	0.7343550446998723	0.6296296296296297	783	161.71647509578543	166.26564495530013
485	80	20	0.35	0.1	0.09670710571923744	0.460573476702509	0.5627240143369175	0.7293906810035843	0.6308243727598566	558	139.73655913978496	159.5752688172043
486	5	40	0.35	0.1	0.23015597920277298	0.3832831325301205	0.5128012048192772	0.6287650602409639	0.5210843373493976	1533	195.470971950424	163.35485975212003
487	10	40	0.35	0.1	0.21039861351819758	0.443163097199341	0.5749588138385503	0.6911037891268533	0.5741350906095551	1310	187.97557251908398	166.31221374045802
488	20	40	0.35	0.1	0.18492201039861353	0.5773195876288659	0.6982193064667291	0.7928772258669166	0.689784442361762	1067	175.0187441424555	168.56607310215557
489	40	40	0.35	0.1	0.1483535528596187	0.4871495327102804	0.6133177570093458	0.7383177570093458	0.6261682242990654	856	158.68107476635515	165.15303738317758
490	80	40	0.35	0.1	0.10537261698440208	0.4555921052631579	0.5657894736842105	0.7384868421052632	0.6167763157894737	608	134.68256578947367	157.64309210526315
491	5	80	0.35	0.1	0.27937608318890816	0.34801488833746896	0.47518610421836227	0.609181141439206	0.49193548387096775	1837	183.64942841589547	160.52857920522592
492	10	80	0.35	0.1	0.25528596187175046	0.40122199592668023	0.5302104548540394	0.6659877800407332	0.539714867617108	1582	176.37610619469027	162.5865992414665
493	20	80	0.35	0.1	0.22045060658578855	0.5408805031446541	0.654874213836478	0.77437106918239	0.654874213836478	1272	167.35377358490567	165.93553459119497
494	40	80	0.35	0.1	0.17504332755632582	0.44752475247524753	0.5693069306930693	0.7217821782178218	0.5891089108910891	1010	152.47227722772277	163.26831683168317
495	80	80	0.35	0.1	0.12305025996533796	0.4098591549295775	0.5197183098591549	0.719718309859155	0.5788732394366197	710	129.66338028169014	155.70140845070424
496	5	160	0.35	0.1	0.4334488734835355	0.3126749300279888	0.42782886845261897	0.599360255897641	0.485405837664934	2747	159.38478340007282	152.83072442664727
497	10	160	0.35	0.1	0.40415944540727905	0.3524871355060034	0.46869639794168094	0.644082332761578	0.5227272727272727	2460	152.25365853658536	153.3008130081301
498	20	160	0.35	0.1	0.34956672443674175	0.46554288547347544	0.5741199801685671	0.7362419434804165	0.6251859196826971	2017	141.26326227069904	156.5731284085275
499	40	160	0.35	0.1	0.27677642980935874	0.40200375704445834	0.5103318722604884	0.7144646211646838	0.5810895428929242	1597	130.34001252348153	155.83030682529744
500	80	160	0.35	0.1	0.20138648180242635	0.3657487091222031	0.46471600688468157	0.7168674698795181	0.5611015490533563	1162	114.12048192771084	152.95955249569707
501	5	10	0.025	0.2	1.0	0.5844020797227036	0.6339688041594455	0.9076256499133449	0.6816291161178509	6182	153.03979294726625	157.37754771918472
502	10	10	0.025	0.2	1.0	0.6145580589254767	0.6584055459272097	0.925476603119584	0.7043327556325824	6024	144.2242695883134	155.50929614873837
503	20	10	0.025	0.2	1.0	0.7077989601386482	0.7311958405545927	0.9733102253032929	0.7625649913344887	5801	129.71349767281504	153.35028443371831
504	40	10	0.025	0.2	0.9325823223570191	0.5363315368890541	0.580932912098123	0.9003902620330794	0.6467199405314997	5402	109.48445020362828	148.57811921510552
505	80	10	0.025	0.2	0.7847487001733102	0.4162985865724382	0.46908127208480566	0.8409893992932862	0.5664752650176679	4539	88.66820885657634	141.8037012557832
506	5	20	0.025	0.2	1.0	0.587001733102253	0.6351819757365684	0.9103986135181976	0.6835355285961872	6181	152.86086393787414	157.3200129428895
507	10	20	0.025	0.2	1.0	0.618370883882149	0.6599653379549394	0.9287694974003466	0.7069324090121317	6023	144.18678399468703	155.5141955835962
508	20	20	0.025	0.2	1.0	0.7128249566724437	0.7334488734835355	0.9767764298093587	0.7665511265164645	5801	129.62299603516635	153.392346147216
509	40	20	0.025	0.2	0.9322357019064125	0.5382041271611824	0.5807770961145194	0.9025841234430192	0.6490053913366797	5399	109.60363030190776	148.65308390442675
510	80	20	0.025	0.2	0.7844020797227036	0.4164825452938577	0.4684047724259832	0.8418029164825453	0.5682722050375607	4537	88.60238042759532	141.8379986775402
511	5	40	0.025	0.2	1.0	0.5922010398613519	0.6389948006932409	0.9126516464471404	0.687001733102253	6178	153.01181612172223	157.43282615733247
512	10	40	0.025	0.2	1.0	0.6240901213171577	0.6642980935875217	0.9308492201039862	0.7103986135181976	6019	144.19571357368335	155.63548762252867
513	20	40	0.025	0.2	1.0	0.7199306759098787	0.7386481802426343	0.9790294627383016	0.7700173310225303	5795	129.50060396893875	153.57273511647972
514	40	40	0.025	0.2	0.9320623916811092	0.5420230568984753	0.5838601710673113	0.9042394942357754	0.6504276682781703	5394	109.5622914349277	148.73915461624026
515	80	40	0.025	0.2	0.7838821490467938	0.41742206500110546	0.46915763873535266	0.842803449038249	0.5684280344903825	4531	88.57161774442727	142.03774001324211
516	5	80	0.025	0.2	0.9968804159445407	0.5817107093184979	0.6310848400556328	0.9057719054242003	0.68115438108484	6150	152.96731707317073	156.74536585365854
517	10	80	0.025	0.2	0.9965337954939342	0.6125217391304347	0.6565217391304348	0.9238260869565217	0.704	5988	144.03974615898463	154.96125584502337
518	20	80	0.025	0.2	0.9948006932409013	0.7080139372822299	0.7306620209059234	0.9721254355400697	0.7632404181184669	5762	129.66001388406804	152.8101353696633
519	40	80	0.025	0.2	0.9261698440207973	0.5349925149700598	0.5787799401197605	0.8995134730538922	0.6463323353293413	5357	109.77020720552548	147.90871756580177
520	80	80	0.025	0.2	0.7781629116117851	0.412249443207127	0.46570155902004456	0.8407572383073497	0.5652561247216036	4495	88.4329254727475	141.559510567297
521	5	160	0.025	0.2	0.9798960138648181	0.561726211531659	0.6169083834453484	0.8926423770781747	0.6664308454191723	6029	151.76165201525959	154.99436059047935
522	10	160	0.025	0.2	0.9771230502599654	0.5922312876906705	0.6411848173111032	0.9120255409719759	0.6888967719049308	5859	142.74603174603175	153.32070319167093
523	20	160	0.025	0.2	0.9712305025996534	0.685581727337616	0.7146680942184154	0.9609207708779444	0.7498215560314061	5619	128.16266239544402	151.4981313400961
524	40	160	0.025	0.2	0.9006932409012132	0.5214546853954204	0.5676351741389263	0.8924379449682509	0.6388300942851645	5206	108.08413369189397	146.53457548981945
525	80	160	0.025	0.2	0.7566724436741767	0.4031149793861658	0.4576271186440678	0.8353183692166744	0.5579477782867613	4370	86.92448512585813	139.77299771167048
526	5	10	0.05	0.2	1.0	0.6114384748700173	0.6616984402079723	0.9076256499133449	0.7154246100519931	6181	157.50881734347192	157.28199320498302
527	10	10	0.05	0.2	1.0	0.6422876949740035	0.6866551126516465	0.925476603119584	0.7391681109185442	6023	148.9156566495102	155.37406608002655
528	20	10	0.05	0.2	0.9998266897746967	0.7372161553128792	0.7607904316172647	0.9733055988906223	0.7996186514127231	5796	134.84385783298828	153.20841959972395
529	40	10	0.05	0.2	0.9324090121317158	0.566542750929368	0.6118959107806692	0.9005576208178439	0.6864312267657993	5398	115.26769173768062	148.4866617265654
530	80	10	0.05	0.2	0.7847487001733102	0.4472173144876325	0.502208480565371	0.8409893992932862	0.6104240282685512	4539	94.76140118968937	141.79599030623484
531	5	20	0.05	0.2	1.0	0.6102253032928943	0.6589254766031196	0.9103986135181976	0.7129982668977469	6179	156.87684091276907	157.212655769542
532	10	20	0.05	0.2	1.0	0.6424610051993067	0.6844020797227036	0.9287694974003466	0.7370883882149046	6021	148.39063278525163	155.36655040690914
533	20	20	0.05	0.2	0.9998266897746967	0.7382561969145433	0.7588836886808805	0.9767724042295025	0.7984052695441151	5795	134.07799827437447	153.23727351164797
534	40	20	0.05	0.2	0.9320623916811092	0.5641502417255485	0.6071030122722202	0.9027519523986612	0.6833395314243214	5395	114.67210379981465	148.54328081556997
535	80	20	0.05	0.2	0.7844020797227036	0.4427750773309766	0.49646486964206804	0.8418029164825453	0.6051701281484755	4536	93.99537037037037	141.81062610229276
536	5	40	0.05	0.2	1.0	0.6109185441941074	0.6580589254766032	0.9126516464471404	0.7097053726169844	6176	156.0365932642487	157.41920336787564
537	10	40	0.05	0.2	1.0	0.6436741767764298	0.6840554592720971	0.9308492201039862	0.7337954939341421	6017	147.38241648662125	155.6209074289513
538	20	40	0.05	0.2	1.0	0.7403812824956673	0.7590987868284229	0.9790294627383016	0.7946273830155979	5793	132.897807698947	153.55687899188675
539	40	40	0.05	0.2	0.9318890814558058	0.5627673423842291	0.6047982146178166	0.9044076622652036	0.6765854565742979	5392	113.32733679525222	148.7091988130564
540	80	40	0.05	0.2	0.7838821490467938	0.43931019235021	0.4923723192571302	0.842803449038249	0.5980543886800795	4530	92.51368653421633	142.0103752759382
541	5	80	0.05	0.2	0.9965337954939342	0.5942608695652174	0.6434782608695652	0.9060869565217391	0.6961739130434783	6147	154.7416625996421	156.7820074833252
542	10	80	0.05	0.2	0.9961871750433275	0.6256089074460682	0.6694502435629784	0.9241475295755045	0.7195546276965901	5985	145.87318295739348	154.99799498746867
543	20	80	0.05	0.2	0.9942807625649913	0.7216315147289524	0.7441171343907966	0.97245947359247	0.7791528673522747	5758	131.60906564779438	152.86036818339701
544	40	80	0.05	0.2	0.925996533795494	0.5485682201010668	0.592363840539023	0.8994946659180236	0.6625491297024144	5355	111.84183006535947	147.76134453781512
545	80	80	0.05	0.2	0.7781629116117851	0.42739420935412026	0.48106904231625836	0.8407572383073497	0.5839643652561247	4495	90.71167964404894	141.559510567297
546	5	160	0.05	0.2	0.9795493934142114	0.5665251238499646	0.6215498938428875	0.8927813163481954	0.6719745222929936	6027	152.31441845030696	154.97511199601792
547	10	160	0.05	0.2	0.9767764298093587	0.5970546486870121	0.6458481192334989	0.9121717530163236	0.6944641589779986	5857	143.31534915485744	153.30032439815605
548	20	160	0.05	0.2	0.9703639514731369	0.6906590462582604	0.7195927844257903	0.9610644757992499	0.7553134488301483	5614	128.897399358746	151.43409333808336
549	40	160	0.05	0.2	0.9005199306759099	0.5269438029253272	0.5733256351039261	0.8924172440338722	0.6451116243264049	5205	108.92065321805956	146.47973102785784
550	80	160	0.05	0.2	0.7564991334488734	0.40962199312714775	0.4639175257731959	0.8355097365406644	0.5654066437571592	4369	87.87457084000916	139.75623712520027
551	5	10	0.1	0.2	0.9987868284228769	0.7008502516050668	0.7582856151310081	0.9038695124067326	0.7933368037480479	6164	166.28471771576898	155.48945489941596
552	10	10	0.1	0.2	0.9984402079722704	0.7345946884221489	0.7856274952265232	0.9218885610137129	0.8182607186252386	5999	158.00616769461578	153.64377396232706
553	20	10	0.1	0.2	0.9979202772963605	0.8381382424452936	0.8654046543938868	0.9701285168461271	0.8860715526224383	5770	143.778856152513	151.25979202772965
554	40	10	0.1	0.2	0.9285961871750433	0.6534154535274356	0.7077267637178052	0.8973497573721538	0.7711832773422919	5367	124.09260294391653	145.98155394074902
555	80	10	0.1	0.2	0.7790294627383015	0.5152391546162403	0.5795328142380423	0.8382647385984427	0.689210233592881	4501	103.47878249277939	139.9124638969118
556	5	20	0.1	0.2	0.9993067590987869	0.700312174817898	0.7530350329517863	0.909816163718349	0.7901491501907735	6165	165.29440389294405	155.65612327656123
557	10	20	0.1	0.2	0.9989601386481802	0.7350798056904927	0.7807078417765441	0.9285218598195697	0.8160999306037474	5998	157.18922974324775	153.90096698899634
558	20	20	0.1	0.2	0.9982668977469671	0.8392361111111111	0.8605902777777777	0.9770833333333333	0.8847222222222222	5769	143.02773444271105	151.56092910383083
559	40	20	0.1	0.2	0.9294627383015598	0.6528062651501025	0.7016595189259742	0.9024799552489279	0.7684132015662876	5368	123.44467213114754	146.68722056631893
560	80	20	0.1	0.2	0.7805892547660312	0.5133214920071048	0.5750444049733571	0.8403641207815276	0.6858348134991119	4507	102.9065897492789	139.87663634346572
561	5	40	0.1	0.2	1.0	0.7025996533795494	0.7467937608318891	0.9197573656845754	0.7889081455805893	6164	164.13449059052564	156.229883192732
562	10	40	0.1	0.2	1.0	0.7379549393414211	0.7748700173310226	0.9383015597920278	0.8154246100519931	6000	155.822	154.4525
563	20	40	0.1	0.2	1.0	0.8426343154246101	0.8552859618717504	0.9871750433275563	0.8844020797227037	5770	141.63622183708839	152.23084922010398
564	40	40	0.1	0.2	0.9303292894280762	0.6525707898658718	0.6944858420268256	0.9113263785394933	0.7634128166915052	5368	121.92678837555887	147.49422503725782
565	80	40	0.1	0.2	0.7809358752166378	0.51242787394585	0.5694629383044829	0.8475366178428761	0.6797603195739015	4506	101.27696404793609	140.53617399023526
566	5	80	0.1	0.2	0.9956672443674177	0.6563968668407311	0.7063533507397737	0.9073977371627502	0.7580504786771105	6134	161.68373002934464	155.8193674600587
567	10	80	0.1	0.2	0.9951473136915078	0.6891327063740856	0.7338906304423546	0.9256356670149773	0.7828282828282829	5965	153.1173512154233	154.02363788767812
568	20	80	0.1	0.2	0.992894280762565	0.7900157095479141	0.8114854250305463	0.9739919706755106	0.8477919357654041	5732	139.03454291695743	151.97836706210748
569	40	80	0.1	0.2	0.9239168110918544	0.6113299568561246	0.656912399174639	0.9011442506096418	0.7306321515663102	5332	119.423855963991	147.1901725431358
570	80	80	0.1	0.2	0.7767764298093588	0.4788041053101294	0.537260151717983	0.8413654618473896	0.6506024096385542	4483	98.4715592237341	140.24514833816642
571	5	160	0.1	0.2	0.9779896013864818	0.5964912280701754	0.6519581782739677	0.8927875243664717	0.7058302321460216	6011	156.24272167692564	154.43137581101314
572	10	160	0.1	0.2	0.9746967071057192	0.6285561877667141	0.6781650071123755	0.9125177809388336	0.729551920341394	5834	147.4295509084676	152.90349674322934
573	20	160	0.1	0.2	0.9679376083188909	0.7251566696508505	0.7534467323187108	0.9611459265890779	0.7937332139659803	5595	133.14280607685433	151.14119749776586
574	40	160	0.1	0.2	0.8980935875216638	0.5590505596294867	0.6065225781551524	0.8925125434195291	0.6835198764955616	5187	113.76788124156545	145.9469828417197
575	80	160	0.1	0.2	0.7554592720970538	0.4400091764166093	0.4969029593943565	0.8352833218628126	0.6044964441385638	4362	93.46423658872077	139.37116001834022
576	5	10	0.2	0.2	0.7123050259965338	0.3158150851581509	0.4299270072992701	0.6496350364963503	0.5094890510948905	4453	152.48843476308107	141.7610599595778
577	10	10	0.2	0.2	0.6842287694974003	0.3427051671732523	0.4574468085106383	0.6790780141843972	0.5362208713272543	4134	141.10933720367683	140.9997581035317
578	20	10	0.2	0.2	0.6239168110918544	0.42194444444444446	0.5333333333333333	0.7413888888888889	0.6038888888888889	3604	125.43312985571588	141.22058823529412
579	40	10	0.2	0.2	0.5076256499133449	0.34619324001365653	0.4527142369409355	0.7323318538750426	0.5565039262546945	2932	112.30763983628923	139.9068894952251
580	80	10	0.2	0.2	0.3655112651646447	0.32147937411095306	0.4115694642010431	0.7335229966808914	0.5334281650071123	2111	95.26717195641876	137.79204168640456
581	5	20	0.2	0.2	0.764471403812825	0.3278168215824076	0.44615733393788254	0.6637950578100204	0.526864656540467	4757	151.09733025015765	142.13537944082404
582	10	20	0.2	0.2	0.7409012131715771	0.35391812865497074	0.472046783625731	0.6902923976608187	0.5534502923976609	4462	140.04078888390856	141.12348722545943
583	20	20	0.2	0.2	0.6842287694974003	0.43338399189463017	0.5455927051671733	0.7505065856129686	0.6193009118541033	3951	125.00911161731207	140.8716780561883
584	40	20	0.2	0.2	0.5590987868284228	0.35337879727216365	0.45815251084934905	0.7374457532548047	0.5663360198388097	3228	110.60780669144981	140.13661710037175
585	80	20	0.2	0.2	0.4027729636048527	0.32487091222030984	0.4173838209982788	0.7362306368330465	0.540447504302926	2325	94.48903225806451	137.6752688172043
586	5	40	0.2	0.2	0.823050259965338	0.36176037060433774	0.47925879132448934	0.6904611497157296	0.5611707727942725	5103	151.78228493043306	143.98295120517344
587	10	40	0.2	0.2	0.8055459272097054	0.3855421686746988	0.5019363166953529	0.7129948364888123	0.5839070567986231	4842	141.39900867410162	142.42792234613796
588	20	40	0.2	0.2	0.7590987868284229	0.4623287671232877	0.5726027397260274	0.7678082191780822	0.6436073059360731	4380	125.83470319634704	141.5310502283105
589	40	40	0.2	0.2	0.6320623916811092	0.3723608445297505	0.4754592816013162	0.7411571154373457	0.582122292295037	3647	111.32300520976145	139.75020564847821
590	80	40	0.2	0.2	0.4611785095320624	0.3337091319052988	0.4223975948891394	0.7399473881999249	0.5520481022172116	2661	96.55092070650132	136.99887260428412
591	5	80	0.2	0.2	0.8993067590987869	0.41241086914627095	0.5191751782617074	0.7377143958373482	0.6089805357486991	5537	151.44572873397146	146.23171392450786
592	10	80	0.2	0.2	0.8863084922010399	0.43527571372702384	0.5410637465780211	0.7565506452874462	0.6314039890496675	5305	141.32233741753063	144.73515551366634
593	20	80	0.2	0.2	0.848526863084922	0.5104166666666666	0.6068218954248366	0.8069852941176471	0.6885212418300654	4897	126.7678170308352	143.65121502960997
594	40	80	0.2	0.2	0.7377816291161179	0.408738548273432	0.4998825463941743	0.772609819121447	0.6168663377965704	4257	111.30937279774489	140.27225745830398
595	80	80	0.2	0.2	0.5549393414211439	0.3579013116801999	0.43472829481574016	0.7682698313554028	0.5824484697064335	3202	95.12242348532168	137.67114303560274
596	5	160	0.2	0.2	0.9415944540727903	0.5363519234308853	0.6169703662801399	0.8299282164549973	0.6931713602061477	5767	153.87376452228196	148.8109935841859
597	10	160	0.2	0.2	0.9337954939341421	0.5660727542687454	0.6425389755011136	0.8479955456570156	0.7175204157386785	5572	144.74910265613784	147.1778535534817
598	20	160	0.2	0.2	0.9166377816291161	0.6437889960294951	0.704859141614672	0.8916619398752127	0.7708451503119682	5291	130.83972783972783	145.46928746928748
599	40	160	0.2	0.2	0.8374350086655112	0.5173841059602649	0.5848509933774835	0.8404387417218543	0.6866721854304636	4833	113.28450237947445	141.25574177529484
600	80	160	0.2	0.2	0.6847487001733102	0.4272336117438623	0.49455833966084534	0.8061250316375601	0.6312325993419388	3952	95.68142712550608	135.78593117408906
601	5	10	0.35	0.2	0.18232235701906413	0.34600760456273766	0.47718631178707227	0.6150190114068441	0.4790874524714829	1231	194.82372055239642	160.8651502843217
602	10	10	0.35	0.2	0.168630849220104	0.39157245632065774	0.5231243576567317	0.6649537512846866	0.5220966084275437	1051	188.64795432921028	162.44053282588013
603	20	10	0.35	0.2	0.1464471403812825	0.4970414201183432	0.6366863905325444	0.7538461538461538	0.6142011834319526	845	173.14674556213018	168.52307692307693
604	40	10	0.35	0.2	0.11993067590987869	0.4263005780346821	0.5679190751445087	0.7052023121387283	0.565028901734104	692	153.79046242774567	162.25
605	80	10	0.35	0.2	0.08665511265164645	0.434	0.552	0.704	0.582	500	131.962	154.494
606	5	20	0.35	0.2	0.20433275563258232	0.33502968617472434	0.46649703138252757	0.6183206106870229	0.47921967769296014	1370	191.21167883211677	157.84233576642336
607	10	20	0.35	0.2	0.18769497400346621	0.3804247460757156	0.5133887349953832	0.6749769159741459	0.5189289012003694	1168	183.60188356164383	160.02397260273972
608	20	20	0.35	0.2	0.1655112651646447	0.4848167539267016	0.618848167539267	0.7581151832460733	0.6083769633507854	955	166.46596858638745	160.98324607329843
609	40	20	0.35	0.2	0.13570190641247834	0.4099616858237548	0.5389527458492975	0.7139208173690932	0.5593869731800766	783	146.27713920817368	156.12771392081737
610	80	20	0.35	0.2	0.09670710571923744	0.4175627240143369	0.5197132616487455	0.7132616487455197	0.5734767025089605	558	127.74372759856631	149.65232974910396
611	5	40	0.35	0.2	0.23015597920277298	0.32831325301204817	0.463855421686747	0.6106927710843374	0.46762048192771083	1533	184.00652315720808	156.74559686888455
612	10	40	0.35	0.2	0.21039861351819758	0.37644151565074135	0.514827018121911	0.6705107084019769	0.5090609555189456	1310	175.50534351145038	159.38931297709922
613	20	40	0.35	0.2	0.18492201039861353	0.48641049671977504	0.6260543580131209	0.7619493908153702	0.6026241799437676	1067	160.3626991565136	160.39925023430177
614	40	40	0.35	0.2	0.1483535528596187	0.4088785046728972	0.5420560747663551	0.7172897196261683	0.5478971962616822	856	142.83878504672896	155.7803738317757
615	80	40	0.35	0.2	0.10537261698440208	0.4029605263157895	0.5082236842105263	0.7203947368421053	0.5542763157894737	608	121.47861842105263	148.32401315789474
616	5	80	0.35	0.2	0.27937608318890816	0.29404466501240695	0.423697270471464	0.5942928039702233	0.43672456575682383	1837	171.66902558519325	155.12465977136637
617	10	80	0.35	0.2	0.25528596187175046	0.3367277664630007	0.46911065852002715	0.6490156143923965	0.4745417515274949	1582	163.35018963337546	156.8394437420986
618	20	80	0.35	0.2	0.22045060658578855	0.449685534591195	0.5786163522012578	0.7484276729559748	0.5699685534591195	1272	153.01572327044025	159.13050314465409
619	40	80	0.35	0.2	0.17504332755632582	0.3722772277227723	0.499009900990099	0.7029702970297029	0.5148514851485149	1010	137.04950495049505	155.17029702970297
620	80	80	0.35	0.2	0.12305025996533796	0.3563380281690141	0.4619718309859155	0.7028169014084507	0.5140845070422535	710	115.99014084507043	147.04647887323944
621	5	160	0.35	0.2	0.4334488734835355	0.2630947620951619	0.37385045981607357	0.5905637744902039	0.4258296681327469	2747	146.3367309792501	149.17145977429922
622	10	160	0.35	0.2	0.40415944540727905	0.2937392795883362	0.4056603773584906	0.6333619210977701	0.4549742710120069	2460	138.43821138211382	149.5772357723577
623	20	160	0.35	0.2	0.34956672443674175	0.3862171541893902	0.495785820525533	0.7203767972235994	0.5394149727317799	2017	125.79127416955875	152.07833415964302
624	40	160	0.35	0.2	0.27677642980935874	0.32623669380087666	0.4295554164057608	0.7025673137132122	0.49530369442705074	1597	112.61552911709455	149.94990607388854
625	80	160	0.35	0.2	0.20138648180242635	0.3046471600688468	0.39414802065404475	0.7065404475043029	0.4759036144578313	1162	97.60843373493977	147.17039586919105
