technology	gene_old	gene_new	n_reads	pct_of_reads	into_orf_body
direct RNA	YLR154W-E	YLR154W-F	4345	0.126926	False
direct RNA	YLR154W-F	YLR154W-E	3398	0.099262	False
direct RNA	YLR154W-C	YLR154W-E	1840	0.05375	True
direct RNA	YOR192C-B	YOR192C-C	279	0.00815	True
direct RNA	YJL041W	YJL039C	68	0.001986	False
direct RNA	YML127W	YML126C	58	0.001694	False
direct RNA	YDL191W	YDL190C	55	0.001607	False
direct RNA	YNL267W	YNL266W	39	0.001139	False
direct RNA	YJR107W	YJR107C-A	39	0.001139	False
direct RNA	YMR304W	YMR304C-A	34	0.000993	False
direct RNA	YNR015W	YNR016C	31	0.000906	False
direct RNA	YCR015C	YCR014C	30	0.000876	False
direct RNA	YER128W	YER129W	29	0.000847	False
direct RNA	YDR517W	YDR518W	29	0.000847	False
direct RNA	YER154W	YER155C	28	0.000818	False
direct RNA	YBR102C	YBR101C	25	0.00073	True
direct RNA	YMR231W	YMR232W	24	0.000701	False
direct RNA	YOR327C	YOR326W	24	0.000701	False
direct RNA	YER130C	YER129W	24	0.000701	False
direct RNA	YOL038W	YOL036W	22	0.000643	False
direct RNA	YPR190C	YPR189W	22	0.000643	False
direct RNA	YIL039W	YIL038C	21	0.000613	False
direct RNA	YHR132W-A	YHR133C	21	0.000613	False
direct RNA	YPR080W	YPR081C	21	0.000613	False
direct RNA	YAL016C-B	YAL017W	20	0.000584	False
direct RNA	YJR040W	YJR041C	20	0.000584	False
direct RNA	YIL065C	YIL064W	19	0.000555	False
direct RNA	YJL022W	YJL020C	19	0.000555	False
direct RNA	YBL049W	YBL048W	19	0.000555	True
direct RNA	YKL106W	YKL105C	18	0.000526	False
direct RNA	YNR069C	YNR068C	18	0.000526	True
direct RNA	YOR362C	YOR361C	18	0.000526	False
direct RNA	YDR357C	YDR356W	18	0.000526	False
direct RNA	YBR031W	YBR033W	15	0.000438	False
direct RNA	YMR076C	YMR075C-A	15	0.000438	True
direct RNA	YER059W	YER060W	14	0.000409	False
direct RNA	YNL042W	YNL041C	14	0.000409	False
direct RNA	YLR231C	YLR233C	13	0.00038	False
direct RNA	YGR239C	YGR238C	13	0.00038	False
direct RNA	YLR162W-A	YLR162W	13	0.00038	True
direct RNA	YAL031C	YAL032C	13	0.00038	False
direct RNA	YAL017W	YAL016C-B	13	0.00038	False
direct RNA	YDR068W	YDR069C	12	0.000351	False
direct RNA	YEL026W	YEL025C	12	0.000351	False
direct RNA	YJL004C	YJL005W	11	0.000321	False
direct RNA	YKR030W	YKR031C	11	0.000321	False
direct RNA	YOR025W	YOR026W	11	0.000321	False
direct RNA	YDR286C	YDR285W	11	0.000321	False
direct RNA	YKL051W	YKL052C	11	0.000321	False
direct RNA	YGL005C	YGL006W	11	0.000321	False
direct RNA	YIL148W	YIL147C	10	0.000292	False
direct RNA	YMR283C	YMR282C	10	0.000292	False
direct RNA	YHR032W-A	YHR033W	10	0.000292	True
direct RNA	YJL084C	YJL085W	10	0.000292	False
direct RNA	YGL196W	YGL197W	10	0.000292	False
direct RNA	YKL211C	YKL212W	10	0.000292	False
direct RNA	YML077W	YML076C	10	0.000292	False
direct RNA	YDR287W	YDR288W	10	0.000292	False
direct RNA	YIL014W	YIL013C	10	0.000292	False
direct RNA	YMR167W	YMR168C	9	0.000263	False
direct RNA	YJL014W	YJL013C	9	0.000263	False
direct RNA	YPR145C-A	YPR146C	9	0.000263	True
direct RNA	YGR267C	YGR269W	9	0.000263	False
direct RNA	YLR264W	YLR265C	9	0.000263	False
direct RNA	YNL011C	YNL012W	9	0.000263	False
direct RNA	YJL098W	YJL097W	8	0.000234	False
direct RNA	YDL225W	YDL224C	8	0.000234	False
direct RNA	YHR157W	YHR156C	8	0.000234	False
direct RNA	YCR083W	YCR084C	8	0.000234	False
direct RNA	YJR139C	YJR140W-A	7	0.000204	False
direct RNA	YDR410C	YDR409W	7	0.000204	False
direct RNA	YML090W	YML091C	7	0.000204	False
direct RNA	YER052C	YER051W	7	0.000204	False
direct RNA	YKR098C	YKR097W	7	0.000204	False
direct RNA	YDR494W	YDR495C	7	0.000204	False
direct RNA	YDL035C	YDL036C	7	0.000204	False
direct RNA	YNR030W	YNR031C	7	0.000204	False
direct RNA	YGL151W	YGL150C	6	0.000175	False
direct RNA	YBR204C	YBR203W	6	0.000175	False
direct RNA	YER032W	YER033C	6	0.000175	False
direct RNA	YJL065C	YJL066C	6	0.000175	False
direct RNA	YCR106W	YCR107W	6	0.000175	True
direct RNA	YLR031W	YLR030W	5	0.000146	True
direct RNA	YLR431C	YLR430W	5	0.000146	False
direct RNA	YML050W	YML049C	5	0.000146	False
direct RNA	YJR097W	YJR098C	5	0.000146	False
direct RNA	YKL183W	YKL182W	5	0.000146	False
direct RNA	YMR304C-A	YMR304W	5	0.000146	False
direct RNA	YPR174C	YPR173C	5	0.000146	True
direct RNA	YFR044C	YFR043C	5	0.000146	False
direct RNA	YPL111W	YPL110C	5	0.000146	False
direct RNA	YPL143W	YPL141C	5	0.000146	False
direct RNA	YHR036W	YHR035W	5	0.000146	True
direct RNA	YPL166W	YPL164C	5	0.000146	False
direct RNA	YOR209C	YOR208W	4	0.000117	False
direct RNA	YDR441C	YDR442W	4	0.000117	False
direct RNA	YBL036C	YBL037W	4	0.000117	False
direct RNA	YKL180W	YKL179C	4	0.000117	False
direct RNA	YLR093C	YLR092W	4	0.000117	False
direct RNA	YLR262C-A	YLR263W	4	0.000117	False
direct RNA	YLR409C	YLR408C	4	0.000117	False
direct RNA	YNL172W	YNL170W	4	0.000117	True
direct RNA	YGR171C	YGR170W	4	0.000117	False
direct RNA	YPL278C	YPL277C	4	0.000117	True
direct RNA	YDR104C	YDR103W	4	0.000117	False
direct RNA	YIL155C	YIL156W	4	0.000117	False
direct RNA	YCL063W	YCL061C	4	0.000117	False
direct RNA	YDR405W	YDR406W	3	8.8e-05	False
direct RNA	YMR078C	YMR077C	3	8.8e-05	False
direct RNA	YBR032W	YBR033W	3	8.8e-05	True
direct RNA	YOR228C	YOR227W	3	8.8e-05	False
direct RNA	YDR145W	YDR146C	3	8.8e-05	False
direct RNA	YEL042W	YEL041W	3	8.8e-05	False
direct RNA	YDR358W	YDR359C	3	8.8e-05	False
direct RNA	YKR027W	YKR028W	3	8.8e-05	False
direct RNA	YMR013W-A	YMR014W	3	8.8e-05	False
direct RNA	YLR318W	YLR319C	3	8.8e-05	False
direct RNA	YML003W	YML002W	3	8.8e-05	True
direct RNA	YER174C	YER173W	3	8.8e-05	False
direct RNA	YLR005W	YLR006C	3	8.8e-05	False
direct RNA	YGL006W-A	YGL006W	3	8.8e-05	True
direct RNA	YGR031W	YGR032W	3	8.8e-05	False
direct RNA	YOR072W	YOR071C	3	8.8e-05	False
direct RNA	YDL221W	YDL222C	3	8.8e-05	False
direct RNA	YKL036C	YKL038W	3	8.8e-05	False
direct RNA	YOR295W	YOR296W	3	8.8e-05	True
direct RNA	YDL153C	YDL154W	2	5.8e-05	False
direct RNA	YPR051W	YPR053C	2	5.8e-05	False
direct RNA	YER185W	YER184C	2	5.8e-05	False
direct RNA	YDL217C	YDL218W	2	5.8e-05	False
direct RNA	YJR053W	YJR054W	2	5.8e-05	True
direct RNA	YLR168C	YLR171W	2	5.8e-05	False
direct RNA	YBR285W	YBR284W	2	5.8e-05	False
direct RNA	YHR081W	YHR082C	2	5.8e-05	False
direct RNA	YGR042W	YGR043C	2	5.8e-05	False
direct RNA	YDR395W	YDR396W	2	5.8e-05	False
direct RNA	YHR156C	YHR155W	2	5.8e-05	False
direct RNA	YGL125W	YGL126W	2	5.8e-05	False
direct RNA	YEL019C	YEL020C	2	5.8e-05	True
direct RNA	YOL117W	YOL116W	2	5.8e-05	True
direct RNA	YMR251W-A	YMR253C	2	5.8e-05	False
direct RNA	YNR066C	YNR065C	2	5.8e-05	True
direct RNA	YIL100C-A	YIL101C	2	5.8e-05	True
direct RNA	YKL169C	YKL171W	2	5.8e-05	False
direct RNA	YKR103W	YKR104W	2	5.8e-05	True
direct RNA	YFL004W	YFL003C	2	5.8e-05	False
direct RNA	YKR043C	YKR044W	2	5.8e-05	False
direct RNA	YNL121C	YNL122C	2	5.8e-05	False
direct RNA	YNL053W	YNL054W	1	2.9e-05	True
direct RNA	YOR170W	YOR169C	1	2.9e-05	False
direct RNA	YMR307W	YMR306W	1	2.9e-05	False
direct RNA	YOR239W	YOR241W	1	2.9e-05	False
direct RNA	YOR180C	YOR181W	1	2.9e-05	False
direct RNA	YOL073C	YOL075C	1	2.9e-05	False
direct RNA	YOR294W	YOR295W	1	2.9e-05	False
direct RNA	YOR034C	YOR033C	1	2.9e-05	False
direct RNA	YPL263C	YPL264C	1	2.9e-05	False
direct RNA	YNL194C	YNL195C	1	2.9e-05	False
direct RNA	YNL204C	YNL203C	1	2.9e-05	True
direct RNA	YNL248C	YNL249C	1	2.9e-05	False
direct RNA	YBL047C	YBL048W	1	2.9e-05	False
direct RNA	YNR057C	YNR058W	1	2.9e-05	False
direct RNA	YOR308C	YOR307C	1	2.9e-05	True
direct RNA	YAL023C	YAL024C	1	2.9e-05	False
direct RNA	YOR008W-B	YOR009W	1	2.9e-05	True
direct RNA	YKL198C	YKL197C	1	2.9e-05	False
direct RNA	YMR195W	YMR196W	1	2.9e-05	False
direct RNA	YER085C	YER084W	1	2.9e-05	False
direct RNA	YCR006C	YCR005C	1	2.9e-05	True
direct RNA	YHR212W-A	YHR212C	1	2.9e-05	False
direct RNA	YHR173C	YHR172W	1	2.9e-05	False
direct RNA	YHR147C	YHR148W	1	2.9e-05	False
direct RNA	YGR223C	YGR224W	1	2.9e-05	False
direct RNA	YGL198W	YGL197W	1	2.9e-05	False
direct RNA	YGL020C	YGL021W	1	2.9e-05	False
direct RNA	YDL037C	YDL039C	1	2.9e-05	True
direct RNA	YER056C	YER056C-A	1	2.9e-05	False
direct RNA	YIR005W	YIR006C	1	2.9e-05	False
direct RNA	YER055C	YER054C	1	2.9e-05	False
direct RNA	YEL004W	YEL005C	1	2.9e-05	False
direct RNA	YDR506C	YDR505C	1	2.9e-05	False
direct RNA	YDR368W	YDR369C	1	2.9e-05	False
direct RNA	YDR320C	YDR319C	1	2.9e-05	False
direct RNA	YDR086C	YDR085C	1	2.9e-05	False
direct RNA	YDR013W	YDR014W	1	2.9e-05	False
direct RNA	YDL232W	YDL231C	1	2.9e-05	False
direct RNA	YIL100W	YIL099W	1	2.9e-05	True
direct RNA	YJL077W-A	YJL078C	1	2.9e-05	False
direct RNA	YMR161W	YMR162C	1	2.9e-05	False
direct RNA	YBR227C	YBR228W	1	2.9e-05	False
direct RNA	YMR117C	YMR116C	1	2.9e-05	False
direct RNA	YMR020W	YMR019W	1	2.9e-05	False
direct RNA	YBR185C	YBR184W	1	2.9e-05	False
direct RNA	YML041C	YML042W	1	2.9e-05	False
direct RNA	YLR250W	YLR251W	1	2.9e-05	False
direct RNA	YLR200W	YLR202C	1	2.9e-05	False
direct RNA	YLR172C	YLR173W	1	2.9e-05	False
direct RNA	YBR211C	YBR210W	1	2.9e-05	False
direct RNA	YLR143W	YLR144C	1	2.9e-05	False
direct RNA	YJR036C	YJR035W	1	2.9e-05	False
short read	YLR154W-C	YLR154W-E	132277	0.441032	True
short read	YBL049W	YBL048W	6476	0.021592	True
short read	YIL065C	YIL064W	4322	0.01441	False
short read	YNL194C	YNL195C	2965	0.009886	False
short read	YAL055W	YAL054C	1684	0.005615	False
short read	YER055C	YER054C	1529	0.005098	False
short read	YJR107W	YJR107C-A	1497	0.004991	False
short read	YLR154W-E	YLR154W-F	1453	0.004845	False
short read	YCR015C	YCR014C	1346	0.004488	False
short read	YDL222C	YDL221W	1214	0.004048	False
short read	YKR098C	YKR097W	1040	0.003468	False
short read	YGR239C	YGR238C	978	0.003261	False
short read	YOR362C	YOR361C	946	0.003154	False
short read	YHR147C	YHR148W	813	0.002711	False
short read	YMR304W	YMR304C-A	809	0.002697	False
short read	YEL042W	YEL041W	785	0.002617	False
short read	YML090W	YML091C	685	0.002284	False
short read	YLR154W-F	YLR154W-E	624	0.002081	False
short read	YLR171W	YLR168C	609	0.002031	False
short read	YOL038W	YOL036W	563	0.001877	False
short read	YBR031W	YBR033W	484	0.001614	False
short read	YDR357C	YDR356W	449	0.001497	False
short read	YML041C	YML042W	446	0.001487	False
short read	YLR172C	YLR173W	432	0.00144	False
short read	YAL017W	YAL016C-B	421	0.001404	False
short read	YER128W	YER129W	418	0.001394	False
short read	YLR200W	YLR202C	371	0.001237	False
short read	YPR051W	YPR053C	366	0.00122	False
short read	YGL153W	YGL154C	365	0.001217	False
short read	YLR168C	YLR171W	314	0.001047	False
short read	YAL016C-B	YAL017W	299	0.000997	False
short read	YER085C	YER084W	298	0.000994	False
short read	YOR192C-B	YOR192C-C	295	0.000984	True
short read	YDL191W	YDL190C	290	0.000967	False
short read	YBR102C	YBR101C	273	0.00091	True
short read	YDR405W	YDR406W	272	0.000907	False
short read	YML003W	YML002W	252	0.00084	True
short read	YER059W	YER060W	236	0.000787	False
short read	YEL004W	YEL005C	219	0.00073	False
short read	YLR031W	YLR030W	206	0.000687	True
short read	YDR086C	YDR085C	205	0.000684	False
short read	YDR068W	YDR069C	202	0.000673	False
short read	YDR287W	YDR288W	186	0.00062	False
short read	YGR267C	YGR269W	183	0.00061	False
short read	YOR025W	YOR026W	174	0.00058	False
short read	YPL278C	YPL277C	170	0.000567	True
short read	YBR032W	YBR033W	169	0.000563	True
short read	YDR517W	YDR518W	168	0.00056	False
short read	YNL267W	YNL266W	167	0.000557	False
short read	YPR174C	YPR173C	161	0.000537	True
short read	YLR264W	YLR265C	157	0.000523	False
short read	YMR167W	YMR168C	156	0.00052	False
short read	YMR231W	YMR232W	150	0.0005	False
short read	YDR506C	YDR505C	147	0.00049	False
short read	YJL084C	YJL085W	146	0.000487	False
short read	YLR162W-A	YLR162W	145	0.000483	True
short read	YJL077W-A	YJL078C	143	0.000477	False
short read	YJL022W	YJL020C	141	0.00047	False
short read	YJL065C	YJL066C	140	0.000467	False
short read	YJL098W	YJL097W	140	0.000467	False
short read	YMR218C	YMR219W	138	0.00046	False
short read	YBL029C-A	YBL029W	137	0.000457	False
short read	YJL004C	YJL005W	135	0.00045	False
short read	YNL170W	YNL172W	131	0.000437	True
short read	YMR076C	YMR075C-A	125	0.000417	True
short read	YGL259W	YGL258W-A	119	0.000397	True
short read	YHR132W-A	YHR133C	118	0.000393	False
short read	YMR283C	YMR282C	117	0.00039	False
short read	YER154W	YER155C	116	0.000387	False
short read	YLR172C	YLR168C	115	0.000383	False
short read	YIL121W	YIL120W	110	0.000367	False
short read	YOR228C	YOR227W	107	0.000357	False
short read	YGL005C	YGL006W	105	0.00035	False
short read	YNR015W	YNR016C	103	0.000343	False
short read	YMR304C-A	YMR304W	101	0.000337	False
short read	YLR030W	YLR031W	101	0.000337	True
short read	YOL073C	YOL075C	100	0.000333	False
short read	YDR441C	YDR442W	98	0.000327	False
short read	YPR080W	YPR081C	92	0.000307	False
short read	YJL041W	YJL039C	89	0.000297	False
short read	YNL042W	YNL041C	87	0.00029	False
short read	YEL019C	YEL020C	87	0.00029	True
short read	YLR166C	YLR165C	87	0.00029	False
short read	YFL048C	YFL047W	85	0.000283	False
short read	YBR204C	YBR203W	82	0.000273	False
short read	YOR239W	YOR241W	82	0.000273	False
short read	YMR117C	YMR116C	81	0.00027	False
short read	YPL120W	YPL119C	80	0.000267	False
short read	YHR032W-A	YHR033W	79	0.000263	True
short read	YMR075W	YMR076C	79	0.000263	False
short read	YBL036C	YBL037W	78	0.00026	False
short read	YER052C	YER051W	77	0.000257	False
short read	YNL011C	YNL012W	76	0.000253	False
short read	YGL063W	YGL064C	73	0.000243	False
short read	YNL172W	YNL170W	70	0.000233	True
short read	YFR044C	YFR043C	68	0.000227	False
short read	YJR139C	YJR140W-A	68	0.000227	False
short read	YHR034C	YHR033W	68	0.000227	False
short read	YFL004W	YFL003C	65	0.000217	False
short read	YMR063W	YMR064W	64	0.000213	True
short read	YDL221W	YDL222C	63	0.00021	False
short read	YIL100C-A	YIL101C	63	0.00021	True
short read	YPR145C-A	YPR146C	61	0.000203	True
short read	YER130C	YER129W	61	0.000203	False
short read	YCR006C	YCR005C	61	0.000203	True
short read	YDR286C	YDR285W	60	0.0002	False
short read	YGL198W	YGL197W	59	0.000197	False
short read	YFL029C	YFL030W	59	0.000197	False
short read	YPR190C	YPR189W	58	0.000193	False
short read	YER175W-A	YER174C	58	0.000193	False
short read	YDR494W	YDR495C	58	0.000193	False
short read	YDR410C	YDR409W	57	0.00019	False
short read	YKL036C	YKL038W	56	0.000187	False
short read	YDL217C	YDL218W	56	0.000187	False
short read	YAL031C	YAL032C	55	0.000183	False
short read	YOR308C	YOR307C	55	0.000183	True
short read	YOR008W-B	YOR009W	53	0.000177	True
short read	YCR083W	YCR084C	53	0.000177	False
short read	YGL019W	YGL020C	52	0.000173	False
short read	YJR053W	YJR054W	51	0.00017	True
short read	YOR295W	YOR296W	50	0.000167	True
short read	YOL117W	YOL116W	48	0.00016	True
short read	YKR030W	YKR031C	46	0.000153	False
short read	YDL248W	YDL247W-A	46	0.000153	False
short read	YKR027W	YKR028W	44	0.000147	False
short read	YJL051W	YJL050W	44	0.000147	True
short read	YEL026W	YEL025C	43	0.000143	False
short read	YJR088C	YJR089W	43	0.000143	False
short read	YJR139C	YJR140C	43	0.000143	True
short read	YBR141C	YBR140C	43	0.000143	True
short read	YKR103W	YKR104W	42	0.00014	True
short read	YLR409C	YLR408C	40	0.000133	False
short read	YMR168C	YMR167W	40	0.000133	False
short read	YNR069C	YNR068C	40	0.000133	True
short read	YMR078C	YMR077C	40	0.000133	False
short read	YOR065W	YOR064C	39	0.00013	False
short read	YHR212W-A	YHR212C	39	0.00013	False
short read	YGL006W-A	YGL006W	37	0.000123	True
short read	YDR358W	YDR359C	37	0.000123	False
short read	YLR093C	YLR092W	37	0.000123	False
short read	YJL014W	YJL013C	37	0.000123	False
short read	YKL051W	YKL052C	36	0.00012	False
short read	YOR072W	YOR071C	36	0.00012	False
short read	YNR030W	YNR031C	36	0.00012	False
short read	YMR251W-A	YMR253C	35	0.000117	False
short read	YKR043C	YKR044W	34	0.000113	False
short read	YPR094W	YPR095C	34	0.000113	False
short read	YDR368W	YDR369C	34	0.000113	False
short read	YML127W	YML126C	33	0.00011	False
short read	YLR431C	YLR430W	32	0.000107	False
short read	YOR209C	YOR208W	32	0.000107	False
short read	YDL225W	YDL224C	31	0.000103	False
short read	YDR514C	YDR512C	31	0.000103	False
short read	YIL098C	YIL099W	29	9.7e-05	False
short read	YBR244W	YBR245C	28	9.3e-05	False
short read	YDR104C	YDR103W	28	9.3e-05	False
short read	YBR227C	YBR228W	28	9.3e-05	False
short read	YMR148W	YMR149W	28	9.3e-05	True
short read	YKL106W	YKL105C	27	9e-05	False
short read	YDR496C	YDR495C	27	9e-05	False
short read	YOR170W	YOR169C	26	8.7e-05	False
short read	YLR231C	YLR233C	26	8.7e-05	False
short read	YLL014W	YLL013C	25	8.3e-05	False
short read	YIL014W	YIL013C	25	8.3e-05	False
short read	YBL100W-C	YBL101C	24	8e-05	False
short read	YER185W	YER184C	24	8e-05	False
short read	YDL035C	YDL036C	22	7.3e-05	False
short read	YOL008W	YOL009C	21	7e-05	False
short read	YBR019C	YBR020W	18	6e-05	False
short read	YLR262C-A	YLR263W	18	6e-05	False
short read	YML050W	YML049C	18	6e-05	False
short read	YDR320C	YDR319C	17	5.7e-05	False
short read	YHR159W	YHR158C	17	5.7e-05	False
short read	YMR034C	YMR035W	17	5.7e-05	False
short read	YHR173C	YHR172W	17	5.7e-05	False
short read	YMR123W	YMR124W	16	5.3e-05	False
short read	YKL122C	YKL124W	16	5.3e-05	False
short read	YGL151W	YGL150C	15	5e-05	False
short read	YNL204C	YNL203C	15	5e-05	True
short read	YNR057C	YNR058W	14	4.7e-05	False
short read	YER048C	YER047C	14	4.7e-05	False
short read	YMR013W-A	YMR014W	14	4.7e-05	False
short read	YKL169C	YKL171W	13	4.3e-05	False
short read	YER119C-A	YER119C	13	4.3e-05	True
short read	YOR327C	YOR326W	12	4e-05	False
short read	YBR185C	YBR184W	12	4e-05	False
short read	YER174C	YER173W	12	4e-05	False
short read	YPL263C	YPL264C	12	4e-05	False
short read	YNL204C	YNL202W	12	4e-05	False
short read	YPL143W	YPL141C	11	3.7e-05	False
short read	YLR162W	YLR162W-A	11	3.7e-05	True
short read	YBR271W	YBR270C	11	3.7e-05	False
short read	YDL232W	YDL231C	11	3.7e-05	False
short read	YLR090W	YLR091W	11	3.7e-05	False
short read	YDL086W	YDL087C	10	3.3e-05	False
short read	YNL169C	YNL172W	10	3.3e-05	False
short read	YNL248C	YNL249C	10	3.3e-05	False
short read	YER032W	YER033C	10	3.3e-05	False
short read	YHR036W	YHR035W	9	3e-05	True
short read	YHR156C	YHR155W	9	3e-05	False
