position	mean_coverage	sem_coverage	n_transcripts
-1000	45.233390	4.517897	4696
-999	44.662905	4.369379	4696
-998	44.938032	4.411486	4696
-997	45.239140	4.477050	4696
-996	45.313458	4.491015	4696
-995	45.488288	4.541027	4696
-994	45.751704	4.581415	4696
-993	45.575170	4.514142	4696
-992	45.768101	4.597677	4696
-991	45.808135	4.614353	4696
-990	45.907368	4.604451	4696
-989	46.015758	4.612543	4696
-988	46.114779	4.627647	4696
-987	46.179302	4.615106	4696
-986	46.087095	4.587849	4696
-985	46.122871	4.517647	4696
-984	46.349659	4.612340	4696
-983	46.235520	4.583919	4696
-982	46.470187	4.619081	4696
-981	46.666099	4.657588	4696
-980	46.343271	4.604236	4696
-979	46.679940	4.587653	4696
-978	46.630111	4.629101	4696
-977	46.743186	4.629458	4696
-976	46.374574	4.437297	4696
-975	46.710818	4.572982	4696
-974	46.380750	4.495850	4696
-973	46.494676	4.451692	4696
-972	47.093910	4.636797	4696
-971	47.122871	4.633307	4696
-970	47.563458	4.684675	4696
-969	47.402683	4.649374	4696
-968	47.503194	4.626720	4696
-967	46.997445	4.395969	4696
-966	47.659284	4.574025	4696
-965	47.913543	4.653894	4696
-964	47.642675	4.525794	4696
-963	47.863714	4.549871	4696
-962	47.891823	4.572580	4696
-961	48.998296	4.629917	4696
-960	49.530451	4.750934	4696
-959	48.261286	4.483511	4696
-958	49.762564	4.805430	4696
-957	49.815162	4.802272	4696
-956	49.716780	4.744760	4696
-955	49.974872	4.770510	4696
-954	49.833049	4.783154	4696
-953	50.090290	4.816091	4696
-952	50.208049	4.814159	4696
-951	50.501491	4.872016	4696
-950	50.200170	4.803806	4696
-949	50.906090	4.939587	4696
-948	50.700170	4.935325	4696
-947	50.764267	4.942077	4696
-946	50.887351	4.841410	4696
-945	51.052385	4.913575	4696
-944	50.901618	4.892838	4696
-943	51.500639	4.943520	4696
-942	51.285562	4.864120	4696
-941	51.623083	4.939505	4696
-940	51.873509	4.805752	4696
-939	52.147359	4.929405	4696
-938	52.018526	4.924102	4696
-937	52.708262	5.028687	4696
-936	52.560477	5.042137	4696
-935	52.487223	4.973452	4696
-934	52.948680	5.018096	4696
-933	52.888842	4.984415	4696
-932	53.129259	5.026194	4696
-931	53.443356	5.047004	4696
-930	53.261073	4.998798	4696
-929	53.503833	5.033290	4696
-928	53.192930	4.917080	4696
-927	53.430366	4.977822	4696
-926	53.505324	4.968620	4696
-925	53.892462	5.003996	4696
-924	53.546635	4.993533	4696
-923	53.526405	4.931208	4696
-922	52.538969	4.753966	4696
-921	53.416099	4.928761	4696
-920	53.811755	4.974484	4696
-919	54.188032	5.065842	4696
-918	54.004685	5.018300	4696
-917	54.005111	4.987142	4696
-916	54.813671	5.049345	4696
-915	54.595400	5.033448	4696
-914	53.791525	4.816080	4696
-913	55.001065	5.143944	4696
-912	54.773850	5.118476	4696
-911	54.998722	5.124778	4696
-910	54.979344	5.096026	4696
-909	55.154174	5.140964	4696
-908	55.169719	5.160401	4696
-907	55.253407	5.155355	4696
-906	54.941865	5.103121	4696
-905	55.023211	5.062522	4696
-904	55.378407	5.100907	4696
-903	55.789395	5.160788	4696
-902	55.551959	5.100012	4696
-901	55.764480	5.143872	4696
-900	55.739140	5.180510	4696
-899	55.777683	5.168668	4696
-898	55.803450	5.144974	4696
-897	55.752129	5.080194	4696
-896	56.160562	5.146825	4696
-895	56.784497	5.123627	4696
-894	56.873722	5.128726	4696
-893	56.548978	5.065881	4696
-892	56.883092	5.076210	4696
-891	57.519378	5.250134	4696
-890	57.083049	5.192066	4696
-889	57.399063	5.210645	4696
-888	57.772147	5.266499	4696
-887	57.842419	5.313985	4696
-886	57.705707	5.267425	4696
-885	57.626917	5.286635	4696
-884	57.427385	5.222252	4696
-883	57.849446	5.229190	4696
-882	57.839864	5.233950	4696
-881	58.173765	5.319396	4696
-880	58.542802	5.314959	4696
-879	57.884583	5.151073	4696
-878	58.372019	5.250409	4696
-877	58.988501	5.339393	4696
-876	58.295997	5.269411	4696
-875	58.160562	5.144454	4696
-874	58.762138	5.190009	4696
-873	58.897147	5.194578	4696
-872	58.831133	5.169228	4696
-871	59.461244	5.326110	4696
-870	59.026193	5.161688	4696
-869	59.182283	5.254016	4696
-868	59.883518	5.391990	4696
-867	58.992760	5.056947	4696
-866	59.045358	5.213702	4696
-865	60.079003	5.322391	4696
-864	60.006814	5.325017	4696
-863	60.136286	5.334048	4696
-862	60.590928	5.373046	4696
-861	60.730622	5.450967	4696
-860	60.927811	5.481368	4696
-859	60.800043	5.465598	4696
-858	60.371380	5.465027	4696
-857	60.022147	5.363374	4696
-856	59.606474	5.195294	4696
-855	60.147998	5.193701	4696
-854	60.720400	5.307566	4696
-853	61.674830	5.475181	4696
-852	61.902470	5.500490	4696
-851	61.283220	5.280106	4696
-850	61.577300	5.349537	4696
-849	60.244889	4.895748	4696
-848	61.601363	5.350733	4696
-847	62.456559	5.487470	4696
-846	62.073893	5.479150	4696
-845	62.240417	5.516358	4696
-844	62.729770	5.570468	4696
-843	62.628833	5.539677	4696
-842	62.585179	5.484021	4696
-841	62.895443	5.555712	4696
-840	62.687394	5.497855	4696
-839	62.637564	5.535750	4696
-838	63.151193	5.533435	4696
-837	62.932496	5.550600	4696
-836	63.119889	5.514861	4696
-835	63.352853	5.554630	4696
-834	63.279813	5.611340	4696
-833	63.284072	5.586469	4696
-832	63.594549	5.532494	4696
-831	63.757879	5.576673	4696
-830	63.619463	5.501915	4696
-829	64.148424	5.637501	4696
-828	64.353492	5.679783	4696
-827	64.001065	5.551283	4696
-826	64.510009	5.627075	4696
-825	64.640545	5.688376	4696
-824	64.590928	5.616192	4696
-823	65.459540	5.719640	4696
-822	65.137351	5.656156	4696
-821	65.202726	5.678002	4696
-820	64.849233	5.531264	4696
-819	65.212095	5.694731	4696
-818	65.106261	5.678926	4696
-817	65.425256	5.641356	4696
-816	65.816865	5.708212	4696
-815	65.401193	5.575731	4696
-814	65.869889	5.687350	4696
-813	65.772147	5.655730	4696
-812	65.944208	5.718485	4696
-811	66.160136	5.766658	4696
-810	66.189736	5.756342	4696
-809	66.162266	5.695413	4696
-808	65.414395	5.430266	4696
-807	65.008731	5.292949	4696
-806	64.656729	5.253757	4696
-805	64.515545	5.052956	4696
-804	65.775341	5.388593	4696
-803	66.364991	5.562015	4696
-802	66.292376	5.553495	4696
-801	66.790886	5.641127	4696
-800	65.848169	5.345765	4696
-799	67.170145	5.587656	4696
-798	67.796422	5.772268	4696
-797	67.935264	5.841696	4696
-796	67.948680	5.796700	4696
-795	67.343058	5.675316	4696
-794	67.179514	5.615170	4696
-793	67.040460	5.567757	4696
-792	67.577300	5.751407	4696
-791	67.932070	5.817442	4696
-790	68.424404	5.908111	4696
-789	68.453790	5.899568	4696
-788	68.748935	5.932499	4696
-787	70.213799	5.979176	4696
-786	70.257453	5.973306	4696
-785	70.180579	5.950443	4696
-784	69.976363	5.908530	4696
-783	69.834327	5.872451	4696
-782	69.908859	5.884422	4696
-781	69.600511	5.731187	4696
-780	69.766610	5.754441	4696
-779	69.830494	5.845421	4696
-778	69.582198	5.668333	4696
-777	69.854770	5.777660	4696
-776	70.041099	5.827938	4696
-775	70.303876	5.877158	4696
-774	70.573680	5.885821	4696
-773	70.763629	5.928188	4696
-772	70.627768	5.818534	4696
-771	71.179940	5.895118	4696
-770	71.164608	5.854593	4696
-769	74.962947	6.351956	4696
-768	74.969549	6.292899	4696
-767	75.081133	6.340933	4696
-766	78.036414	6.522035	4696
-765	77.392462	6.414145	4696
-764	77.778322	6.444726	4696
-763	77.505324	6.348035	4696
-762	77.563458	6.373567	4696
-761	77.804302	6.430313	4696
-760	78.645230	6.507060	4696
-759	78.946763	6.560003	4696
-758	78.673126	6.464269	4696
-757	78.399915	6.384161	4696
-756	78.474233	6.385365	4696
-755	78.637138	6.369872	4696
-754	79.915247	6.603092	4696
-753	79.606261	6.495960	4696
-752	80.033859	6.595939	4696
-751	79.593484	6.530474	4696
-750	80.413330	6.629612	4696
-749	79.794932	6.530867	4696
-748	81.366269	6.707160	4696
-747	81.174404	6.623761	4696
-746	81.143739	6.572825	4696
-745	82.870741	6.796542	4696
-744	82.417802	6.760181	4696
-743	82.372019	6.679573	4696
-742	82.246380	6.535373	4696
-741	81.707836	6.526248	4696
-740	81.741482	6.507740	4696
-739	82.778109	6.609637	4696
-738	83.223807	6.850056	4696
-737	83.169080	6.826089	4696
-736	84.150767	6.856794	4696
-735	84.727853	6.922279	4696
-734	85.132027	6.983099	4696
-733	85.071124	6.892218	4696
-732	85.356261	6.945960	4696
-731	84.819847	6.838736	4696
-730	85.848382	6.951898	4696
-729	85.903961	7.030608	4696
-728	85.354344	6.894284	4696
-727	86.397147	7.052960	4696
-726	85.947402	6.947998	4696
-725	85.570273	6.902734	4696
-724	88.492973	7.301883	4696
-723	88.845613	7.332312	4696
-722	88.407155	7.228234	4696
-721	88.389267	7.207316	4696
-720	88.156303	7.211672	4696
-719	88.487010	7.261577	4696
-718	89.428663	7.352452	4696
-717	89.067078	7.232757	4696
-716	88.858816	7.276294	4696
-715	89.059412	7.230788	4696
-714	88.927598	7.249900	4696
-713	88.884583	7.258146	4696
-712	91.457198	7.385108	4696
-711	90.127768	7.056082	4696
-710	90.294080	7.061260	4696
-709	91.566227	7.265182	4696
-708	92.258731	7.423971	4696
-707	91.605409	7.277992	4696
-706	92.747445	7.478368	4696
-705	92.938245	7.538657	4696
-704	89.978705	6.854696	4696
-703	91.947615	7.129918	4696
-702	92.888416	7.420513	4696
-701	93.241695	7.501083	4696
-700	93.102428	7.478162	4696
-699	93.677598	7.545503	4696
-698	92.936329	7.433939	4696
-697	94.269591	7.608327	4696
-696	94.291099	7.616311	4696
-695	94.490630	7.621436	4696
-694	94.819208	7.631957	4696
-693	94.598595	7.581394	4696
-692	94.027470	7.549751	4696
-691	94.230409	7.529446	4696
-690	94.639906	7.551414	4696
-689	94.784072	7.555908	4696
-688	95.032368	7.628182	4696
-687	94.295784	7.531613	4696
-686	95.444634	7.644877	4696
-685	95.761925	7.661388	4696
-684	96.124361	7.721586	4696
-683	95.838160	7.707124	4696
-682	96.350724	7.670322	4696
-681	96.098169	7.625131	4696
-680	96.330707	7.624079	4696
-679	97.971039	7.789416	4696
-678	97.452726	7.714433	4696
-677	97.598169	7.702212	4696
-676	98.323680	7.732308	4696
-675	97.642888	7.601457	4696
-674	96.653961	7.393061	4696
-673	98.377342	7.750513	4696
-672	97.878620	7.680872	4696
-671	98.678876	7.768017	4696
-670	99.639693	7.884020	4696
-669	98.998509	7.725544	4696
-668	99.390758	7.819947	4696
-667	101.842845	8.087465	4696
-666	101.762990	8.109515	4696
-665	101.722530	7.996511	4696
-664	101.909497	7.981431	4696
-663	102.548765	8.089555	4696
-662	102.303237	8.017829	4696
-661	103.332411	8.101892	4696
-660	103.536840	8.167886	4696
-659	102.614140	8.022913	4696
-658	103.029174	8.150301	4696
-657	102.765758	7.931280	4696
-656	103.333901	8.103682	4696
-655	104.856261	8.060586	4696
-654	103.947189	7.908267	4696
-653	104.674404	8.032810	4696
-652	105.887351	8.216724	4696
-651	106.389906	8.314300	4696
-650	105.887990	8.257299	4696
-649	106.897147	8.297093	4696
-648	106.637990	8.347824	4696
-647	106.717206	8.326036	4696
-646	106.798552	8.205058	4696
-645	107.237862	8.289982	4696
-644	107.832411	8.332312	4696
-643	108.578365	8.331393	4696
-642	108.502768	8.362372	4696
-641	108.561968	8.393186	4696
-640	109.244250	8.465305	4696
-639	109.372445	8.519844	4696
-638	109.015971	8.454299	4696
-637	109.179514	8.485163	4696
-636	109.581559	8.454630	4696
-635	109.364991	8.392015	4696
-634	110.220400	8.425565	4696
-633	109.091567	8.275677	4696
-632	108.941440	8.222048	4696
-631	109.184625	8.177892	4696
-630	110.816227	8.397083	4696
-629	110.205494	8.250716	4696
-628	110.893526	8.329315	4696
-627	110.264055	8.279135	4696
-626	110.807709	8.400915	4696
-625	110.920997	8.422576	4696
-624	112.047061	8.652878	4696
-623	110.277896	8.225339	4696
-622	112.922700	8.660350	4696
-621	113.664608	8.708384	4696
-620	113.245315	8.632192	4696
-619	113.502555	8.585663	4696
-618	113.632666	8.627307	4696
-617	113.647785	8.549729	4696
-616	114.425256	8.500004	4696
-615	114.721891	8.568402	4696
-614	115.661201	8.768552	4696
-613	116.317504	8.789342	4696
-612	116.409497	8.815237	4696
-611	116.544932	8.743933	4696
-610	116.967632	8.776306	4696
-609	116.524276	8.683163	4696
-608	116.634370	8.698765	4696
-607	117.441014	8.819780	4696
-606	117.624361	8.946712	4696
-605	116.270443	8.679104	4696
-604	120.549404	9.085897	4696
-603	121.000000	9.105638	4696
-602	120.798978	9.074414	4696
-601	122.754046	9.213166	4696
-600	122.489779	9.182313	4696
-599	121.038330	8.936840	4696
-598	123.321976	9.126336	4696
-597	121.927385	8.950849	4696
-596	124.005324	9.244978	4696
-595	124.152257	9.249661	4696
-594	123.173978	9.152791	4696
-593	122.138842	8.739869	4696
-592	123.843697	8.949019	4696
-591	125.751065	9.357536	4696
-590	125.156303	9.289297	4696
-589	126.386286	9.326305	4696
-588	126.433986	9.411069	4696
-587	126.659072	9.391261	4696
-586	126.372019	9.282243	4696
-585	125.630111	9.209106	4696
-584	125.284710	9.092487	4696
-583	126.445273	9.176043	4696
-582	126.081559	9.187311	4696
-581	126.498509	9.163336	4696
-580	126.919293	9.319384	4696
-579	127.278961	9.314314	4696
-578	126.916738	9.229748	4696
-577	129.861584	9.452140	4696
-576	131.290034	9.676585	4696
-575	131.765545	9.775581	4696
-574	133.722317	9.904252	4696
-573	134.200596	9.907526	4696
-572	133.647147	9.849406	4696
-571	135.320911	9.880682	4696
-570	135.416525	9.929045	4696
-569	135.228279	9.895208	4696
-568	136.379259	9.985828	4696
-567	135.813671	9.918518	4696
-566	134.623083	9.658831	4696
-565	136.496806	9.896809	4696
-564	135.866482	9.771645	4696
-563	136.245102	9.764804	4696
-562	138.390332	9.981814	4696
-561	138.255111	10.023701	4696
-560	138.525980	10.063399	4696
-559	138.296635	9.975602	4696
-558	138.530664	9.989079	4696
-557	136.716567	9.576345	4696
-556	139.029387	9.819897	4696
-555	139.599872	9.941692	4696
-554	139.456559	9.875535	4696
-553	139.931005	9.946594	4696
-552	139.806431	9.956601	4696
-551	141.260221	10.137040	4696
-550	141.708262	10.220190	4696
-549	140.930153	9.990557	4696
-548	139.013842	9.791338	4696
-547	141.844761	9.946115	4696
-546	142.834114	10.188761	4696
-545	143.053450	10.188122	4696
-544	143.580920	10.173114	4696
-543	141.327300	9.782980	4696
-542	143.576661	10.238724	4696
-541	144.160136	10.222409	4696
-540	144.647359	10.325315	4696
-539	144.453152	10.306804	4696
-538	145.751491	10.292695	4696
-537	145.834114	10.363347	4696
-536	144.663756	10.229937	4696
-535	146.034284	10.319972	4696
-534	146.219761	10.352144	4696
-533	145.080920	10.167938	4696
-532	145.923552	10.188756	4696
-531	146.063458	10.140426	4696
-530	146.070273	10.110804	4696
-529	145.386286	10.034936	4696
-528	147.639480	10.339299	4696
-527	148.657794	10.493049	4696
-526	150.813671	10.498904	4696
-525	151.450170	10.557096	4696
-524	152.209753	10.604336	4696
-523	152.864353	10.694331	4696
-522	152.476789	10.615878	4696
-521	152.006601	10.576726	4696
-520	155.343058	10.842288	4696
-519	156.003833	10.920393	4696
-518	156.229131	10.910570	4696
-517	155.866695	10.842612	4696
-516	157.264693	11.016986	4696
-515	155.202300	10.679163	4696
-514	157.043015	10.977538	4696
-513	156.852641	11.004054	4696
-512	156.582624	10.949247	4696
-511	157.272147	10.945915	4696
-510	156.923765	10.910749	4696
-509	157.053024	10.936735	4696
-508	158.701235	11.035335	4696
-507	158.181218	10.968361	4696
-506	158.375426	10.989142	4696
-505	161.066440	11.170952	4696
-504	162.131601	11.440917	4696
-503	162.763203	11.618020	4696
-502	162.743399	11.541804	4696
-501	163.089651	11.627985	4696
-500	162.887990	11.547021	4696
-499	164.407155	11.579898	4696
-498	165.749148	11.676393	4696
-497	164.322189	11.430882	4696
-496	163.878407	11.292690	4696
-495	166.448254	11.690541	4696
-494	166.360520	11.696666	4696
-493	166.026405	11.627987	4696
-492	167.198254	11.850647	4696
-491	168.091354	11.909849	4696
-490	168.475511	11.886544	4696
-489	168.733390	11.917479	4696
-488	167.469549	11.823054	4696
-487	169.209540	11.861068	4696
-486	168.625000	11.807244	4696
-485	167.204429	11.557672	4696
-484	170.550043	11.746787	4696
-483	169.471039	11.517920	4696
-482	171.001917	11.829569	4696
-481	171.819208	11.880333	4696
-480	172.933348	12.027732	4696
-479	172.940588	12.024879	4696
-478	173.814949	12.074533	4696
-477	173.704003	12.082439	4696
-476	173.571550	12.073304	4696
-475	174.590716	12.064201	4696
-474	174.885434	12.134438	4696
-473	172.329429	11.716157	4696
-472	174.226789	11.821910	4696
-471	176.096039	12.086747	4696
-470	175.783433	12.021711	4696
-469	176.720826	11.934547	4696
-468	176.215290	11.912721	4696
-467	178.216780	12.144805	4696
-466	179.737862	12.229840	4696
-465	180.250213	12.283809	4696
-464	178.301320	12.045793	4696
-463	180.455281	12.114969	4696
-462	181.154387	12.238291	4696
-461	182.054940	12.356448	4696
-460	188.153535	13.442551	4696
-459	188.046422	13.419831	4696
-458	187.070273	13.337790	4696
-457	189.958475	13.520993	4696
-456	189.548552	13.481611	4696
-455	189.322402	13.447205	4696
-454	189.844123	13.370725	4696
-453	188.613927	12.755851	4696
-452	190.349446	13.339476	4696
-451	195.225085	14.030418	4696
-450	194.397147	13.892460	4696
-449	194.924404	13.933110	4696
-448	196.158007	14.064210	4696
-447	196.449106	13.965239	4696
-446	196.187181	13.992422	4696
-445	197.287479	14.117765	4696
-444	197.801746	14.171731	4696
-443	196.789821	14.017235	4696
-442	198.721039	13.979481	4696
-441	201.126491	14.228726	4696
-440	200.837308	14.124988	4696
-439	203.012351	14.201882	4696
-438	205.824106	14.456082	4696
-437	204.984455	14.197915	4696
-436	207.878833	14.665191	4696
-435	206.850085	14.557223	4696
-434	207.601363	14.565291	4696
-433	213.900128	15.031725	4696
-432	215.041951	15.218219	4696
-431	213.659284	14.988241	4696
-430	217.715077	15.350259	4696
-429	219.458901	15.406423	4696
-428	219.145656	15.378948	4696
-427	220.364140	15.500149	4696
-426	220.750000	15.467927	4696
-425	219.101576	15.028566	4696
-424	220.313671	15.242391	4696
-423	221.230196	15.410689	4696
-422	221.822828	15.471149	4696
-421	223.271721	15.611628	4696
-420	221.164608	15.279097	4696
-419	220.814736	15.461223	4696
-418	224.442930	15.644704	4696
-417	224.837308	15.637102	4696
-416	224.871806	15.619468	4696
-415	228.895869	15.832079	4696
-414	229.634370	15.922319	4696
-413	229.485733	15.911052	4696
-412	235.514055	16.084664	4696
-411	236.452726	16.195121	4696
-410	237.589438	16.289433	4696
-409	241.229344	16.522399	4696
-408	240.519378	16.452243	4696
-407	239.743399	16.414855	4696
-406	241.797913	16.472110	4696
-405	241.621806	16.408237	4696
-404	241.480409	16.332999	4696
-403	245.047913	16.755217	4696
-402	243.114140	16.259007	4696
-401	243.624574	16.541810	4696
-400	247.692504	16.890948	4696
-399	248.433348	16.961962	4696
-398	246.870102	16.900380	4696
-397	247.751278	16.765584	4696
-396	249.037053	16.884218	4696
-395	250.053450	16.998172	4696
-394	254.604131	17.177805	4696
-393	253.662905	17.067719	4696
-392	254.813245	17.224159	4696
-391	254.815375	16.957953	4696
-390	255.677172	17.124290	4696
-389	255.786627	17.029615	4696
-388	260.128407	17.371461	4696
-387	260.935903	17.489445	4696
-386	260.224233	17.384165	4696
-385	265.022359	17.712867	4696
-384	266.090503	17.927496	4696
-383	264.065375	17.667301	4696
-382	268.300468	17.906452	4696
-381	266.332624	17.499458	4696
-380	265.417376	17.503198	4696
-379	268.255750	17.766030	4696
-378	269.581985	17.973769	4696
-377	268.916951	17.821672	4696
-376	270.764693	17.979686	4696
-375	270.077300	17.887502	4696
-374	270.300468	17.994633	4696
-373	273.074957	18.129483	4696
-372	274.087308	18.341385	4696
-371	273.406090	18.114874	4696
-370	274.953152	18.313488	4696
-369	274.772998	18.243801	4696
-368	273.232325	18.020445	4696
-367	281.066652	18.662322	4696
-366	279.642675	18.616671	4696
-365	281.720400	18.741966	4696
-364	283.945486	18.805137	4696
-363	284.923765	18.855909	4696
-362	285.269591	18.844953	4696
-361	288.106048	18.957162	4696
-360	287.319634	18.885960	4696
-359	286.633305	18.882048	4696
-358	283.696124	18.375355	4696
-357	286.537479	18.674420	4696
-356	285.862010	18.455121	4696
-355	287.750426	18.762345	4696
-354	288.693782	18.765448	4696
-353	288.187606	18.669731	4696
-352	288.496593	18.596569	4696
-351	290.447828	18.799902	4696
-350	290.199319	18.750715	4696
-349	290.558135	18.944762	4696
-348	292.186542	18.929748	4696
-347	291.206772	18.825555	4696
-346	294.671848	19.170284	4696
-345	295.487010	19.285410	4696
-344	294.820273	19.139542	4696
-343	299.523211	19.396444	4696
-342	299.782368	19.382235	4696
-341	297.579003	18.987844	4696
-340	300.301320	19.368460	4696
-339	299.919719	19.324208	4696
-338	297.656942	19.244971	4696
-337	301.120741	19.485152	4696
-336	301.127768	19.405613	4696
-335	302.053237	19.434400	4696
-334	302.945911	19.264727	4696
-333	303.155239	19.320710	4696
-332	301.607538	19.144558	4696
-331	303.801320	19.360365	4696
-330	302.704855	19.069237	4696
-329	298.954216	18.518406	4696
-328	305.818356	19.183987	4696
-327	306.858177	19.397333	4696
-326	308.646295	19.592936	4696
-325	313.747445	19.826466	4696
-324	314.270656	19.843637	4696
-323	314.692930	19.831866	4696
-322	321.635221	20.102540	4696
-321	322.444634	20.133193	4696
-320	320.563884	19.893061	4696
-319	330.808135	20.572783	4696
-318	329.143313	20.444224	4696
-317	332.237223	20.868072	4696
-316	334.955920	20.955024	4696
-315	334.905239	20.867912	4696
-314	334.271508	20.813781	4696
-313	336.146082	20.756496	4696
-312	336.198041	20.842559	4696
-311	335.296848	20.589051	4696
-310	336.560051	20.781365	4696
-309	336.190801	20.739791	4696
-308	339.977853	21.085396	4696
-307	341.974446	21.194370	4696
-306	339.917589	21.058043	4696
-305	339.740843	21.024359	4696
-304	342.313458	21.157601	4696
-303	342.527470	21.067306	4696
-302	343.882027	21.230371	4696
-301	345.088586	21.239848	4696
-300	341.771721	20.837088	4696
-299	343.955920	21.092491	4696
-298	340.792164	20.588299	4696
-297	345.987223	21.241153	4696
-296	345.860733	21.053126	4696
-295	347.059838	21.208560	4696
-294	347.870528	21.317670	4696
-293	347.899276	21.379019	4696
-292	347.331985	21.248453	4696
-291	347.300256	21.119306	4696
-290	345.218271	20.940954	4696
-289	348.012564	21.044652	4696
-288	346.604131	21.027911	4696
-287	349.176107	21.189782	4696
-286	350.385647	21.237490	4696
-285	349.560477	21.217779	4696
-284	352.896295	21.543882	4696
-283	354.133518	21.542519	4696
-282	355.639693	21.811961	4696
-281	353.893739	21.561533	4696
-280	356.691227	21.562682	4696
-279	359.919293	21.855067	4696
-278	360.971891	21.947755	4696
-277	360.707411	21.980560	4696
-276	359.592419	21.603698	4696
-275	363.232751	22.058959	4696
-274	359.257879	21.687072	4696
-273	362.651405	21.993928	4696
-272	362.547913	21.906544	4696
-271	363.731474	21.993107	4696
-270	365.330707	22.079652	4696
-269	365.413543	22.107031	4696
-268	370.030239	22.261768	4696
-267	370.031516	22.164456	4696
-266	371.162479	22.411192	4696
-265	375.568143	22.575821	4696
-264	373.646082	22.251045	4696
-263	374.163118	22.213676	4696
-262	377.007240	22.404485	4696
-261	376.213799	22.405735	4696
-260	374.399489	22.153164	4696
-259	375.049830	22.141463	4696
-258	373.683560	21.839720	4696
-257	373.428237	21.871525	4696
-256	378.588160	22.265858	4696
-255	378.466993	22.271394	4696
-254	376.592419	22.152091	4696
-253	384.253620	22.785539	4696
-252	383.102641	22.650377	4696
-251	382.922274	22.448467	4696
-250	386.451235	22.793995	4696
-249	386.266610	22.831600	4696
-248	386.872445	22.638015	4696
-247	389.599446	22.995261	4696
-246	387.024702	22.787294	4696
-245	388.897785	23.002548	4696
-244	393.390119	23.304954	4696
-243	390.767036	23.269109	4696
-242	389.319634	22.959716	4696
-241	393.455494	23.213266	4696
-240	393.808986	23.364685	4696
-239	394.409072	23.405053	4696
-238	398.174617	23.556542	4696
-237	399.972104	23.711493	4696
-236	399.823893	23.565199	4696
-235	402.414608	23.772907	4696
-234	402.827939	23.831464	4696
-233	404.707198	23.901359	4696
-232	406.355196	24.044463	4696
-231	406.512564	24.066721	4696
-230	406.276193	23.952539	4696
-229	404.723807	23.779561	4696
-228	404.059199	23.813856	4696
-227	404.518313	23.761642	4696
-226	406.811116	23.955595	4696
-225	407.146508	23.874493	4696
-224	403.251704	23.565056	4696
-223	409.079855	24.046553	4696
-222	409.613927	24.081618	4696
-221	411.065588	24.091782	4696
-220	412.023211	24.243331	4696
-219	414.756388	24.393881	4696
-218	415.089438	24.422567	4696
-217	415.126704	24.410063	4696
-216	415.561329	24.449859	4696
-215	416.587095	24.541418	4696
-214	414.761073	24.360757	4696
-213	414.516184	24.286772	4696
-212	412.345613	23.978499	4696
-211	415.132666	24.187455	4696
-210	417.604131	24.341719	4696
-209	419.098595	24.398850	4696
-208	419.863075	24.516709	4696
-207	418.210179	24.350969	4696
-206	413.624787	23.892319	4696
-205	419.173339	24.152075	4696
-204	419.048978	23.950736	4696
-203	419.398211	24.140399	4696
-202	425.890119	24.665677	4696
-201	426.011925	24.400611	4696
-200	429.104770	25.078454	4696
-199	429.299617	24.987421	4696
-198	429.143952	24.870855	4696
-197	429.299617	24.740813	4696
-196	433.081772	25.044350	4696
-195	431.021082	24.848265	4696
-194	429.243825	24.818679	4696
-193	432.111371	25.041185	4696
-192	434.364779	25.295243	4696
-191	433.286840	25.108500	4696
-190	433.443782	24.844366	4696
-189	436.917802	25.372699	4696
-188	433.215716	25.021174	4696
-187	437.971678	25.302568	4696
-186	440.103279	25.525407	4696
-185	437.810264	25.329323	4696
-184	439.164608	25.250727	4696
-183	435.607538	24.836002	4696
-182	439.484029	25.445358	4696
-181	441.314736	25.570449	4696
-180	440.525341	25.483227	4696
-179	441.059625	25.568756	4696
-178	443.196337	25.632294	4696
-177	439.781729	25.337040	4696
-176	440.786840	25.267741	4696
-175	442.674830	25.313553	4696
-174	441.585818	25.291885	4696
-173	442.097956	25.393269	4696
-172	444.194634	25.625790	4696
-171	441.554302	25.423213	4696
-170	442.010860	25.276676	4696
-169	445.262777	25.531294	4696
-168	446.089864	25.664166	4696
-167	442.375639	25.220950	4696
-166	447.315375	25.723675	4696
-165	451.057496	26.123547	4696
-164	450.917164	25.975480	4696
-163	454.414608	26.401637	4696
-162	453.711244	26.305913	4696
-161	450.554514	26.027242	4696
-160	449.382666	25.842077	4696
-159	451.397785	25.973072	4696
-158	449.907368	25.816925	4696
-157	452.991056	26.054620	4696
-156	452.634796	26.072768	4696
-155	452.969336	26.026222	4696
-154	458.137138	26.362481	4696
-153	453.856687	25.916683	4696
-152	453.116269	25.868199	4696
-151	457.206346	26.188139	4696
-150	456.847530	26.084237	4696
-149	455.764267	26.003493	4696
-148	459.496593	26.306968	4696
-147	456.603492	26.185350	4696
-146	459.436116	26.440515	4696
-145	462.425043	26.605091	4696
-144	461.001065	26.531368	4696
-143	457.366482	26.094328	4696
-142	460.602641	26.505576	4696
-141	460.015758	26.432954	4696
-140	460.363501	26.388117	4696
-139	464.145443	26.360494	4696
-138	463.567717	26.359430	4696
-137	463.797274	26.479917	4696
-136	465.051959	26.667693	4696
-135	466.913969	26.920830	4696
-134	468.974020	26.978608	4696
-133	466.865417	26.496340	4696
-132	465.900128	26.387079	4696
-131	466.161414	26.473828	4696
-130	468.716354	26.672493	4696
-129	470.360945	27.002633	4696
-128	468.712095	26.799805	4696
-127	468.928876	26.619454	4696
-126	469.011073	26.705636	4696
-125	469.401831	26.754716	4696
-124	470.431857	26.732993	4696
-123	469.661414	26.916531	4696
-122	473.235520	27.074039	4696
-121	476.241695	27.279149	4696
-120	474.616482	27.071159	4696
-119	476.096891	27.192353	4696
-118	476.236797	27.193313	4696
-117	476.422061	27.078398	4696
-116	474.157368	26.811089	4696
-115	473.694421	26.419626	4696
-114	479.474659	27.204115	4696
-113	474.205281	26.970373	4696
-112	478.409072	27.308845	4696
-111	475.989991	27.299131	4696
-110	477.954216	27.327662	4696
-109	481.189097	27.527164	4696
-108	479.209966	27.522649	4696
-107	476.457198	27.233388	4696
-106	481.598595	27.566801	4696
-105	481.579642	27.464924	4696
-104	482.218910	27.609075	4696
-103	481.824319	27.487959	4696
-102	483.448254	27.549490	4696
-101	483.375426	27.558464	4696
-100	485.924617	27.771505	4696
-99	485.838799	27.719734	4696
-98	484.505324	27.527287	4696
-97	483.068143	27.319437	4696
-96	487.274702	27.780165	4696
-95	486.441865	27.639872	4696
-94	488.541099	27.774766	4696
-93	487.779600	27.855492	4696
-92	486.259370	27.804373	4696
-91	485.704642	27.528414	4696
-90	489.707836	28.034632	4696
-89	490.167802	27.983107	4696
-88	490.183986	27.988884	4696
-87	492.327300	28.064915	4696
-86	491.515119	28.089850	4696
-85	492.597104	28.109885	4696
-84	494.233816	28.269184	4696
-83	495.393952	28.223181	4696
-82	495.454642	28.261847	4696
-81	493.870315	28.186864	4696
-80	493.067930	28.098223	4696
-79	493.964438	28.022065	4696
-78	493.852853	28.095774	4696
-77	492.518952	28.042587	4696
-76	491.912266	27.991739	4696
-75	492.648424	28.089951	4696
-74	492.897147	28.071912	4696
-73	494.968058	28.107377	4696
-72	493.441652	27.568730	4696
-71	497.189523	28.077456	4696
-70	499.990843	28.417830	4696
-69	500.221465	28.393446	4696
-68	498.367121	28.135269	4696
-67	497.716141	28.142005	4696
-66	500.363075	28.453271	4696
-65	500.095613	28.334707	4696
-64	498.645443	28.302380	4696
-63	498.575809	28.381944	4696
-62	499.412692	28.383893	4696
-61	501.238714	28.474197	4696
-60	499.156729	28.319249	4696
-59	497.426320	28.076520	4696
-58	502.284923	28.413149	4696
-57	501.734668	28.434077	4696
-56	498.721678	28.006282	4696
-55	502.114566	28.427370	4696
-54	501.285775	28.408105	4696
-53	500.488075	28.108040	4696
-52	505.553663	28.798558	4696
-51	506.420784	28.789433	4696
-50	501.103918	28.450601	4696
-49	505.780451	28.674509	4696
-48	506.325170	28.796941	4696
-47	504.889906	28.612446	4696
-46	503.399276	28.361068	4696
-45	500.692504	27.976476	4696
-44	503.205068	28.347994	4696
-43	507.699319	28.665232	4696
-42	508.785136	28.862727	4696
-41	510.578152	28.932470	4696
-40	512.424191	29.075026	4696
-39	510.440375	28.875404	4696
-38	509.579429	28.946781	4696
-37	513.318356	29.191943	4696
-36	511.234029	28.938663	4696
-35	511.492973	28.972593	4696
-34	510.478918	28.800427	4696
-33	508.905877	28.845264	4696
-32	506.703365	28.744049	4696
-31	510.799830	28.947933	4696
-30	509.653109	28.767186	4696
-29	512.468271	29.077873	4696
-28	515.834753	29.295012	4696
-27	510.958901	28.880367	4696
-26	509.821976	28.769125	4696
-25	510.332624	28.619066	4696
-24	510.540673	28.659104	4696
-23	509.832624	28.570650	4696
-22	512.512777	28.798991	4696
-21	509.566865	28.449831	4696
-20	507.935264	28.449424	4696
-19	508.199319	28.157533	4696
-18	506.350937	27.924055	4696
-17	510.895656	28.912801	4696
-16	512.158646	28.933562	4696
-15	511.738714	28.891784	4696
-14	510.950809	28.837191	4696
-13	509.494250	28.683193	4696
-12	511.160775	28.776331	4696
-11	510.155451	28.581781	4696
-10	512.846039	28.853260	4696
-9	513.780664	28.886358	4696
-8	514.910988	28.872803	4696
-7	514.723595	28.837954	4696
-6	514.467206	28.778517	4696
-5	519.828365	29.161541	4696
-4	522.735945	29.287038	4696
-3	516.720613	28.929652	4696
-2	515.271508	28.941213	4696
-1	522.255750	29.396306	4696
0	518.070273	29.336628	4696
1	512.215928	28.914410	4696
2	514.005750	29.012006	4696
3	509.007666	28.649740	4696
4	508.075596	28.623975	4696
5	508.393739	28.769646	4696
6	511.316440	29.024091	4696
7	510.472956	28.510954	4696
8	509.397147	28.492828	4696
9	505.612223	28.356497	4696
10	506.198893	28.122766	4696
11	512.965077	28.742976	4696
12	512.617973	28.799904	4696
13	509.740204	28.757715	4696
14	507.720826	28.770984	4696
15	504.082411	28.560534	4696
16	503.922913	28.560778	4696
17	499.012564	27.904398	4696
18	506.202513	28.213415	4696
19	504.724446	28.331597	4696
20	501.841993	28.198419	4696
21	503.577726	28.271254	4696
22	503.410136	28.161934	4696
23	501.390758	28.011111	4696
24	495.295997	27.461503	4696
25	499.232112	28.074924	4696
26	497.168015	27.770892	4696
27	493.840290	27.752079	4696
28	490.340503	27.430844	4696
29	490.747658	27.554784	4696
30	497.056431	28.114255	4696
31	497.687181	28.314283	4696
32	503.215077	28.611101	4696
33	496.233816	27.721759	4696
34	496.547700	28.152335	4696
35	494.138629	27.828187	4696
36	492.180153	27.436947	4696
37	489.589012	26.799170	4696
38	490.106474	27.024088	4696
39	493.478066	27.425518	4696
40	494.298126	27.413290	4696
41	493.712308	27.396662	4696
42	494.247445	27.300502	4696
43	491.898424	27.459346	4696
44	490.335392	27.420810	4696
45	491.259157	27.527993	4696
46	490.543441	27.645346	4696
47	489.811116	27.539744	4696
48	487.418654	26.828155	4696
49	490.807070	27.340682	4696
50	488.943569	27.390781	4696
51	485.103066	26.876363	4696
52	479.973169	26.649702	4696
53	478.039821	26.349351	4696
54	475.633518	26.294422	4696
55	475.035349	26.304751	4696
56	476.298339	26.225794	4696
57	472.539821	26.297337	4696
58	470.573893	26.118942	4696
59	467.215716	25.695525	4696
60	465.001704	25.327959	4696
61	464.266823	25.643435	4696
62	461.029600	25.442329	4696
63	460.679302	25.558245	4696
64	457.635221	25.483741	4696
65	455.545571	25.454102	4696
66	451.890971	25.242083	4696
67	445.665673	24.826511	4696
68	443.652896	24.884744	4696
69	439.904600	24.920005	4696
70	436.393101	24.886067	4696
71	434.129472	24.737176	4696
72	433.619250	24.541135	4696
73	430.666738	24.522637	4696
74	429.662266	24.555502	4696
75	425.157368	24.072544	4696
76	417.005111	23.507199	4696
77	415.837308	23.128716	4696
78	409.913118	23.146060	4696
79	406.091141	23.092187	4696
80	400.720826	22.962794	4696
81	391.578365	22.475788	4696
82	388.947615	22.439570	4696
83	384.111371	22.182900	4696
84	380.307496	21.922773	4696
85	377.319634	21.904384	4696
86	373.321124	21.982616	4696
87	368.827087	21.655403	4696
88	358.678876	20.235553	4696
89	354.069421	20.593764	4696
90	349.225724	20.163389	4696
91	349.451448	21.008483	4696
92	343.618399	20.632121	4696
93	335.864566	20.381656	4696
94	330.170997	19.814388	4696
95	324.451022	19.569664	4696
96	325.281516	19.866962	4696
97	318.310477	19.367677	4696
98	311.502129	19.080548	4696
99	305.917164	18.853165	4696
100	302.876917	18.841808	4696
101	296.803450	18.258455	4696
102	294.422700	18.322549	4696
103	290.708262	17.999062	4696
104	284.457411	17.811038	4696
105	280.751278	17.728089	4696
106	279.345826	17.656543	4696
107	276.723807	17.485549	4696
108	274.151193	17.504309	4696
109	264.090077	16.872876	4696
110	257.827513	16.547894	4696
111	258.202300	16.847844	4696
112	255.029174	16.746954	4696
113	251.300256	16.287540	4696
114	248.476576	16.337222	4696
115	243.670358	15.932415	4696
116	241.271721	15.841775	4696
117	238.961457	15.533118	4696
118	232.255537	14.995856	4696
119	229.274489	14.991993	4696
120	226.994889	14.985621	4696
121	221.975085	14.552714	4696
122	218.861797	14.445633	4696
123	215.248509	14.263714	4696
124	211.084966	14.148985	4696
125	206.415460	13.997046	4696
126	203.897998	13.985063	4696
127	199.911201	13.664194	4696
128	196.829642	13.448095	4696
129	194.521721	13.220452	4696
130	192.729557	13.345587	4696
131	188.007666	13.144376	4696
132	187.423978	13.183875	4696
133	180.976789	12.612785	4696
134	178.641397	12.461049	4696
135	177.580068	12.521881	4696
136	174.899276	12.557414	4696
137	173.120315	12.625964	4696
138	170.806005	12.519897	4696
139	168.884370	12.391920	4696
140	163.401831	12.031528	4696
141	159.808986	11.581744	4696
142	158.479557	11.946060	4696
143	154.514055	11.742166	4696
144	152.301107	11.746594	4696
145	150.666951	11.597445	4696
146	147.524489	11.558985	4696
147	142.180366	10.819917	4696
148	142.445911	11.040644	4696
149	140.891823	11.047104	4696
150	138.739779	11.216849	4696
151	137.045997	11.134842	4696
152	132.863075	10.533955	4696
153	132.697615	11.048569	4696
154	127.665460	10.609973	4696
155	123.808135	10.137093	4696
156	124.524063	10.344744	4696
157	122.512990	9.919471	4696
158	122.289395	10.056255	4696
159	121.567930	10.395595	4696
160	121.029600	10.475594	4696
161	118.139693	10.324778	4696
162	115.552172	10.128908	4696
163	112.920784	9.775023	4696
164	111.908220	9.877597	4696
165	105.918441	9.093884	4696
166	105.420997	9.330313	4696
167	104.920784	9.492153	4696
168	103.883944	9.447830	4696
169	104.243612	9.599185	4696
170	101.281729	9.522617	4696
171	100.161840	9.523092	4696
172	98.098595	9.249650	4696
173	96.214012	8.975310	4696
174	95.897785	9.111735	4696
175	93.279387	8.921662	4696
176	92.933560	8.745124	4696
177	92.905664	9.035662	4696
178	90.793441	8.872551	4696
179	88.952087	8.632739	4696
180	86.147998	8.232844	4696
181	85.220400	8.226707	4696
182	85.780026	8.568519	4696
183	84.685264	8.548176	4696
184	84.763203	8.697115	4696
185	84.139906	8.667044	4696
186	82.716993	8.358736	4696
187	81.334114	8.149313	4696
188	80.567930	8.074381	4696
189	79.336244	7.882062	4696
190	80.114991	8.319022	4696
191	78.755963	8.460053	4696
192	76.811755	8.318726	4696
193	75.837308	8.219585	4696
194	73.809625	7.979922	4696
195	74.047913	8.207879	4696
196	72.232538	7.662209	4696
197	70.703790	7.657089	4696
198	69.281729	7.183637	4696
199	68.793228	7.083996	4696
200	65.905451	6.442050	4696
201	65.988288	6.646551	4696
202	65.122658	6.544692	4696
203	65.316014	6.808424	4696
204	65.069634	6.924585	4696
205	64.865843	6.930115	4696
206	64.446976	7.193554	4696
207	63.764267	7.178590	4696
208	62.846039	7.319571	4696
209	61.266610	7.035779	4696
210	60.825383	7.241023	4696
211	60.243186	7.253576	4696
212	59.770230	7.351659	4696
213	58.822828	7.278872	4696
214	58.299830	7.171879	4696
215	57.847743	7.182350	4696
216	57.083262	7.047770	4696
217	56.513203	7.074166	4696
218	55.814736	6.964174	4696
219	53.761712	6.319369	4696
220	53.385009	6.546867	4696
221	52.902044	6.726719	4696
222	51.836882	6.780825	4696
223	51.258731	6.802089	4696
224	50.444208	6.642579	4696
225	49.866269	6.691539	4696
226	48.821976	6.418640	4696
227	49.443143	6.997908	4696
228	49.258731	7.173503	4696
229	48.218271	7.143793	4696
230	47.770017	6.974781	4696
231	46.639906	6.800055	4696
232	46.403322	6.735436	4696
233	43.361584	5.475467	4696
234	46.304940	7.027772	4696
235	45.507240	6.893058	4696
236	44.864779	6.891266	4696
237	44.203152	6.769114	4696
238	42.983816	6.369254	4696
239	42.727641	6.614527	4696
240	40.603705	6.385520	4696
241	39.241695	6.364504	4696
242	37.777470	5.678469	4696
243	38.409710	6.048686	4696
244	36.821124	5.611625	4696
245	37.736371	6.125107	4696
246	37.404387	6.293343	4696
247	37.167802	6.283189	4696
248	36.702939	6.307232	4696
249	36.454855	6.278237	4696
250	36.011925	6.253143	4696
251	34.613288	5.717589	4696
252	34.853705	6.086976	4696
253	34.173978	6.013939	4696
254	34.008305	6.112454	4696
255	33.721252	6.165880	4696
256	33.204642	6.093088	4696
257	32.978066	5.957742	4696
258	32.380750	5.972835	4696
259	31.610094	5.929823	4696
260	30.061329	5.197645	4696
261	30.294932	5.534445	4696
262	29.913330	5.574982	4696
263	29.885647	5.692962	4696
264	30.346465	5.902763	4696
265	29.721891	5.640542	4696
266	30.125639	5.896041	4696
267	28.727641	4.922538	4696
268	30.013629	5.894451	4696
269	29.630750	5.937147	4696
270	29.314310	5.749029	4696
271	28.350298	5.293432	4696
272	27.722743	4.919295	4696
273	28.933135	5.764627	4696
274	28.491056	5.716438	4696
275	28.326448	5.717876	4696
276	27.800043	5.714303	4696
277	27.620741	5.626417	4696
278	27.343271	5.776689	4696
279	27.346039	5.750314	4696
280	27.104983	5.755945	4696
281	26.787479	5.668251	4696
282	26.677385	5.505657	4696
283	26.249574	5.508487	4696
284	26.356687	5.377268	4696
285	25.659497	5.012441	4696
286	26.247232	5.406182	4696
287	25.683135	5.139165	4696
288	25.244250	5.192722	4696
289	25.121167	5.123244	4696
290	24.445911	4.876382	4696
291	24.076235	4.660602	4696
292	23.668654	4.570483	4696
293	21.718484	3.912416	4696
294	21.671635	3.912316	4696
295	21.382240	3.915639	4696
296	21.416525	3.946054	4696
297	21.009583	3.911496	4696
298	20.635434	3.710358	4696
299	20.327939	3.657231	4696
300	20.344974	3.793449	4696
301	19.940375	3.651758	4696
302	19.643952	3.394386	4696
303	20.101789	3.740041	4696
304	19.909072	3.772743	4696
305	19.685690	3.707663	4696
306	19.365417	3.560834	4696
307	18.908220	3.448873	4696
308	19.062606	3.500393	4696
309	18.991269	3.496539	4696
310	18.848169	3.498517	4696
311	18.735520	3.420255	4696
312	18.311755	3.346882	4696
313	18.302385	3.317417	4696
314	18.087521	3.296747	4696
315	17.978918	3.284135	4696
316	17.745954	3.080762	4696
317	17.625426	3.031309	4696
318	18.148637	3.214178	4696
319	17.466567	2.925050	4696
320	17.186542	2.917656	4696
321	17.065162	2.838040	4696
322	16.955068	2.829000	4696
323	16.928237	2.855491	4696
324	16.353279	2.629728	4696
325	16.024063	2.581394	4696
326	15.897147	2.608509	4696
327	15.573467	2.540878	4696
328	14.917376	2.363225	4696
329	14.745315	2.366338	4696
330	14.499574	2.355928	4696
331	14.564097	2.404870	4696
332	14.406090	2.381774	4696
333	14.373296	2.362276	4696
334	14.606261	2.390007	4696
335	13.200809	1.784744	4696
336	14.044080	2.147414	4696
337	14.433560	2.405563	4696
338	14.213160	2.510976	4696
339	13.915247	2.502956	4696
340	13.865204	2.497180	4696
341	13.878620	2.522219	4696
342	13.650128	2.551105	4696
343	13.688884	2.582551	4696
344	13.715290	2.579382	4696
345	13.103918	2.448843	4696
346	13.428024	2.549276	4696
347	12.520656	1.955818	4696
348	13.424404	2.498006	4696
349	13.385221	2.599815	4696
350	13.336031	2.597132	4696
351	13.238075	2.588159	4696
352	13.001065	2.494975	4696
353	12.918441	2.488953	4696
354	13.239353	2.613729	4696
355	12.896082	2.509497	4696
356	12.791312	2.416651	4696
357	12.927598	2.528468	4696
358	12.695273	2.534949	4696
359	12.423978	2.475507	4696
360	12.433135	2.417515	4696
361	12.590077	2.585799	4696
362	12.359881	2.515977	4696
363	12.365204	2.565802	4696
364	12.238927	2.550346	4696
365	12.307070	2.549852	4696
366	12.101150	2.468872	4696
367	12.173126	2.489304	4696
368	12.139480	2.465237	4696
369	11.580068	2.384069	4696
370	11.727002	2.461448	4696
371	12.026405	2.556557	4696
372	11.877342	2.465871	4696
373	11.849659	2.558793	4696
374	11.798126	2.556191	4696
375	11.715928	2.556371	4696
376	11.791312	2.590219	4696
377	11.521508	2.547647	4696
378	11.684838	2.565557	4696
379	11.353279	2.505265	4696
380	11.297274	2.499226	4696
381	11.447615	2.563063	4696
382	11.526193	2.564648	4696
383	11.313032	2.502229	4696
384	11.485094	2.584040	4696
385	11.348169	2.571982	4696
386	10.968484	2.497891	4696
387	11.066014	2.516320	4696
388	10.908220	2.372330	4696
389	10.994037	2.535436	4696
390	10.897359	2.510875	4696
391	10.767888	2.457309	4696
392	10.942930	2.539594	4696
393	10.899063	2.522891	4696
394	10.843058	2.511631	4696
395	10.830920	2.544968	4696
396	10.867334	2.547775	4696
397	10.741056	2.496829	4696
398	10.701448	2.522795	4696
399	10.731687	2.545746	4696
400	10.628620	2.514022	4696
401	10.645656	2.540326	4696
402	10.645017	2.525057	4696
403	10.600085	2.540998	4696
404	10.226576	2.453022	4696
405	10.308135	2.510222	4696
406	10.272998	2.511831	4696
407	10.197189	2.501653	4696
408	10.106261	2.465789	4696
409	10.202087	2.480963	4696
410	10.399063	2.558361	4696
411	10.333475	2.548650	4696
412	10.010221	2.337140	4696
413	10.037053	2.500494	4696
414	9.941227	2.502330	4696
415	9.596465	2.235794	4696
416	9.853279	2.385000	4696
417	9.883305	2.459087	4696
418	9.823254	2.450086	4696
419	9.951022	2.511034	4696
420	9.892888	2.517011	4696
421	9.860733	2.502433	4696
422	9.975298	2.525208	4696
423	9.929302	2.500096	4696
424	9.904600	2.488612	4696
425	9.814949	2.510277	4696
426	9.895443	2.537878	4696
427	9.870528	2.532692	4696
428	9.826022	2.528423	4696
429	9.693782	2.504036	4696
430	9.753407	2.507558	4696
431	9.343697	2.388078	4696
432	9.633305	2.475345	4696
433	9.228492	2.225809	4696
434	9.426959	2.404601	4696
435	9.445273	2.448140	4696
436	9.254259	2.397402	4696
437	9.238714	2.429883	4696
438	9.275341	2.463216	4696
439	9.211457	2.417319	4696
440	9.081559	2.439389	4696
441	8.968697	2.397772	4696
442	8.943356	2.375776	4696
443	8.927598	2.374750	4696
444	9.027470	2.436166	4696
445	8.895869	2.409394	4696
446	8.857964	2.409619	4696
447	8.821976	2.420322	4696
448	8.725724	2.420862	4696
449	8.607538	2.409580	4696
450	8.629898	2.406506	4696
451	8.183135	2.309797	4696
452	8.314310	2.344659	4696
453	8.399063	2.345145	4696
454	8.495528	2.339821	4696
455	8.443782	2.311073	4696
456	8.422700	2.280997	4696
457	8.147572	2.111564	4696
458	7.687819	1.848706	4696
459	7.863927	1.996957	4696
460	7.688245	1.911423	4696
461	8.026193	2.178868	4696
462	7.651405	2.036222	4696
463	7.830707	2.096779	4696
464	7.931218	2.088788	4696
465	8.060477	2.207387	4696
466	8.123935	2.304252	4696
467	8.005750	2.294353	4696
468	8.008944	2.275091	4696
469	7.743399	2.121776	4696
470	7.936116	2.301320	4696
471	7.593910	2.100903	4696
472	7.833901	2.219520	4696
473	7.378407	2.029660	4696
474	7.421848	2.130086	4696
475	7.620315	2.097166	4696
476	7.641823	2.126610	4696
477	7.906516	2.324583	4696
478	7.789182	2.275212	4696
479	7.690375	2.268339	4696
480	7.647147	2.285806	4696
481	7.684412	2.281237	4696
482	7.623935	2.285245	4696
483	7.535775	2.278002	4696
484	7.637564	2.296724	4696
485	7.404600	2.228097	4696
486	7.210179	2.120070	4696
487	7.364566	2.169249	4696
488	7.413756	2.222511	4696
489	6.673552	1.715324	4696
490	6.685690	1.703403	4696
491	6.652896	1.708853	4696
492	7.286627	2.207369	4696
493	7.292164	2.239237	4696
494	7.160349	2.213725	4696
495	7.062394	2.236601	4696
496	7.165673	2.246460	4696
497	7.107325	2.254105	4696
498	7.053237	2.252904	4696
499	6.759157	2.027266	4696
500	7.076661	2.221907	4696
501	6.952087	2.169209	4696
502	6.960392	2.143075	4696
503	7.038543	2.214927	4696
504	6.979770	2.190443	4696
505	6.886286	2.182118	4696
506	7.005324	2.215185	4696
507	6.934838	2.186553	4696
508	6.965077	2.216443	4696
509	6.823893	2.188113	4696
510	6.327513	1.887887	4696
511	6.350511	1.851291	4696
512	6.348807	1.819381	4696
513	6.537905	2.012300	4696
514	6.410562	2.010297	4696
515	6.359455	2.069382	4696
516	6.258518	2.090688	4696
517	6.199106	2.069062	4696
518	6.100937	2.038005	4696
519	6.120954	2.092696	4696
520	6.103066	2.092184	4696
521	6.012777	2.083925	4696
522	6.083475	2.097987	4696
523	6.075809	2.091176	4696
524	6.057283	2.097159	4696
525	5.973169	2.048019	4696
526	5.985945	2.059029	4696
527	5.883092	2.053676	4696
528	5.988927	2.088623	4696
529	5.867973	2.080915	4696
530	5.821337	2.076817	4696
531	5.760221	2.000348	4696
532	5.757666	1.968669	4696
533	5.602641	1.895775	4696
534	5.568782	1.814085	4696
535	5.547913	1.806564	4696
536	5.509796	1.782780	4696
537	5.821976	2.043122	4696
538	5.692291	2.013521	4696
539	5.765332	2.048421	4696
540	5.737862	2.051634	4696
541	5.422913	1.978440	4696
542	5.326874	1.963185	4696
543	5.686542	2.046165	4696
544	5.266823	1.958968	4696
545	5.462308	2.008304	4696
546	5.618186	2.048441	4696
547	5.445486	1.900215	4696
548	5.548765	2.022091	4696
549	5.500213	1.957547	4696
550	5.065801	1.620608	4696
551	5.501278	2.026043	4696
552	5.592419	2.042231	4696
553	5.447402	1.997594	4696
554	5.361371	1.972590	4696
555	5.018313	1.900424	4696
556	5.183560	1.925667	4696
557	5.285988	1.941568	4696
558	5.293867	1.913259	4696
559	4.878407	1.739887	4696
560	4.993612	1.838551	4696
561	5.184625	1.868449	4696
562	5.386499	1.953001	4696
563	5.423126	1.986245	4696
564	5.494250	2.011651	4696
565	5.034497	1.756188	4696
566	5.326661	1.935545	4696
567	5.264267	1.880283	4696
568	5.322615	1.911929	4696
569	5.445486	2.011599	4696
570	5.369889	2.004013	4696
571	5.229344	1.975996	4696
572	5.166738	1.958729	4696
573	5.219336	1.942997	4696
574	5.256601	1.965186	4696
575	5.206985	1.939313	4696
576	4.612649	1.507418	4696
577	4.512351	1.489279	4696
578	4.530026	1.486293	4696
579	4.915034	1.861022	4696
580	4.869250	1.855520	4696
581	4.810264	1.799748	4696
582	4.853918	1.878358	4696
583	4.724020	1.833276	4696
584	4.914182	1.905469	4696
585	4.879046	1.861365	4696
586	4.832624	1.840960	4696
587	4.787053	1.815624	4696
588	4.763416	1.827424	4696
589	4.606261	1.739265	4696
590	4.798978	1.875351	4696
591	4.669293	1.813770	4696
592	4.754259	1.882728	4696
593	4.705068	1.889422	4696
594	4.674617	1.859945	4696
595	4.734029	1.897427	4696
596	4.643101	1.880509	4696
597	4.586670	1.868581	4696
598	4.542376	1.859474	4696
599	4.503620	1.852172	4696
600	4.489779	1.858952	4696
601	4.400341	1.858936	4696
602	4.358390	1.821535	4696
603	4.280451	1.770683	4696
604	4.143526	1.710734	4696
605	4.237436	1.804186	4696
606	4.083049	1.606064	4696
607	4.238075	1.700089	4696
608	4.146508	1.621009	4696
609	4.183135	1.661751	4696
610	4.222956	1.761291	4696
611	4.347317	1.837665	4696
612	4.220400	1.735885	4696
613	4.237649	1.743803	4696
614	4.088373	1.696587	4696
615	4.279387	1.774849	4696
616	4.210818	1.725048	4696
617	4.276405	1.774014	4696
618	4.064736	1.606460	4696
619	4.133944	1.671782	4696
620	3.949106	1.590106	4696
621	4.030664	1.675462	4696
622	4.172700	1.725223	4696
623	3.901193	1.517648	4696
624	4.198893	1.789996	4696
625	4.252768	1.820933	4696
626	4.225937	1.795418	4696
627	4.252555	1.831584	4696
628	4.114140	1.728796	4696
629	4.139693	1.804718	4696
630	4.147572	1.810282	4696
631	4.149702	1.807278	4696
632	4.143739	1.813787	4696
633	4.181005	1.817035	4696
634	3.227428	1.088590	4696
635	4.054089	1.784998	4696
636	4.029174	1.732126	4696
637	3.839651	1.587047	4696
638	3.654600	1.461210	4696
639	3.944421	1.721986	4696
640	3.963160	1.728641	4696
641	3.869037	1.743362	4696
642	3.851150	1.732316	4696
643	3.870741	1.723118	4696
644	3.795784	1.703119	4696
645	3.808560	1.712606	4696
646	3.729131	1.707509	4696
647	3.519378	1.672969	4696
648	3.473595	1.654873	4696
649	3.432709	1.597704	4696
650	3.352215	1.529565	4696
651	3.504046	1.681859	4696
652	3.493186	1.681570	4696
653	3.485520	1.672134	4696
654	3.490630	1.671368	4696
655	3.497019	1.677293	4696
656	3.477641	1.671614	4696
657	3.473382	1.650981	4696
658	3.452300	1.655810	4696
659	3.257027	1.469609	4696
660	3.400341	1.659448	4696
661	3.416525	1.660777	4696
662	3.423339	1.662608	4696
663	3.379046	1.648768	4696
664	3.426107	1.663439	4696
665	3.414821	1.653672	4696
666	3.288543	1.622638	4696
667	3.299617	1.576642	4696
668	2.916312	1.291591	4696
669	3.107112	1.392622	4696
670	3.051746	1.338686	4696
671	3.194847	1.472281	4696
672	3.274489	1.545011	4696
673	3.172913	1.451009	4696
674	3.185264	1.497451	4696
675	3.232325	1.532589	4696
676	3.282581	1.590611	4696
677	3.217632	1.517343	4696
678	3.120102	1.446750	4696
679	3.082198	1.402967	4696
680	3.084966	1.432500	4696
681	3.249787	1.569637	4696
682	3.279600	1.589348	4696
683	3.225085	1.540780	4696
684	3.258944	1.603331	4696
685	3.195060	1.563683	4696
686	3.235733	1.601438	4696
687	3.166525	1.557190	4696
688	3.068143	1.466191	4696
689	3.225511	1.590391	4696
690	3.190375	1.553498	4696
691	3.142036	1.535157	4696
692	3.131175	1.522010	4696
693	3.091567	1.500355	4696
694	3.074744	1.509306	4696
695	3.146721	1.585682	4696
696	3.084966	1.562067	4696
697	3.095187	1.587266	4696
698	3.066227	1.582504	4696
699	2.986797	1.502173	4696
700	2.951235	1.569766	4696
701	2.917164	1.561147	4696
702	2.878620	1.560954	4696
703	2.847743	1.559859	4696
704	2.815375	1.547763	4696
705	2.785562	1.538286	4696
706	2.781516	1.535827	4696
707	2.761073	1.526428	4696
708	2.621593	1.397664	4696
709	2.597956	1.361286	4696
710	2.612862	1.391309	4696
711	2.700170	1.505195	4696
712	2.716993	1.516700	4696
713	2.728492	1.526140	4696
714	2.725511	1.526024	4696
715	2.624148	1.454894	4696
716	2.604131	1.473966	4696
717	2.607112	1.489505	4696
718	2.633092	1.485681	4696
719	2.621380	1.465632	4696
720	2.632240	1.493616	4696
721	2.527896	1.481972	4696
722	2.500852	1.474439	4696
723	2.475511	1.457791	4696
724	2.504685	1.493894	4696
725	2.484668	1.515664	4696
726	2.382453	1.422940	4696
727	2.426320	1.478902	4696
728	2.419506	1.483658	4696
729	2.430792	1.497736	4696
730	2.413118	1.466186	4696
731	2.423978	1.476864	4696
732	2.416312	1.468814	4696
733	2.432496	1.486402	4696
734	2.427385	1.483307	4696
735	2.316652	1.390144	4696
736	2.240843	1.312416	4696
737	2.270230	1.388331	4696
738	2.404174	1.469933	4696
739	2.283220	1.396555	4696
740	2.316652	1.467766	4696
741	2.289395	1.454541	4696
742	2.369889	1.467909	4696
743	2.363501	1.471134	4696
744	2.382453	1.477719	4696
745	2.342632	1.436902	4696
746	2.363288	1.462193	4696
747	2.345613	1.437043	4696
748	2.366056	1.466875	4696
749	2.356474	1.463541	4696
750	2.297700	1.420742	4696
751	2.277257	1.435878	4696
752	2.321763	1.451451	4696
753	2.339225	1.450496	4696
754	2.275128	1.399642	4696
755	2.311116	1.450490	4696
756	2.304727	1.429983	4696
757	2.342206	1.454047	4696
758	2.342419	1.454243	4696
759	2.275128	1.392952	4696
760	2.282368	1.445393	4696
761	2.288969	1.435050	4696
762	2.161840	1.303773	4696
763	1.922700	1.074389	4696
764	2.166738	1.311409	4696
765	2.270656	1.408046	4696
766	2.161201	1.317472	4696
767	2.274915	1.423394	4696
768	2.261712	1.413947	4696
769	2.261499	1.417247	4696
770	2.285775	1.425399	4696
771	2.202300	1.359970	4696
772	2.178237	1.329667	4696
773	2.082198	1.253908	4696
774	2.041951	1.212645	4696
775	2.099872	1.259241	4696
776	1.902257	1.085805	4696
777	2.104131	1.270496	4696
778	2.185051	1.348122	4696
779	2.120315	1.359330	4696
780	2.183135	1.360379	4696
781	2.200596	1.368398	4696
782	2.202087	1.367839	4696
783	2.187819	1.368470	4696
784	2.075809	1.303046	4696
785	2.018952	1.291058	4696
786	2.096039	1.291881	4696
787	2.131814	1.314539	4696
788	2.132879	1.319716	4696
789	2.118399	1.313254	4696
790	2.100085	1.290834	4696
791	1.969974	1.159824	4696
792	1.997232	1.184386	4696
793	2.127129	1.316121	4696
794	2.126704	1.313935	4696
795	2.117334	1.314309	4696
796	2.104131	1.296929	4696
797	2.107325	1.305885	4696
798	2.104557	1.310058	4696
799	2.093271	1.293897	4696
800	2.107325	1.313573	4696
801	2.095613	1.309190	4696
802	2.048765	1.278132	4696
803	2.037905	1.278288	4696
804	2.008731	1.246844	4696
805	1.981048	1.241627	4696
806	1.957411	1.215974	4696
807	1.811755	1.071159	4696
808	1.868186	1.125184	4696
809	1.824744	1.102784	4696
810	1.792164	1.076529	4696
811	1.790673	1.062697	4696
812	1.811116	1.074436	4696
813	1.780026	1.047669	4696
814	1.515332	0.808598	4696
815	1.529387	0.805970	4696
816	1.351150	0.623606	4696
817	0.942078	0.298549	4696
818	0.849233	0.261454	4696
819	0.786627	0.248232	4696
820	0.789821	0.247694	4696
821	0.761925	0.235136	4696
822	0.757666	0.245947	4696
823	0.751491	0.243189	4696
824	0.754259	0.245399	4696
825	0.738075	0.231324	4696
826	0.733177	0.236977	4696
827	0.705281	0.213298	4696
828	0.745315	0.245172	4696
829	0.729983	0.243184	4696
830	0.732325	0.244838	4696
831	0.733603	0.244811	4696
832	0.730409	0.243108	4696
833	0.724020	0.241870	4696
834	0.706346	0.239951	4696
835	0.702087	0.238227	4696
836	0.686116	0.236473	4696
837	0.688032	0.235297	4696
838	0.686968	0.235082	4696
839	0.642249	0.218024	4696
840	0.658646	0.235133	4696
841	0.656942	0.234912	4696
842	0.637138	0.232838	4696
843	0.643101	0.234976	4696
844	0.651405	0.236116	4696
845	0.657581	0.236657	4696
846	0.633518	0.218179	4696
847	0.643952	0.234294	4696
848	0.642675	0.234589	4696
849	0.624361	0.231203	4696
850	0.630750	0.233712	4696
851	0.626491	0.233091	4696
852	0.603705	0.226161	4696
853	0.610945	0.226712	4696
854	0.609881	0.227002	4696
855	0.615843	0.229698	4696
856	0.612436	0.220096	4696
857	0.618612	0.227542	4696
858	0.613288	0.226588	4696
859	0.609242	0.228525	4696
860	0.583475	0.215126	4696
861	0.563671	0.196526	4696
862	0.582836	0.210255	4696
863	0.572615	0.205313	4696
864	0.590077	0.223817	4696
865	0.587095	0.218486	4696
866	0.587308	0.224904	4696
867	0.584540	0.224812	4696
868	0.597104	0.227325	4696
869	0.574532	0.210634	4696
870	0.589225	0.227586	4696
871	0.584540	0.221074	4696
872	0.589225	0.228047	4696
873	0.579429	0.224899	4696
874	0.566014	0.209508	4696
875	0.564097	0.207227	4696
876	0.560051	0.205908	4696
877	0.573680	0.222144	4696
878	0.583262	0.226263	4696
879	0.577939	0.222938	4696
880	0.579003	0.221079	4696
881	0.574319	0.220119	4696
882	0.579003	0.224544	4696
883	0.573254	0.220738	4696
884	0.579429	0.224767	4696
885	0.576448	0.225008	4696
886	0.569421	0.224193	4696
887	0.568143	0.221782	4696
888	0.573041	0.224796	4696
889	0.562819	0.221330	4696
890	0.561755	0.215283	4696
891	0.567504	0.222983	4696
892	0.554940	0.217798	4696
893	0.560051	0.221926	4696
894	0.565801	0.222781	4696
895	0.564736	0.222749	4696
896	0.544080	0.203308	4696
897	0.564736	0.221410	4696
898	0.559625	0.218240	4696
899	0.561116	0.221100	4696
900	0.561755	0.221283	4696
901	0.538543	0.206874	4696
902	0.554940	0.219595	4696
903	0.566227	0.222852	4696
904	0.552598	0.220014	4696
905	0.540886	0.216315	4696
906	0.540673	0.217537	4696
907	0.530451	0.215995	4696
908	0.531729	0.216430	4696
909	0.544293	0.218145	4696
910	0.537053	0.214622	4696
911	0.533433	0.211859	4696
912	0.534497	0.212161	4696
913	0.537053	0.213686	4696
914	0.529174	0.207501	4696
915	0.529813	0.208173	4696
916	0.512564	0.205657	4696
917	0.454429	0.147861	4696
918	0.506601	0.194191	4696
919	0.492973	0.185516	4696
920	0.486584	0.180700	4696
921	0.491482	0.180020	4696
922	0.513203	0.201661	4696
923	0.507453	0.193896	4696
924	0.485945	0.187085	4696
925	0.497232	0.192763	4696
926	0.497445	0.185222	4696
927	0.506814	0.194687	4696
928	0.510647	0.196599	4696
929	0.508092	0.196587	4696
930	0.509796	0.196623	4696
931	0.510434	0.192722	4696
932	0.498935	0.192775	4696
933	0.490630	0.184441	4696
934	0.487223	0.178567	4696
935	0.487223	0.177430	4696
936	0.477215	0.170902	4696
937	0.459327	0.158123	4696
938	0.463160	0.158677	4696
939	0.455494	0.156673	4696
940	0.454216	0.156319	4696
941	0.446976	0.153226	4696
942	0.355835	0.092506	4696
943	0.351150	0.090320	4696
944	0.352002	0.090942	4696
945	0.341141	0.087002	4696
946	0.341141	0.087907	4696
947	0.329003	0.085368	4696
948	0.326022	0.085009	4696
949	0.316865	0.084144	4696
950	0.317504	0.083538	4696
951	0.320060	0.084218	4696
952	0.315801	0.081403	4696
953	0.312606	0.078542	4696
954	0.317930	0.082573	4696
955	0.312181	0.081986	4696
956	0.309838	0.078945	4696
957	0.305366	0.076198	4696
958	0.301107	0.075372	4696
959	0.306005	0.076757	4696
960	0.279387	0.061977	4696
961	0.304940	0.075119	4696
962	0.308560	0.078734	4696
963	0.306431	0.077985	4696
964	0.303450	0.075531	4696
965	0.295145	0.072989	4696
966	0.292589	0.072390	4696
967	0.294932	0.073256	4696
968	0.292802	0.073414	4696
969	0.287905	0.072015	4696
970	0.285775	0.069902	4696
971	0.286840	0.069271	4696
972	0.283433	0.066525	4696
973	0.281303	0.065508	4696
974	0.258305	0.058135	4696
975	0.242760	0.055453	4696
976	0.241695	0.055276	4696
977	0.241908	0.055092	4696
978	0.241482	0.055664	4696
979	0.243825	0.056000	4696
980	0.232751	0.053822	4696
981	0.234029	0.052165	4696
982	0.239991	0.054631	4696
983	0.239566	0.055765	4696
984	0.242334	0.056072	4696
985	0.243825	0.056864	4696
986	0.239140	0.056317	4696
987	0.242334	0.056423	4696
988	0.242547	0.056118	4696
989	0.236158	0.053452	4696
990	0.242334	0.055860	4696
991	0.243186	0.055957	4696
992	0.238288	0.054988	4696
993	0.232751	0.053977	4696
994	0.222956	0.050699	4696
995	0.235094	0.053827	4696
996	0.233816	0.053597	4696
997	0.228279	0.053368	4696
998	0.224446	0.049589	4696
999	0.222743	0.048354	4696
